ISO-10303-21;
HEADER;
FILE_DESCRIPTION(('KiCad electronic assembly'),'2;1');
FILE_NAME('FOC_driver_board.step','2024-11-24T11:45:20',('Pcbnew'),(
    'Kicad'),'Open CASCADE STEP processor 7.8','KiCad to STEP converter'
  ,'Unknown');
FILE_SCHEMA(('AUTOMOTIVE_DESIGN { 1 0 10303 214 1 1 1 1 }'));
ENDSEC;
DATA;
#1 = APPLICATION_PROTOCOL_DEFINITION('international standard',
  'automotive_design',2000,#2);
#2 = APPLICATION_CONTEXT(
  'core data for automotive mechanical design processes');
#3 = SHAPE_DEFINITION_REPRESENTATION(#4,#10);
#4 = PRODUCT_DEFINITION_SHAPE('','',#5);
#5 = PRODUCT_DEFINITION('design','',#6,#9);
#6 = PRODUCT_DEFINITION_FORMATION('','',#7);
#7 = PRODUCT('FOC_driver_board 1','FOC_driver_board 1','',(#8));
#8 = PRODUCT_CONTEXT('',#2,'mechanical');
#9 = PRODUCT_DEFINITION_CONTEXT('part definition',#2,'design');
#10 = SHAPE_REPRESENTATION('',(#11,#15,#19,#23,#27,#31,#35,#39,#43,#47,
    #51),#55);
#11 = AXIS2_PLACEMENT_3D('',#12,#13,#14);
#12 = CARTESIAN_POINT('',(0.,0.,0.));
#13 = DIRECTION('',(0.,0.,1.));
#14 = DIRECTION('',(1.,0.,-0.));
#15 = AXIS2_PLACEMENT_3D('',#16,#17,#18);
#16 = CARTESIAN_POINT('',(187.40988,-85.79012,1.65));
#17 = DIRECTION('',(0.,-0.,1.));
#18 = DIRECTION('',(0.707106781187,0.707106781187,0.));
#19 = AXIS2_PLACEMENT_3D('',#20,#21,#22);
#20 = CARTESIAN_POINT('',(205.4,-91.5375,1.65));
#21 = DIRECTION('',(0.,-0.,1.));
#22 = DIRECTION('',(1.110223024625E-16,1.,0.));
#23 = AXIS2_PLACEMENT_3D('',#24,#25,#26);
#24 = CARTESIAN_POINT('',(207.3,-91.5375,1.65));
#25 = DIRECTION('',(0.,-0.,1.));
#26 = DIRECTION('',(1.110223024625E-16,1.,0.));
#27 = AXIS2_PLACEMENT_3D('',#28,#29,#30);
#28 = CARTESIAN_POINT('',(209.3,-91.5375,1.65));
#29 = DIRECTION('',(0.,-0.,1.));
#30 = DIRECTION('',(1.110223024625E-16,1.,0.));
#31 = AXIS2_PLACEMENT_3D('',#32,#33,#34);
#32 = CARTESIAN_POINT('',(198.9,-99.6,1.65));
#33 = DIRECTION('',(0.,-0.,1.));
#34 = DIRECTION('',(1.110223024625E-16,1.,0.));
#35 = AXIS2_PLACEMENT_3D('',#36,#37,#38);
#36 = CARTESIAN_POINT('',(193.2,-97.3375,1.65));
#37 = DIRECTION('',(-0.,0.,1.));
#38 = DIRECTION('',(1.110223024625E-16,-1.,0.));
#39 = AXIS2_PLACEMENT_3D('',#40,#41,#42);
#40 = CARTESIAN_POINT('',(183.90988,-89.19012,1.65));
#41 = DIRECTION('',(0.,-0.,1.));
#42 = DIRECTION('',(0.707106781187,0.707106781187,0.));
#43 = AXIS2_PLACEMENT_3D('',#44,#45,#46);
#44 = CARTESIAN_POINT('',(193.2,-102.,1.65));
#45 = DIRECTION('',(-0.,0.,1.));
#46 = DIRECTION('',(1.110223024625E-16,-1.,0.));
#47 = AXIS2_PLACEMENT_3D('',#48,#49,#50);
#48 = CARTESIAN_POINT('',(213.5,-85.,-5.E-02));
#49 = DIRECTION('',(-8.659560562355E-17,-8.659560562355E-17,-1.));
#50 = DIRECTION('',(0.707106781187,-0.707106781187,0.));
#51 = AXIS2_PLACEMENT_3D('',#52,#53,#54);
#52 = CARTESIAN_POINT('',(0.,0.,0.));
#53 = DIRECTION('',(0.,0.,1.));
#54 = DIRECTION('',(1.,0.,-0.));
#55 = ( GEOMETRIC_REPRESENTATION_CONTEXT(3) 
GLOBAL_UNCERTAINTY_ASSIGNED_CONTEXT((#59)) GLOBAL_UNIT_ASSIGNED_CONTEXT(
(#56,#57,#58)) REPRESENTATION_CONTEXT('Context #1',
  '3D Context with UNIT and UNCERTAINTY') );
#56 = ( LENGTH_UNIT() NAMED_UNIT(*) SI_UNIT(.MILLI.,.METRE.) );
#57 = ( NAMED_UNIT(*) PLANE_ANGLE_UNIT() SI_UNIT($,.RADIAN.) );
#58 = ( NAMED_UNIT(*) SI_UNIT($,.STERADIAN.) SOLID_ANGLE_UNIT() );
#59 = UNCERTAINTY_MEASURE_WITH_UNIT(LENGTH_MEASURE(1.E-07),#56,
  'distance_accuracy_value','confusion accuracy');
#60 = PRODUCT_RELATED_PRODUCT_CATEGORY('part',$,(#7));
#61 = SHAPE_DEFINITION_REPRESENTATION(#62,#68);
#62 = PRODUCT_DEFINITION_SHAPE('','',#63);
#63 = PRODUCT_DEFINITION('design','',#64,#67);
#64 = PRODUCT_DEFINITION_FORMATION('','',#65);
#65 = PRODUCT('C_0603_1608Metric','C_0603_1608Metric','',(#66));
#66 = PRODUCT_CONTEXT('',#2,'mechanical');
#67 = PRODUCT_DEFINITION_CONTEXT('part definition',#2,'design');
#68 = SHAPE_REPRESENTATION('',(#11,#69),#73);
#69 = AXIS2_PLACEMENT_3D('',#70,#71,#72);
#70 = CARTESIAN_POINT('',(0.,0.,0.));
#71 = DIRECTION('',(0.,0.,1.));
#72 = DIRECTION('',(1.,0.,-0.));
#73 = ( GEOMETRIC_REPRESENTATION_CONTEXT(3) 
GLOBAL_UNCERTAINTY_ASSIGNED_CONTEXT((#77)) GLOBAL_UNIT_ASSIGNED_CONTEXT(
(#74,#75,#76)) REPRESENTATION_CONTEXT('Context #1',
  '3D Context with UNIT and UNCERTAINTY') );
#74 = ( LENGTH_UNIT() NAMED_UNIT(*) SI_UNIT(.MILLI.,.METRE.) );
#75 = ( NAMED_UNIT(*) PLANE_ANGLE_UNIT() SI_UNIT($,.RADIAN.) );
#76 = ( NAMED_UNIT(*) SI_UNIT($,.STERADIAN.) SOLID_ANGLE_UNIT() );
#77 = UNCERTAINTY_MEASURE_WITH_UNIT(LENGTH_MEASURE(1.E-07),#74,
  'distance_accuracy_value','confusion accuracy');
#78 = CONTEXT_DEPENDENT_SHAPE_REPRESENTATION(#79,#81);
#79 = ( REPRESENTATION_RELATIONSHIP('','',#68,#10) 
REPRESENTATION_RELATIONSHIP_WITH_TRANSFORMATION(#80) 
SHAPE_REPRESENTATION_RELATIONSHIP() );
#80 = ITEM_DEFINED_TRANSFORMATION('','',#11,#15);
#81 = PRODUCT_DEFINITION_SHAPE('Placement','Placement of an item',#82);
#82 = NEXT_ASSEMBLY_USAGE_OCCURRENCE('2','R4','',#5,#63,$);
#83 = PRODUCT_RELATED_PRODUCT_CATEGORY('part',$,(#65));
#84 = SHAPE_DEFINITION_REPRESENTATION(#85,#91);
#85 = PRODUCT_DEFINITION_SHAPE('','',#86);
#86 = PRODUCT_DEFINITION('design','',#87,#90);
#87 = PRODUCT_DEFINITION_FORMATION('','',#88);
#88 = PRODUCT('C_0603_1608Metric','C_0603_1608Metric','',(#89));
#89 = PRODUCT_CONTEXT('',#2,'mechanical');
#90 = PRODUCT_DEFINITION_CONTEXT('part definition',#2,'design');
#91 = ADVANCED_BREP_SHAPE_REPRESENTATION('',(#11,#92),#946);
#92 = MANIFOLD_SOLID_BREP('',#93);
#93 = CLOSED_SHELL('',(#94,#170,#201,#226,#251,#275,#299,#324,#349,#366,
    #452,#484,#508,#533,#557,#582,#606,#631,#648,#734,#765,#790,#815,
    #839,#863,#888,#913,#930));
#94 = ADVANCED_FACE('',(#95),#165,.F.);
#95 = FACE_BOUND('',#96,.F.);
#96 = EDGE_LOOP('',(#97,#107,#116,#124,#133,#141,#150,#158));
#97 = ORIENTED_EDGE('',*,*,#98,.F.);
#98 = EDGE_CURVE('',#99,#101,#103,.T.);
#99 = VERTEX_POINT('',#100);
#100 = CARTESIAN_POINT('',(-0.8,-0.4,3.E-02));
#101 = VERTEX_POINT('',#102);
#102 = CARTESIAN_POINT('',(-0.8,-0.4,0.77));
#103 = LINE('',#104,#105);
#104 = CARTESIAN_POINT('',(-0.8,-0.4,0.));
#105 = VECTOR('',#106,1.);
#106 = DIRECTION('',(0.,0.,1.));
#107 = ORIENTED_EDGE('',*,*,#108,.T.);
#108 = EDGE_CURVE('',#99,#109,#111,.T.);
#109 = VERTEX_POINT('',#110);
#110 = CARTESIAN_POINT('',(-0.8,-0.37,0.));
#111 = CIRCLE('',#112,3.E-02);
#112 = AXIS2_PLACEMENT_3D('',#113,#114,#115);
#113 = CARTESIAN_POINT('',(-0.8,-0.37,3.E-02));
#114 = DIRECTION('',(1.,0.,-0.));
#115 = DIRECTION('',(0.,0.,1.));
#116 = ORIENTED_EDGE('',*,*,#117,.T.);
#117 = EDGE_CURVE('',#109,#118,#120,.T.);
#118 = VERTEX_POINT('',#119);
#119 = CARTESIAN_POINT('',(-0.8,0.37,0.));
#120 = LINE('',#121,#122);
#121 = CARTESIAN_POINT('',(-0.8,-0.4,0.));
#122 = VECTOR('',#123,1.);
#123 = DIRECTION('',(0.,1.,0.));
#124 = ORIENTED_EDGE('',*,*,#125,.F.);
#125 = EDGE_CURVE('',#126,#118,#128,.T.);
#126 = VERTEX_POINT('',#127);
#127 = CARTESIAN_POINT('',(-0.8,0.4,3.E-02));
#128 = CIRCLE('',#129,3.E-02);
#129 = AXIS2_PLACEMENT_3D('',#130,#131,#132);
#130 = CARTESIAN_POINT('',(-0.8,0.37,3.E-02));
#131 = DIRECTION('',(-1.,0.,0.));
#132 = DIRECTION('',(0.,0.,1.));
#133 = ORIENTED_EDGE('',*,*,#134,.T.);
#134 = EDGE_CURVE('',#126,#135,#137,.T.);
#135 = VERTEX_POINT('',#136);
#136 = CARTESIAN_POINT('',(-0.8,0.4,0.77));
#137 = LINE('',#138,#139);
#138 = CARTESIAN_POINT('',(-0.8,0.4,0.));
#139 = VECTOR('',#140,1.);
#140 = DIRECTION('',(0.,0.,1.));
#141 = ORIENTED_EDGE('',*,*,#142,.T.);
#142 = EDGE_CURVE('',#135,#143,#145,.T.);
#143 = VERTEX_POINT('',#144);
#144 = CARTESIAN_POINT('',(-0.8,0.37,0.8));
#145 = CIRCLE('',#146,3.E-02);
#146 = AXIS2_PLACEMENT_3D('',#147,#148,#149);
#147 = CARTESIAN_POINT('',(-0.8,0.37,0.77));
#148 = DIRECTION('',(1.,0.,-0.));
#149 = DIRECTION('',(0.,0.,1.));
#150 = ORIENTED_EDGE('',*,*,#151,.F.);
#151 = EDGE_CURVE('',#152,#143,#154,.T.);
#152 = VERTEX_POINT('',#153);
#153 = CARTESIAN_POINT('',(-0.8,-0.37,0.8));
#154 = LINE('',#155,#156);
#155 = CARTESIAN_POINT('',(-0.8,-0.4,0.8));
#156 = VECTOR('',#157,1.);
#157 = DIRECTION('',(0.,1.,0.));
#158 = ORIENTED_EDGE('',*,*,#159,.F.);
#159 = EDGE_CURVE('',#101,#152,#160,.T.);
#160 = CIRCLE('',#161,3.E-02);
#161 = AXIS2_PLACEMENT_3D('',#162,#163,#164);
#162 = CARTESIAN_POINT('',(-0.8,-0.37,0.77));
#163 = DIRECTION('',(-1.,0.,0.));
#164 = DIRECTION('',(0.,0.,1.));
#165 = PLANE('',#166);
#166 = AXIS2_PLACEMENT_3D('',#167,#168,#169);
#167 = CARTESIAN_POINT('',(-0.8,-0.4,0.));
#168 = DIRECTION('',(1.,0.,0.));
#169 = DIRECTION('',(0.,0.,1.));
#170 = ADVANCED_FACE('',(#171),#196,.F.);
#171 = FACE_BOUND('',#172,.F.);
#172 = EDGE_LOOP('',(#173,#183,#189,#190));
#173 = ORIENTED_EDGE('',*,*,#174,.F.);
#174 = EDGE_CURVE('',#175,#177,#179,.T.);
#175 = VERTEX_POINT('',#176);
#176 = CARTESIAN_POINT('',(-0.5,-0.4,3.E-02));
#177 = VERTEX_POINT('',#178);
#178 = CARTESIAN_POINT('',(-0.5,-0.4,0.77));
#179 = LINE('',#180,#181);
#180 = CARTESIAN_POINT('',(-0.5,-0.4,0.));
#181 = VECTOR('',#182,1.);
#182 = DIRECTION('',(0.,0.,1.));
#183 = ORIENTED_EDGE('',*,*,#184,.F.);
#184 = EDGE_CURVE('',#99,#175,#185,.T.);
#185 = LINE('',#186,#187);
#186 = CARTESIAN_POINT('',(-0.8,-0.4,3.E-02));
#187 = VECTOR('',#188,1.);
#188 = DIRECTION('',(1.,0.,0.));
#189 = ORIENTED_EDGE('',*,*,#98,.T.);
#190 = ORIENTED_EDGE('',*,*,#191,.T.);
#191 = EDGE_CURVE('',#101,#177,#192,.T.);
#192 = LINE('',#193,#194);
#193 = CARTESIAN_POINT('',(-0.8,-0.4,0.77));
#194 = VECTOR('',#195,1.);
#195 = DIRECTION('',(1.,0.,0.));
#196 = PLANE('',#197);
#197 = AXIS2_PLACEMENT_3D('',#198,#199,#200);
#198 = CARTESIAN_POINT('',(-0.8,-0.4,0.));
#199 = DIRECTION('',(0.,1.,0.));
#200 = DIRECTION('',(0.,-0.,1.));
#201 = ADVANCED_FACE('',(#202),#221,.T.);
#202 = FACE_BOUND('',#203,.T.);
#203 = EDGE_LOOP('',(#204,#205,#213,#220));
#204 = ORIENTED_EDGE('',*,*,#108,.T.);
#205 = ORIENTED_EDGE('',*,*,#206,.T.);
#206 = EDGE_CURVE('',#109,#207,#209,.T.);
#207 = VERTEX_POINT('',#208);
#208 = CARTESIAN_POINT('',(-0.5,-0.37,0.));
#209 = LINE('',#210,#211);
#210 = CARTESIAN_POINT('',(-0.8,-0.37,0.));
#211 = VECTOR('',#212,1.);
#212 = DIRECTION('',(1.,0.,0.));
#213 = ORIENTED_EDGE('',*,*,#214,.F.);
#214 = EDGE_CURVE('',#175,#207,#215,.T.);
#215 = CIRCLE('',#216,3.E-02);
#216 = AXIS2_PLACEMENT_3D('',#217,#218,#219);
#217 = CARTESIAN_POINT('',(-0.5,-0.37,3.E-02));
#218 = DIRECTION('',(1.,0.,-0.));
#219 = DIRECTION('',(0.,0.,1.));
#220 = ORIENTED_EDGE('',*,*,#184,.F.);
#221 = CYLINDRICAL_SURFACE('',#222,3.E-02);
#222 = AXIS2_PLACEMENT_3D('',#223,#224,#225);
#223 = CARTESIAN_POINT('',(-0.8,-0.37,3.E-02));
#224 = DIRECTION('',(1.,0.,0.));
#225 = DIRECTION('',(0.,-1.,0.));
#226 = ADVANCED_FACE('',(#227),#246,.T.);
#227 = FACE_BOUND('',#228,.T.);
#228 = EDGE_LOOP('',(#229,#230,#239,#245));
#229 = ORIENTED_EDGE('',*,*,#191,.T.);
#230 = ORIENTED_EDGE('',*,*,#231,.T.);
#231 = EDGE_CURVE('',#177,#232,#234,.T.);
#232 = VERTEX_POINT('',#233);
#233 = CARTESIAN_POINT('',(-0.5,-0.37,0.8));
#234 = CIRCLE('',#235,3.E-02);
#235 = AXIS2_PLACEMENT_3D('',#236,#237,#238);
#236 = CARTESIAN_POINT('',(-0.5,-0.37,0.77));
#237 = DIRECTION('',(-1.,0.,0.));
#238 = DIRECTION('',(0.,0.,1.));
#239 = ORIENTED_EDGE('',*,*,#240,.F.);
#240 = EDGE_CURVE('',#152,#232,#241,.T.);
#241 = LINE('',#242,#243);
#242 = CARTESIAN_POINT('',(-0.8,-0.37,0.8));
#243 = VECTOR('',#244,1.);
#244 = DIRECTION('',(1.,0.,0.));
#245 = ORIENTED_EDGE('',*,*,#159,.F.);
#246 = CYLINDRICAL_SURFACE('',#247,3.E-02);
#247 = AXIS2_PLACEMENT_3D('',#248,#249,#250);
#248 = CARTESIAN_POINT('',(-0.8,-0.37,0.77));
#249 = DIRECTION('',(1.,0.,0.));
#250 = DIRECTION('',(0.,-1.,0.));
#251 = ADVANCED_FACE('',(#252),#270,.F.);
#252 = FACE_BOUND('',#253,.F.);
#253 = EDGE_LOOP('',(#254,#255,#256,#264));
#254 = ORIENTED_EDGE('',*,*,#117,.F.);
#255 = ORIENTED_EDGE('',*,*,#206,.T.);
#256 = ORIENTED_EDGE('',*,*,#257,.T.);
#257 = EDGE_CURVE('',#207,#258,#260,.T.);
#258 = VERTEX_POINT('',#259);
#259 = CARTESIAN_POINT('',(-0.5,0.37,0.));
#260 = LINE('',#261,#262);
#261 = CARTESIAN_POINT('',(-0.5,-0.4,0.));
#262 = VECTOR('',#263,1.);
#263 = DIRECTION('',(0.,1.,0.));
#264 = ORIENTED_EDGE('',*,*,#265,.F.);
#265 = EDGE_CURVE('',#118,#258,#266,.T.);
#266 = LINE('',#267,#268);
#267 = CARTESIAN_POINT('',(-0.8,0.37,0.));
#268 = VECTOR('',#269,1.);
#269 = DIRECTION('',(1.,0.,0.));
#270 = PLANE('',#271);
#271 = AXIS2_PLACEMENT_3D('',#272,#273,#274);
#272 = CARTESIAN_POINT('',(-0.8,-0.4,0.));
#273 = DIRECTION('',(0.,0.,1.));
#274 = DIRECTION('',(1.,0.,-0.));
#275 = ADVANCED_FACE('',(#276),#294,.T.);
#276 = FACE_BOUND('',#277,.T.);
#277 = EDGE_LOOP('',(#278,#279,#280,#288));
#278 = ORIENTED_EDGE('',*,*,#151,.F.);
#279 = ORIENTED_EDGE('',*,*,#240,.T.);
#280 = ORIENTED_EDGE('',*,*,#281,.T.);
#281 = EDGE_CURVE('',#232,#282,#284,.T.);
#282 = VERTEX_POINT('',#283);
#283 = CARTESIAN_POINT('',(-0.5,0.37,0.8));
#284 = LINE('',#285,#286);
#285 = CARTESIAN_POINT('',(-0.5,-0.4,0.8));
#286 = VECTOR('',#287,1.);
#287 = DIRECTION('',(0.,1.,0.));
#288 = ORIENTED_EDGE('',*,*,#289,.F.);
#289 = EDGE_CURVE('',#143,#282,#290,.T.);
#290 = LINE('',#291,#292);
#291 = CARTESIAN_POINT('',(-0.8,0.37,0.8));
#292 = VECTOR('',#293,1.);
#293 = DIRECTION('',(1.,0.,0.));
#294 = PLANE('',#295);
#295 = AXIS2_PLACEMENT_3D('',#296,#297,#298);
#296 = CARTESIAN_POINT('',(-0.8,-0.4,0.8));
#297 = DIRECTION('',(0.,0.,1.));
#298 = DIRECTION('',(1.,0.,-0.));
#299 = ADVANCED_FACE('',(#300),#319,.T.);
#300 = FACE_BOUND('',#301,.T.);
#301 = EDGE_LOOP('',(#302,#310,#317,#318));
#302 = ORIENTED_EDGE('',*,*,#303,.T.);
#303 = EDGE_CURVE('',#126,#304,#306,.T.);
#304 = VERTEX_POINT('',#305);
#305 = CARTESIAN_POINT('',(-0.5,0.4,3.E-02));
#306 = LINE('',#307,#308);
#307 = CARTESIAN_POINT('',(-0.8,0.4,3.E-02));
#308 = VECTOR('',#309,1.);
#309 = DIRECTION('',(1.,0.,0.));
#310 = ORIENTED_EDGE('',*,*,#311,.T.);
#311 = EDGE_CURVE('',#304,#258,#312,.T.);
#312 = CIRCLE('',#313,3.E-02);
#313 = AXIS2_PLACEMENT_3D('',#314,#315,#316);
#314 = CARTESIAN_POINT('',(-0.5,0.37,3.E-02));
#315 = DIRECTION('',(-1.,0.,0.));
#316 = DIRECTION('',(0.,0.,1.));
#317 = ORIENTED_EDGE('',*,*,#265,.F.);
#318 = ORIENTED_EDGE('',*,*,#125,.F.);
#319 = CYLINDRICAL_SURFACE('',#320,3.E-02);
#320 = AXIS2_PLACEMENT_3D('',#321,#322,#323);
#321 = CARTESIAN_POINT('',(-0.8,0.37,3.E-02));
#322 = DIRECTION('',(1.,0.,0.));
#323 = DIRECTION('',(-0.,1.,0.));
#324 = ADVANCED_FACE('',(#325),#344,.T.);
#325 = FACE_BOUND('',#326,.T.);
#326 = EDGE_LOOP('',(#327,#328,#329,#338));
#327 = ORIENTED_EDGE('',*,*,#142,.T.);
#328 = ORIENTED_EDGE('',*,*,#289,.T.);
#329 = ORIENTED_EDGE('',*,*,#330,.F.);
#330 = EDGE_CURVE('',#331,#282,#333,.T.);
#331 = VERTEX_POINT('',#332);
#332 = CARTESIAN_POINT('',(-0.5,0.4,0.77));
#333 = CIRCLE('',#334,3.E-02);
#334 = AXIS2_PLACEMENT_3D('',#335,#336,#337);
#335 = CARTESIAN_POINT('',(-0.5,0.37,0.77));
#336 = DIRECTION('',(1.,0.,-0.));
#337 = DIRECTION('',(0.,0.,1.));
#338 = ORIENTED_EDGE('',*,*,#339,.F.);
#339 = EDGE_CURVE('',#135,#331,#340,.T.);
#340 = LINE('',#341,#342);
#341 = CARTESIAN_POINT('',(-0.8,0.4,0.77));
#342 = VECTOR('',#343,1.);
#343 = DIRECTION('',(1.,0.,0.));
#344 = CYLINDRICAL_SURFACE('',#345,3.E-02);
#345 = AXIS2_PLACEMENT_3D('',#346,#347,#348);
#346 = CARTESIAN_POINT('',(-0.8,0.37,0.77));
#347 = DIRECTION('',(1.,0.,0.));
#348 = DIRECTION('',(-0.,1.,0.));
#349 = ADVANCED_FACE('',(#350),#361,.T.);
#350 = FACE_BOUND('',#351,.T.);
#351 = EDGE_LOOP('',(#352,#358,#359,#360));
#352 = ORIENTED_EDGE('',*,*,#353,.F.);
#353 = EDGE_CURVE('',#304,#331,#354,.T.);
#354 = LINE('',#355,#356);
#355 = CARTESIAN_POINT('',(-0.5,0.4,0.));
#356 = VECTOR('',#357,1.);
#357 = DIRECTION('',(0.,0.,1.));
#358 = ORIENTED_EDGE('',*,*,#303,.F.);
#359 = ORIENTED_EDGE('',*,*,#134,.T.);
#360 = ORIENTED_EDGE('',*,*,#339,.T.);
#361 = PLANE('',#362);
#362 = AXIS2_PLACEMENT_3D('',#363,#364,#365);
#363 = CARTESIAN_POINT('',(-0.8,0.4,0.));
#364 = DIRECTION('',(0.,1.,0.));
#365 = DIRECTION('',(0.,-0.,1.));
#366 = ADVANCED_FACE('',(#367,#377),#447,.T.);
#367 = FACE_BOUND('',#368,.T.);
#368 = EDGE_LOOP('',(#369,#370,#371,#372,#373,#374,#375,#376));
#369 = ORIENTED_EDGE('',*,*,#174,.F.);
#370 = ORIENTED_EDGE('',*,*,#214,.T.);
#371 = ORIENTED_EDGE('',*,*,#257,.T.);
#372 = ORIENTED_EDGE('',*,*,#311,.F.);
#373 = ORIENTED_EDGE('',*,*,#353,.T.);
#374 = ORIENTED_EDGE('',*,*,#330,.T.);
#375 = ORIENTED_EDGE('',*,*,#281,.F.);
#376 = ORIENTED_EDGE('',*,*,#231,.F.);
#377 = FACE_BOUND('',#378,.T.);
#378 = EDGE_LOOP('',(#379,#390,#398,#407,#415,#424,#432,#441));
#379 = ORIENTED_EDGE('',*,*,#380,.F.);
#380 = EDGE_CURVE('',#381,#383,#385,.T.);
#381 = VERTEX_POINT('',#382);
#382 = CARTESIAN_POINT('',(-0.5,-0.37,6.E-02));
#383 = VERTEX_POINT('',#384);
#384 = CARTESIAN_POINT('',(-0.5,-0.34,3.E-02));
#385 = CIRCLE('',#386,3.E-02);
#386 = AXIS2_PLACEMENT_3D('',#387,#388,#389);
#387 = CARTESIAN_POINT('',(-0.5,-0.34,6.E-02));
#388 = DIRECTION('',(1.,0.,-0.));
#389 = DIRECTION('',(0.,0.,1.));
#390 = ORIENTED_EDGE('',*,*,#391,.T.);
#391 = EDGE_CURVE('',#381,#392,#394,.T.);
#392 = VERTEX_POINT('',#393);
#393 = CARTESIAN_POINT('',(-0.5,-0.37,0.74));
#394 = LINE('',#395,#396);
#395 = CARTESIAN_POINT('',(-0.5,-0.37,3.E-02));
#396 = VECTOR('',#397,1.);
#397 = DIRECTION('',(0.,0.,1.));
#398 = ORIENTED_EDGE('',*,*,#399,.T.);
#399 = EDGE_CURVE('',#392,#400,#402,.T.);
#400 = VERTEX_POINT('',#401);
#401 = CARTESIAN_POINT('',(-0.5,-0.34,0.77));
#402 = CIRCLE('',#403,3.E-02);
#403 = AXIS2_PLACEMENT_3D('',#404,#405,#406);
#404 = CARTESIAN_POINT('',(-0.5,-0.34,0.74));
#405 = DIRECTION('',(-1.,0.,0.));
#406 = DIRECTION('',(0.,0.,1.));
#407 = ORIENTED_EDGE('',*,*,#408,.T.);
#408 = EDGE_CURVE('',#400,#409,#411,.T.);
#409 = VERTEX_POINT('',#410);
#410 = CARTESIAN_POINT('',(-0.5,0.34,0.77));
#411 = LINE('',#412,#413);
#412 = CARTESIAN_POINT('',(-0.5,-0.37,0.77));
#413 = VECTOR('',#414,1.);
#414 = DIRECTION('',(0.,1.,0.));
#415 = ORIENTED_EDGE('',*,*,#416,.F.);
#416 = EDGE_CURVE('',#417,#409,#419,.T.);
#417 = VERTEX_POINT('',#418);
#418 = CARTESIAN_POINT('',(-0.5,0.37,0.74));
#419 = CIRCLE('',#420,3.E-02);
#420 = AXIS2_PLACEMENT_3D('',#421,#422,#423);
#421 = CARTESIAN_POINT('',(-0.5,0.34,0.74));
#422 = DIRECTION('',(1.,0.,-0.));
#423 = DIRECTION('',(0.,0.,1.));
#424 = ORIENTED_EDGE('',*,*,#425,.F.);
#425 = EDGE_CURVE('',#426,#417,#428,.T.);
#426 = VERTEX_POINT('',#427);
#427 = CARTESIAN_POINT('',(-0.5,0.37,6.E-02));
#428 = LINE('',#429,#430);
#429 = CARTESIAN_POINT('',(-0.5,0.37,3.E-02));
#430 = VECTOR('',#431,1.);
#431 = DIRECTION('',(0.,0.,1.));
#432 = ORIENTED_EDGE('',*,*,#433,.T.);
#433 = EDGE_CURVE('',#426,#434,#436,.T.);
#434 = VERTEX_POINT('',#435);
#435 = CARTESIAN_POINT('',(-0.5,0.34,3.E-02));
#436 = CIRCLE('',#437,3.E-02);
#437 = AXIS2_PLACEMENT_3D('',#438,#439,#440);
#438 = CARTESIAN_POINT('',(-0.5,0.34,6.E-02));
#439 = DIRECTION('',(-1.,0.,0.));
#440 = DIRECTION('',(0.,0.,1.));
#441 = ORIENTED_EDGE('',*,*,#442,.F.);
#442 = EDGE_CURVE('',#383,#434,#443,.T.);
#443 = LINE('',#444,#445);
#444 = CARTESIAN_POINT('',(-0.5,-0.37,3.E-02));
#445 = VECTOR('',#446,1.);
#446 = DIRECTION('',(0.,1.,0.));
#447 = PLANE('',#448);
#448 = AXIS2_PLACEMENT_3D('',#449,#450,#451);
#449 = CARTESIAN_POINT('',(-0.5,-0.4,0.));
#450 = DIRECTION('',(1.,0.,0.));
#451 = DIRECTION('',(0.,0.,1.));
#452 = ADVANCED_FACE('',(#453),#479,.T.);
#453 = FACE_BOUND('',#454,.T.);
#454 = EDGE_LOOP('',(#455,#456,#464,#473));
#455 = ORIENTED_EDGE('',*,*,#380,.T.);
#456 = ORIENTED_EDGE('',*,*,#457,.T.);
#457 = EDGE_CURVE('',#383,#458,#460,.T.);
#458 = VERTEX_POINT('',#459);
#459 = CARTESIAN_POINT('',(0.5,-0.34,3.E-02));
#460 = LINE('',#461,#462);
#461 = CARTESIAN_POINT('',(-0.5,-0.34,3.E-02));
#462 = VECTOR('',#463,1.);
#463 = DIRECTION('',(1.,0.,0.));
#464 = ORIENTED_EDGE('',*,*,#465,.F.);
#465 = EDGE_CURVE('',#466,#458,#468,.T.);
#466 = VERTEX_POINT('',#467);
#467 = CARTESIAN_POINT('',(0.5,-0.37,6.E-02));
#468 = CIRCLE('',#469,3.E-02);
#469 = AXIS2_PLACEMENT_3D('',#470,#471,#472);
#470 = CARTESIAN_POINT('',(0.5,-0.34,6.E-02));
#471 = DIRECTION('',(1.,0.,-0.));
#472 = DIRECTION('',(0.,0.,1.));
#473 = ORIENTED_EDGE('',*,*,#474,.F.);
#474 = EDGE_CURVE('',#381,#466,#475,.T.);
#475 = LINE('',#476,#477);
#476 = CARTESIAN_POINT('',(-0.5,-0.37,6.E-02));
#477 = VECTOR('',#478,1.);
#478 = DIRECTION('',(1.,0.,0.));
#479 = CYLINDRICAL_SURFACE('',#480,3.E-02);
#480 = AXIS2_PLACEMENT_3D('',#481,#482,#483);
#481 = CARTESIAN_POINT('',(-0.5,-0.34,6.E-02));
#482 = DIRECTION('',(1.,0.,0.));
#483 = DIRECTION('',(0.,-1.,0.));
#484 = ADVANCED_FACE('',(#485),#503,.F.);
#485 = FACE_BOUND('',#486,.F.);
#486 = EDGE_LOOP('',(#487,#488,#489,#497));
#487 = ORIENTED_EDGE('',*,*,#442,.F.);
#488 = ORIENTED_EDGE('',*,*,#457,.T.);
#489 = ORIENTED_EDGE('',*,*,#490,.T.);
#490 = EDGE_CURVE('',#458,#491,#493,.T.);
#491 = VERTEX_POINT('',#492);
#492 = CARTESIAN_POINT('',(0.5,0.34,3.E-02));
#493 = LINE('',#494,#495);
#494 = CARTESIAN_POINT('',(0.5,-0.37,3.E-02));
#495 = VECTOR('',#496,1.);
#496 = DIRECTION('',(0.,1.,0.));
#497 = ORIENTED_EDGE('',*,*,#498,.F.);
#498 = EDGE_CURVE('',#434,#491,#499,.T.);
#499 = LINE('',#500,#501);
#500 = CARTESIAN_POINT('',(-0.5,0.34,3.E-02));
#501 = VECTOR('',#502,1.);
#502 = DIRECTION('',(1.,0.,0.));
#503 = PLANE('',#504);
#504 = AXIS2_PLACEMENT_3D('',#505,#506,#507);
#505 = CARTESIAN_POINT('',(-0.5,-0.37,3.E-02));
#506 = DIRECTION('',(0.,0.,1.));
#507 = DIRECTION('',(1.,0.,-0.));
#508 = ADVANCED_FACE('',(#509),#528,.T.);
#509 = FACE_BOUND('',#510,.T.);
#510 = EDGE_LOOP('',(#511,#519,#526,#527));
#511 = ORIENTED_EDGE('',*,*,#512,.T.);
#512 = EDGE_CURVE('',#426,#513,#515,.T.);
#513 = VERTEX_POINT('',#514);
#514 = CARTESIAN_POINT('',(0.5,0.37,6.E-02));
#515 = LINE('',#516,#517);
#516 = CARTESIAN_POINT('',(-0.5,0.37,6.E-02));
#517 = VECTOR('',#518,1.);
#518 = DIRECTION('',(1.,0.,0.));
#519 = ORIENTED_EDGE('',*,*,#520,.T.);
#520 = EDGE_CURVE('',#513,#491,#521,.T.);
#521 = CIRCLE('',#522,3.E-02);
#522 = AXIS2_PLACEMENT_3D('',#523,#524,#525);
#523 = CARTESIAN_POINT('',(0.5,0.34,6.E-02));
#524 = DIRECTION('',(-1.,0.,0.));
#525 = DIRECTION('',(0.,0.,1.));
#526 = ORIENTED_EDGE('',*,*,#498,.F.);
#527 = ORIENTED_EDGE('',*,*,#433,.F.);
#528 = CYLINDRICAL_SURFACE('',#529,3.E-02);
#529 = AXIS2_PLACEMENT_3D('',#530,#531,#532);
#530 = CARTESIAN_POINT('',(-0.5,0.34,6.E-02));
#531 = DIRECTION('',(1.,0.,0.));
#532 = DIRECTION('',(-0.,1.,0.));
#533 = ADVANCED_FACE('',(#534),#552,.T.);
#534 = FACE_BOUND('',#535,.T.);
#535 = EDGE_LOOP('',(#536,#544,#545,#546));
#536 = ORIENTED_EDGE('',*,*,#537,.F.);
#537 = EDGE_CURVE('',#513,#538,#540,.T.);
#538 = VERTEX_POINT('',#539);
#539 = CARTESIAN_POINT('',(0.5,0.37,0.74));
#540 = LINE('',#541,#542);
#541 = CARTESIAN_POINT('',(0.5,0.37,3.E-02));
#542 = VECTOR('',#543,1.);
#543 = DIRECTION('',(0.,0.,1.));
#544 = ORIENTED_EDGE('',*,*,#512,.F.);
#545 = ORIENTED_EDGE('',*,*,#425,.T.);
#546 = ORIENTED_EDGE('',*,*,#547,.T.);
#547 = EDGE_CURVE('',#417,#538,#548,.T.);
#548 = LINE('',#549,#550);
#549 = CARTESIAN_POINT('',(-0.5,0.37,0.74));
#550 = VECTOR('',#551,1.);
#551 = DIRECTION('',(1.,0.,0.));
#552 = PLANE('',#553);
#553 = AXIS2_PLACEMENT_3D('',#554,#555,#556);
#554 = CARTESIAN_POINT('',(-0.5,0.37,3.E-02));
#555 = DIRECTION('',(0.,1.,0.));
#556 = DIRECTION('',(0.,-0.,1.));
#557 = ADVANCED_FACE('',(#558),#577,.T.);
#558 = FACE_BOUND('',#559,.T.);
#559 = EDGE_LOOP('',(#560,#561,#569,#576));
#560 = ORIENTED_EDGE('',*,*,#416,.T.);
#561 = ORIENTED_EDGE('',*,*,#562,.T.);
#562 = EDGE_CURVE('',#409,#563,#565,.T.);
#563 = VERTEX_POINT('',#564);
#564 = CARTESIAN_POINT('',(0.5,0.34,0.77));
#565 = LINE('',#566,#567);
#566 = CARTESIAN_POINT('',(-0.5,0.34,0.77));
#567 = VECTOR('',#568,1.);
#568 = DIRECTION('',(1.,0.,0.));
#569 = ORIENTED_EDGE('',*,*,#570,.F.);
#570 = EDGE_CURVE('',#538,#563,#571,.T.);
#571 = CIRCLE('',#572,3.E-02);
#572 = AXIS2_PLACEMENT_3D('',#573,#574,#575);
#573 = CARTESIAN_POINT('',(0.5,0.34,0.74));
#574 = DIRECTION('',(1.,0.,-0.));
#575 = DIRECTION('',(0.,0.,1.));
#576 = ORIENTED_EDGE('',*,*,#547,.F.);
#577 = CYLINDRICAL_SURFACE('',#578,3.E-02);
#578 = AXIS2_PLACEMENT_3D('',#579,#580,#581);
#579 = CARTESIAN_POINT('',(-0.5,0.34,0.74));
#580 = DIRECTION('',(1.,0.,0.));
#581 = DIRECTION('',(-0.,1.,0.));
#582 = ADVANCED_FACE('',(#583),#601,.T.);
#583 = FACE_BOUND('',#584,.T.);
#584 = EDGE_LOOP('',(#585,#586,#594,#600));
#585 = ORIENTED_EDGE('',*,*,#408,.F.);
#586 = ORIENTED_EDGE('',*,*,#587,.T.);
#587 = EDGE_CURVE('',#400,#588,#590,.T.);
#588 = VERTEX_POINT('',#589);
#589 = CARTESIAN_POINT('',(0.5,-0.34,0.77));
#590 = LINE('',#591,#592);
#591 = CARTESIAN_POINT('',(-0.5,-0.34,0.77));
#592 = VECTOR('',#593,1.);
#593 = DIRECTION('',(1.,0.,0.));
#594 = ORIENTED_EDGE('',*,*,#595,.T.);
#595 = EDGE_CURVE('',#588,#563,#596,.T.);
#596 = LINE('',#597,#598);
#597 = CARTESIAN_POINT('',(0.5,-0.37,0.77));
#598 = VECTOR('',#599,1.);
#599 = DIRECTION('',(0.,1.,0.));
#600 = ORIENTED_EDGE('',*,*,#562,.F.);
#601 = PLANE('',#602);
#602 = AXIS2_PLACEMENT_3D('',#603,#604,#605);
#603 = CARTESIAN_POINT('',(-0.5,-0.37,0.77));
#604 = DIRECTION('',(0.,0.,1.));
#605 = DIRECTION('',(1.,0.,-0.));
#606 = ADVANCED_FACE('',(#607),#626,.T.);
#607 = FACE_BOUND('',#608,.T.);
#608 = EDGE_LOOP('',(#609,#617,#624,#625));
#609 = ORIENTED_EDGE('',*,*,#610,.T.);
#610 = EDGE_CURVE('',#392,#611,#613,.T.);
#611 = VERTEX_POINT('',#612);
#612 = CARTESIAN_POINT('',(0.5,-0.37,0.74));
#613 = LINE('',#614,#615);
#614 = CARTESIAN_POINT('',(-0.5,-0.37,0.74));
#615 = VECTOR('',#616,1.);
#616 = DIRECTION('',(1.,0.,0.));
#617 = ORIENTED_EDGE('',*,*,#618,.T.);
#618 = EDGE_CURVE('',#611,#588,#619,.T.);
#619 = CIRCLE('',#620,3.E-02);
#620 = AXIS2_PLACEMENT_3D('',#621,#622,#623);
#621 = CARTESIAN_POINT('',(0.5,-0.34,0.74));
#622 = DIRECTION('',(-1.,0.,0.));
#623 = DIRECTION('',(0.,0.,1.));
#624 = ORIENTED_EDGE('',*,*,#587,.F.);
#625 = ORIENTED_EDGE('',*,*,#399,.F.);
#626 = CYLINDRICAL_SURFACE('',#627,3.E-02);
#627 = AXIS2_PLACEMENT_3D('',#628,#629,#630);
#628 = CARTESIAN_POINT('',(-0.5,-0.34,0.74));
#629 = DIRECTION('',(1.,0.,0.));
#630 = DIRECTION('',(0.,-1.,0.));
#631 = ADVANCED_FACE('',(#632),#643,.F.);
#632 = FACE_BOUND('',#633,.F.);
#633 = EDGE_LOOP('',(#634,#640,#641,#642));
#634 = ORIENTED_EDGE('',*,*,#635,.F.);
#635 = EDGE_CURVE('',#466,#611,#636,.T.);
#636 = LINE('',#637,#638);
#637 = CARTESIAN_POINT('',(0.5,-0.37,3.E-02));
#638 = VECTOR('',#639,1.);
#639 = DIRECTION('',(0.,0.,1.));
#640 = ORIENTED_EDGE('',*,*,#474,.F.);
#641 = ORIENTED_EDGE('',*,*,#391,.T.);
#642 = ORIENTED_EDGE('',*,*,#610,.T.);
#643 = PLANE('',#644);
#644 = AXIS2_PLACEMENT_3D('',#645,#646,#647);
#645 = CARTESIAN_POINT('',(-0.5,-0.37,3.E-02));
#646 = DIRECTION('',(0.,1.,0.));
#647 = DIRECTION('',(0.,-0.,1.));
#648 = ADVANCED_FACE('',(#649,#719),#729,.F.);
#649 = FACE_BOUND('',#650,.F.);
#650 = EDGE_LOOP('',(#651,#661,#670,#678,#687,#695,#704,#712));
#651 = ORIENTED_EDGE('',*,*,#652,.F.);
#652 = EDGE_CURVE('',#653,#655,#657,.T.);
#653 = VERTEX_POINT('',#654);
#654 = CARTESIAN_POINT('',(0.5,-0.4,3.E-02));
#655 = VERTEX_POINT('',#656);
#656 = CARTESIAN_POINT('',(0.5,-0.4,0.77));
#657 = LINE('',#658,#659);
#658 = CARTESIAN_POINT('',(0.5,-0.4,0.));
#659 = VECTOR('',#660,1.);
#660 = DIRECTION('',(0.,0.,1.));
#661 = ORIENTED_EDGE('',*,*,#662,.T.);
#662 = EDGE_CURVE('',#653,#663,#665,.T.);
#663 = VERTEX_POINT('',#664);
#664 = CARTESIAN_POINT('',(0.5,-0.37,0.));
#665 = CIRCLE('',#666,3.E-02);
#666 = AXIS2_PLACEMENT_3D('',#667,#668,#669);
#667 = CARTESIAN_POINT('',(0.5,-0.37,3.E-02));
#668 = DIRECTION('',(1.,0.,-0.));
#669 = DIRECTION('',(0.,0.,1.));
#670 = ORIENTED_EDGE('',*,*,#671,.T.);
#671 = EDGE_CURVE('',#663,#672,#674,.T.);
#672 = VERTEX_POINT('',#673);
#673 = CARTESIAN_POINT('',(0.5,0.37,0.));
#674 = LINE('',#675,#676);
#675 = CARTESIAN_POINT('',(0.5,-0.4,0.));
#676 = VECTOR('',#677,1.);
#677 = DIRECTION('',(0.,1.,0.));
#678 = ORIENTED_EDGE('',*,*,#679,.F.);
#679 = EDGE_CURVE('',#680,#672,#682,.T.);
#680 = VERTEX_POINT('',#681);
#681 = CARTESIAN_POINT('',(0.5,0.4,3.E-02));
#682 = CIRCLE('',#683,3.E-02);
#683 = AXIS2_PLACEMENT_3D('',#684,#685,#686);
#684 = CARTESIAN_POINT('',(0.5,0.37,3.E-02));
#685 = DIRECTION('',(-1.,0.,0.));
#686 = DIRECTION('',(0.,0.,1.));
#687 = ORIENTED_EDGE('',*,*,#688,.T.);
#688 = EDGE_CURVE('',#680,#689,#691,.T.);
#689 = VERTEX_POINT('',#690);
#690 = CARTESIAN_POINT('',(0.5,0.4,0.77));
#691 = LINE('',#692,#693);
#692 = CARTESIAN_POINT('',(0.5,0.4,0.));
#693 = VECTOR('',#694,1.);
#694 = DIRECTION('',(0.,0.,1.));
#695 = ORIENTED_EDGE('',*,*,#696,.T.);
#696 = EDGE_CURVE('',#689,#697,#699,.T.);
#697 = VERTEX_POINT('',#698);
#698 = CARTESIAN_POINT('',(0.5,0.37,0.8));
#699 = CIRCLE('',#700,3.E-02);
#700 = AXIS2_PLACEMENT_3D('',#701,#702,#703);
#701 = CARTESIAN_POINT('',(0.5,0.37,0.77));
#702 = DIRECTION('',(1.,0.,-0.));
#703 = DIRECTION('',(0.,0.,1.));
#704 = ORIENTED_EDGE('',*,*,#705,.F.);
#705 = EDGE_CURVE('',#706,#697,#708,.T.);
#706 = VERTEX_POINT('',#707);
#707 = CARTESIAN_POINT('',(0.5,-0.37,0.8));
#708 = LINE('',#709,#710);
#709 = CARTESIAN_POINT('',(0.5,-0.4,0.8));
#710 = VECTOR('',#711,1.);
#711 = DIRECTION('',(0.,1.,0.));
#712 = ORIENTED_EDGE('',*,*,#713,.F.);
#713 = EDGE_CURVE('',#655,#706,#714,.T.);
#714 = CIRCLE('',#715,3.E-02);
#715 = AXIS2_PLACEMENT_3D('',#716,#717,#718);
#716 = CARTESIAN_POINT('',(0.5,-0.37,0.77));
#717 = DIRECTION('',(-1.,0.,0.));
#718 = DIRECTION('',(0.,0.,1.));
#719 = FACE_BOUND('',#720,.F.);
#720 = EDGE_LOOP('',(#721,#722,#723,#724,#725,#726,#727,#728));
#721 = ORIENTED_EDGE('',*,*,#465,.F.);
#722 = ORIENTED_EDGE('',*,*,#635,.T.);
#723 = ORIENTED_EDGE('',*,*,#618,.T.);
#724 = ORIENTED_EDGE('',*,*,#595,.T.);
#725 = ORIENTED_EDGE('',*,*,#570,.F.);
#726 = ORIENTED_EDGE('',*,*,#537,.F.);
#727 = ORIENTED_EDGE('',*,*,#520,.T.);
#728 = ORIENTED_EDGE('',*,*,#490,.F.);
#729 = PLANE('',#730);
#730 = AXIS2_PLACEMENT_3D('',#731,#732,#733);
#731 = CARTESIAN_POINT('',(0.5,-0.4,0.));
#732 = DIRECTION('',(1.,0.,0.));
#733 = DIRECTION('',(0.,0.,1.));
#734 = ADVANCED_FACE('',(#735),#760,.F.);
#735 = FACE_BOUND('',#736,.F.);
#736 = EDGE_LOOP('',(#737,#747,#753,#754));
#737 = ORIENTED_EDGE('',*,*,#738,.F.);
#738 = EDGE_CURVE('',#739,#741,#743,.T.);
#739 = VERTEX_POINT('',#740);
#740 = CARTESIAN_POINT('',(0.8,-0.4,3.E-02));
#741 = VERTEX_POINT('',#742);
#742 = CARTESIAN_POINT('',(0.8,-0.4,0.77));
#743 = LINE('',#744,#745);
#744 = CARTESIAN_POINT('',(0.8,-0.4,0.));
#745 = VECTOR('',#746,1.);
#746 = DIRECTION('',(0.,0.,1.));
#747 = ORIENTED_EDGE('',*,*,#748,.F.);
#748 = EDGE_CURVE('',#653,#739,#749,.T.);
#749 = LINE('',#750,#751);
#750 = CARTESIAN_POINT('',(0.5,-0.4,3.E-02));
#751 = VECTOR('',#752,1.);
#752 = DIRECTION('',(1.,0.,0.));
#753 = ORIENTED_EDGE('',*,*,#652,.T.);
#754 = ORIENTED_EDGE('',*,*,#755,.T.);
#755 = EDGE_CURVE('',#655,#741,#756,.T.);
#756 = LINE('',#757,#758);
#757 = CARTESIAN_POINT('',(0.5,-0.4,0.77));
#758 = VECTOR('',#759,1.);
#759 = DIRECTION('',(1.,0.,0.));
#760 = PLANE('',#761);
#761 = AXIS2_PLACEMENT_3D('',#762,#763,#764);
#762 = CARTESIAN_POINT('',(0.5,-0.4,0.));
#763 = DIRECTION('',(0.,1.,0.));
#764 = DIRECTION('',(0.,-0.,1.));
#765 = ADVANCED_FACE('',(#766),#785,.T.);
#766 = FACE_BOUND('',#767,.T.);
#767 = EDGE_LOOP('',(#768,#769,#777,#784));
#768 = ORIENTED_EDGE('',*,*,#662,.T.);
#769 = ORIENTED_EDGE('',*,*,#770,.T.);
#770 = EDGE_CURVE('',#663,#771,#773,.T.);
#771 = VERTEX_POINT('',#772);
#772 = CARTESIAN_POINT('',(0.8,-0.37,0.));
#773 = LINE('',#774,#775);
#774 = CARTESIAN_POINT('',(0.5,-0.37,0.));
#775 = VECTOR('',#776,1.);
#776 = DIRECTION('',(1.,0.,0.));
#777 = ORIENTED_EDGE('',*,*,#778,.F.);
#778 = EDGE_CURVE('',#739,#771,#779,.T.);
#779 = CIRCLE('',#780,3.E-02);
#780 = AXIS2_PLACEMENT_3D('',#781,#782,#783);
#781 = CARTESIAN_POINT('',(0.8,-0.37,3.E-02));
#782 = DIRECTION('',(1.,0.,-0.));
#783 = DIRECTION('',(0.,0.,1.));
#784 = ORIENTED_EDGE('',*,*,#748,.F.);
#785 = CYLINDRICAL_SURFACE('',#786,3.E-02);
#786 = AXIS2_PLACEMENT_3D('',#787,#788,#789);
#787 = CARTESIAN_POINT('',(0.5,-0.37,3.E-02));
#788 = DIRECTION('',(1.,0.,0.));
#789 = DIRECTION('',(0.,-1.,0.));
#790 = ADVANCED_FACE('',(#791),#810,.T.);
#791 = FACE_BOUND('',#792,.T.);
#792 = EDGE_LOOP('',(#793,#794,#803,#809));
#793 = ORIENTED_EDGE('',*,*,#755,.T.);
#794 = ORIENTED_EDGE('',*,*,#795,.T.);
#795 = EDGE_CURVE('',#741,#796,#798,.T.);
#796 = VERTEX_POINT('',#797);
#797 = CARTESIAN_POINT('',(0.8,-0.37,0.8));
#798 = CIRCLE('',#799,3.E-02);
#799 = AXIS2_PLACEMENT_3D('',#800,#801,#802);
#800 = CARTESIAN_POINT('',(0.8,-0.37,0.77));
#801 = DIRECTION('',(-1.,0.,0.));
#802 = DIRECTION('',(0.,0.,1.));
#803 = ORIENTED_EDGE('',*,*,#804,.F.);
#804 = EDGE_CURVE('',#706,#796,#805,.T.);
#805 = LINE('',#806,#807);
#806 = CARTESIAN_POINT('',(0.5,-0.37,0.8));
#807 = VECTOR('',#808,1.);
#808 = DIRECTION('',(1.,0.,0.));
#809 = ORIENTED_EDGE('',*,*,#713,.F.);
#810 = CYLINDRICAL_SURFACE('',#811,3.E-02);
#811 = AXIS2_PLACEMENT_3D('',#812,#813,#814);
#812 = CARTESIAN_POINT('',(0.5,-0.37,0.77));
#813 = DIRECTION('',(1.,0.,0.));
#814 = DIRECTION('',(0.,-1.,0.));
#815 = ADVANCED_FACE('',(#816),#834,.F.);
#816 = FACE_BOUND('',#817,.F.);
#817 = EDGE_LOOP('',(#818,#819,#820,#828));
#818 = ORIENTED_EDGE('',*,*,#671,.F.);
#819 = ORIENTED_EDGE('',*,*,#770,.T.);
#820 = ORIENTED_EDGE('',*,*,#821,.T.);
#821 = EDGE_CURVE('',#771,#822,#824,.T.);
#822 = VERTEX_POINT('',#823);
#823 = CARTESIAN_POINT('',(0.8,0.37,0.));
#824 = LINE('',#825,#826);
#825 = CARTESIAN_POINT('',(0.8,-0.4,0.));
#826 = VECTOR('',#827,1.);
#827 = DIRECTION('',(0.,1.,0.));
#828 = ORIENTED_EDGE('',*,*,#829,.F.);
#829 = EDGE_CURVE('',#672,#822,#830,.T.);
#830 = LINE('',#831,#832);
#831 = CARTESIAN_POINT('',(0.5,0.37,0.));
#832 = VECTOR('',#833,1.);
#833 = DIRECTION('',(1.,0.,0.));
#834 = PLANE('',#835);
#835 = AXIS2_PLACEMENT_3D('',#836,#837,#838);
#836 = CARTESIAN_POINT('',(0.5,-0.4,0.));
#837 = DIRECTION('',(0.,0.,1.));
#838 = DIRECTION('',(1.,0.,-0.));
#839 = ADVANCED_FACE('',(#840),#858,.T.);
#840 = FACE_BOUND('',#841,.T.);
#841 = EDGE_LOOP('',(#842,#843,#844,#852));
#842 = ORIENTED_EDGE('',*,*,#705,.F.);
#843 = ORIENTED_EDGE('',*,*,#804,.T.);
#844 = ORIENTED_EDGE('',*,*,#845,.T.);
#845 = EDGE_CURVE('',#796,#846,#848,.T.);
#846 = VERTEX_POINT('',#847);
#847 = CARTESIAN_POINT('',(0.8,0.37,0.8));
#848 = LINE('',#849,#850);
#849 = CARTESIAN_POINT('',(0.8,-0.4,0.8));
#850 = VECTOR('',#851,1.);
#851 = DIRECTION('',(0.,1.,0.));
#852 = ORIENTED_EDGE('',*,*,#853,.F.);
#853 = EDGE_CURVE('',#697,#846,#854,.T.);
#854 = LINE('',#855,#856);
#855 = CARTESIAN_POINT('',(0.5,0.37,0.8));
#856 = VECTOR('',#857,1.);
#857 = DIRECTION('',(1.,0.,0.));
#858 = PLANE('',#859);
#859 = AXIS2_PLACEMENT_3D('',#860,#861,#862);
#860 = CARTESIAN_POINT('',(0.5,-0.4,0.8));
#861 = DIRECTION('',(0.,0.,1.));
#862 = DIRECTION('',(1.,0.,-0.));
#863 = ADVANCED_FACE('',(#864),#883,.T.);
#864 = FACE_BOUND('',#865,.T.);
#865 = EDGE_LOOP('',(#866,#874,#881,#882));
#866 = ORIENTED_EDGE('',*,*,#867,.T.);
#867 = EDGE_CURVE('',#680,#868,#870,.T.);
#868 = VERTEX_POINT('',#869);
#869 = CARTESIAN_POINT('',(0.8,0.4,3.E-02));
#870 = LINE('',#871,#872);
#871 = CARTESIAN_POINT('',(0.5,0.4,3.E-02));
#872 = VECTOR('',#873,1.);
#873 = DIRECTION('',(1.,0.,0.));
#874 = ORIENTED_EDGE('',*,*,#875,.T.);
#875 = EDGE_CURVE('',#868,#822,#876,.T.);
#876 = CIRCLE('',#877,3.E-02);
#877 = AXIS2_PLACEMENT_3D('',#878,#879,#880);
#878 = CARTESIAN_POINT('',(0.8,0.37,3.E-02));
#879 = DIRECTION('',(-1.,0.,0.));
#880 = DIRECTION('',(0.,0.,1.));
#881 = ORIENTED_EDGE('',*,*,#829,.F.);
#882 = ORIENTED_EDGE('',*,*,#679,.F.);
#883 = CYLINDRICAL_SURFACE('',#884,3.E-02);
#884 = AXIS2_PLACEMENT_3D('',#885,#886,#887);
#885 = CARTESIAN_POINT('',(0.5,0.37,3.E-02));
#886 = DIRECTION('',(1.,0.,0.));
#887 = DIRECTION('',(-0.,1.,0.));
#888 = ADVANCED_FACE('',(#889),#908,.T.);
#889 = FACE_BOUND('',#890,.T.);
#890 = EDGE_LOOP('',(#891,#892,#893,#902));
#891 = ORIENTED_EDGE('',*,*,#696,.T.);
#892 = ORIENTED_EDGE('',*,*,#853,.T.);
#893 = ORIENTED_EDGE('',*,*,#894,.F.);
#894 = EDGE_CURVE('',#895,#846,#897,.T.);
#895 = VERTEX_POINT('',#896);
#896 = CARTESIAN_POINT('',(0.8,0.4,0.77));
#897 = CIRCLE('',#898,3.E-02);
#898 = AXIS2_PLACEMENT_3D('',#899,#900,#901);
#899 = CARTESIAN_POINT('',(0.8,0.37,0.77));
#900 = DIRECTION('',(1.,0.,-0.));
#901 = DIRECTION('',(0.,0.,1.));
#902 = ORIENTED_EDGE('',*,*,#903,.F.);
#903 = EDGE_CURVE('',#689,#895,#904,.T.);
#904 = LINE('',#905,#906);
#905 = CARTESIAN_POINT('',(0.5,0.4,0.77));
#906 = VECTOR('',#907,1.);
#907 = DIRECTION('',(1.,0.,0.));
#908 = CYLINDRICAL_SURFACE('',#909,3.E-02);
#909 = AXIS2_PLACEMENT_3D('',#910,#911,#912);
#910 = CARTESIAN_POINT('',(0.5,0.37,0.77));
#911 = DIRECTION('',(1.,0.,0.));
#912 = DIRECTION('',(-0.,1.,0.));
#913 = ADVANCED_FACE('',(#914),#925,.T.);
#914 = FACE_BOUND('',#915,.T.);
#915 = EDGE_LOOP('',(#916,#922,#923,#924));
#916 = ORIENTED_EDGE('',*,*,#917,.F.);
#917 = EDGE_CURVE('',#868,#895,#918,.T.);
#918 = LINE('',#919,#920);
#919 = CARTESIAN_POINT('',(0.8,0.4,0.));
#920 = VECTOR('',#921,1.);
#921 = DIRECTION('',(0.,0.,1.));
#922 = ORIENTED_EDGE('',*,*,#867,.F.);
#923 = ORIENTED_EDGE('',*,*,#688,.T.);
#924 = ORIENTED_EDGE('',*,*,#903,.T.);
#925 = PLANE('',#926);
#926 = AXIS2_PLACEMENT_3D('',#927,#928,#929);
#927 = CARTESIAN_POINT('',(0.5,0.4,0.));
#928 = DIRECTION('',(0.,1.,0.));
#929 = DIRECTION('',(0.,-0.,1.));
#930 = ADVANCED_FACE('',(#931),#941,.T.);
#931 = FACE_BOUND('',#932,.T.);
#932 = EDGE_LOOP('',(#933,#934,#935,#936,#937,#938,#939,#940));
#933 = ORIENTED_EDGE('',*,*,#738,.F.);
#934 = ORIENTED_EDGE('',*,*,#778,.T.);
#935 = ORIENTED_EDGE('',*,*,#821,.T.);
#936 = ORIENTED_EDGE('',*,*,#875,.F.);
#937 = ORIENTED_EDGE('',*,*,#917,.T.);
#938 = ORIENTED_EDGE('',*,*,#894,.T.);
#939 = ORIENTED_EDGE('',*,*,#845,.F.);
#940 = ORIENTED_EDGE('',*,*,#795,.F.);
#941 = PLANE('',#942);
#942 = AXIS2_PLACEMENT_3D('',#943,#944,#945);
#943 = CARTESIAN_POINT('',(0.8,-0.4,0.));
#944 = DIRECTION('',(1.,0.,0.));
#945 = DIRECTION('',(0.,0.,1.));
#946 = ( GEOMETRIC_REPRESENTATION_CONTEXT(3) 
GLOBAL_UNCERTAINTY_ASSIGNED_CONTEXT((#950)) GLOBAL_UNIT_ASSIGNED_CONTEXT
((#947,#948,#949)) REPRESENTATION_CONTEXT('Context #1',
  '3D Context with UNIT and UNCERTAINTY') );
#947 = ( LENGTH_UNIT() NAMED_UNIT(*) SI_UNIT(.MILLI.,.METRE.) );
#948 = ( NAMED_UNIT(*) PLANE_ANGLE_UNIT() SI_UNIT($,.RADIAN.) );
#949 = ( NAMED_UNIT(*) SI_UNIT($,.STERADIAN.) SOLID_ANGLE_UNIT() );
#950 = UNCERTAINTY_MEASURE_WITH_UNIT(LENGTH_MEASURE(1.E-07),#947,
  'distance_accuracy_value','confusion accuracy');
#951 = CONTEXT_DEPENDENT_SHAPE_REPRESENTATION(#952,#954);
#952 = ( REPRESENTATION_RELATIONSHIP('','',#91,#68) 
REPRESENTATION_RELATIONSHIP_WITH_TRANSFORMATION(#953) 
SHAPE_REPRESENTATION_RELATIONSHIP() );
#953 = ITEM_DEFINED_TRANSFORMATION('','',#11,#69);
#954 = PRODUCT_DEFINITION_SHAPE('Placement','Placement of an item',#955
  );
#955 = NEXT_ASSEMBLY_USAGE_OCCURRENCE('1','=>[0:1:1:3]','',#63,#86,$);
#956 = PRODUCT_RELATED_PRODUCT_CATEGORY('part',$,(#88));
#957 = CONTEXT_DEPENDENT_SHAPE_REPRESENTATION(#958,#960);
#958 = ( REPRESENTATION_RELATIONSHIP('','',#68,#10) 
REPRESENTATION_RELATIONSHIP_WITH_TRANSFORMATION(#959) 
SHAPE_REPRESENTATION_RELATIONSHIP() );
#959 = ITEM_DEFINED_TRANSFORMATION('','',#11,#19);
#960 = PRODUCT_DEFINITION_SHAPE('Placement','Placement of an item',#961
  );
#961 = NEXT_ASSEMBLY_USAGE_OCCURRENCE('3','R3','',#5,#63,$);
#962 = CONTEXT_DEPENDENT_SHAPE_REPRESENTATION(#963,#965);
#963 = ( REPRESENTATION_RELATIONSHIP('','',#68,#10) 
REPRESENTATION_RELATIONSHIP_WITH_TRANSFORMATION(#964) 
SHAPE_REPRESENTATION_RELATIONSHIP() );
#964 = ITEM_DEFINED_TRANSFORMATION('','',#11,#23);
#965 = PRODUCT_DEFINITION_SHAPE('Placement','Placement of an item',#966
  );
#966 = NEXT_ASSEMBLY_USAGE_OCCURRENCE('4','R1','',#5,#63,$);
#967 = CONTEXT_DEPENDENT_SHAPE_REPRESENTATION(#968,#970);
#968 = ( REPRESENTATION_RELATIONSHIP('','',#68,#10) 
REPRESENTATION_RELATIONSHIP_WITH_TRANSFORMATION(#969) 
SHAPE_REPRESENTATION_RELATIONSHIP() );
#969 = ITEM_DEFINED_TRANSFORMATION('','',#11,#27);
#970 = PRODUCT_DEFINITION_SHAPE('Placement','Placement of an item',#971
  );
#971 = NEXT_ASSEMBLY_USAGE_OCCURRENCE('5','R2','',#5,#63,$);
#972 = SHAPE_DEFINITION_REPRESENTATION(#973,#979);
#973 = PRODUCT_DEFINITION_SHAPE('','',#974);
#974 = PRODUCT_DEFINITION('design','',#975,#978);
#975 = PRODUCT_DEFINITION_FORMATION('','',#976);
#976 = PRODUCT('SOIC-8-1EP_3.9x4.9mm_P1.27mm_EP2.41x3.81mm',
  'SOIC-8-1EP_3.9x4.9mm_P1.27mm_EP2.41x3.81mm','',(#977));
#977 = PRODUCT_CONTEXT('',#2,'mechanical');
#978 = PRODUCT_DEFINITION_CONTEXT('part definition',#2,'design');
#979 = SHAPE_REPRESENTATION('',(#11,#980),#984);
#980 = AXIS2_PLACEMENT_3D('',#981,#982,#983);
#981 = CARTESIAN_POINT('',(0.,0.,0.));
#982 = DIRECTION('',(0.,0.,1.));
#983 = DIRECTION('',(1.,0.,-0.));
#984 = ( GEOMETRIC_REPRESENTATION_CONTEXT(3) 
GLOBAL_UNCERTAINTY_ASSIGNED_CONTEXT((#988)) GLOBAL_UNIT_ASSIGNED_CONTEXT
((#985,#986,#987)) REPRESENTATION_CONTEXT('Context #1',
  '3D Context with UNIT and UNCERTAINTY') );
#985 = ( LENGTH_UNIT() NAMED_UNIT(*) SI_UNIT(.MILLI.,.METRE.) );
#986 = ( NAMED_UNIT(*) PLANE_ANGLE_UNIT() SI_UNIT($,.RADIAN.) );
#987 = ( NAMED_UNIT(*) SI_UNIT($,.STERADIAN.) SOLID_ANGLE_UNIT() );
#988 = UNCERTAINTY_MEASURE_WITH_UNIT(LENGTH_MEASURE(1.E-07),#985,
  'distance_accuracy_value','confusion accuracy');
#989 = CONTEXT_DEPENDENT_SHAPE_REPRESENTATION(#990,#992);
#990 = ( REPRESENTATION_RELATIONSHIP('','',#979,#10) 
REPRESENTATION_RELATIONSHIP_WITH_TRANSFORMATION(#991) 
SHAPE_REPRESENTATION_RELATIONSHIP() );
#991 = ITEM_DEFINED_TRANSFORMATION('','',#11,#31);
#992 = PRODUCT_DEFINITION_SHAPE('Placement','Placement of an item',#993
  );
#993 = NEXT_ASSEMBLY_USAGE_OCCURRENCE('7','U1','',#5,#974,$);
#994 = PRODUCT_RELATED_PRODUCT_CATEGORY('part',$,(#976));
#995 = SHAPE_DEFINITION_REPRESENTATION(#996,#1002);
#996 = PRODUCT_DEFINITION_SHAPE('','',#997);
#997 = PRODUCT_DEFINITION('design','',#998,#1001);
#998 = PRODUCT_DEFINITION_FORMATION('','',#999);
#999 = PRODUCT('SOIC-8-1EP_3.9x4.9mm_P1.27mm_EP2.41x3.81mm',
  'SOIC-8-1EP_3.9x4.9mm_P1.27mm_EP2.41x3.81mm','',(#1000));
#1000 = PRODUCT_CONTEXT('',#2,'mechanical');
#1001 = PRODUCT_DEFINITION_CONTEXT('part definition',#2,'design');
#1002 = ADVANCED_BREP_SHAPE_REPRESENTATION('',(#11,#1003),#5615);
#1003 = MANIFOLD_SOLID_BREP('',#1004);
#1004 = CLOSED_SHELL('',(#1005,#1022,#1097,#1126,#1149,#1172,#1259,#1346
    ,#1369,#1392,#1409,#1476,#1543,#1583,#1607,#1647,#1671,#1711,#1735,
    #1768,#1808,#1832,#1872,#1896,#1936,#1960,#1993,#2022,#2046,#2076,
    #2099,#2116,#2146,#2169,#2192,#2215,#2239,#2331,#2430,#2447,#2471,
    #2563,#2662,#2679,#2703,#2795,#2894,#2911,#2935,#3027,#3119,#3136,
    #3228,#3327,#3344,#3368,#3460,#3559,#3576,#3600,#3692,#3791,#3808,
    #3832,#3924,#4016,#4033,#4062,#4113,#4170,#4193,#4210,#4233,#4256,
    #4273,#4290,#4307,#4324,#4341,#4358,#4375,#4392,#4409,#4421,#4438,
    #4455,#4472,#4489,#4506,#4523,#4540,#4557,#4569,#4586,#4603,#4620,
    #4637,#4654,#4671,#4688,#4705,#4717,#4734,#4751,#4768,#4785,#4802,
    #4819,#4836,#4853,#4865,#4882,#4899,#4916,#4933,#4950,#4967,#4984,
    #5001,#5013,#5030,#5047,#5064,#5081,#5098,#5115,#5132,#5149,#5161,
    #5178,#5195,#5212,#5229,#5246,#5263,#5280,#5297,#5309,#5326,#5343,
    #5360,#5377,#5394,#5411,#5428,#5445,#5457,#5507,#5538,#5562,#5586,
    #5603));
#1005 = ADVANCED_FACE('',(#1006),#1017,.F.);
#1006 = FACE_BOUND('',#1007,.T.);
#1007 = EDGE_LOOP('',(#1008));
#1008 = ORIENTED_EDGE('',*,*,#1009,.F.);
#1009 = EDGE_CURVE('',#1010,#1010,#1012,.T.);
#1010 = VERTEX_POINT('',#1011);
#1011 = CARTESIAN_POINT('',(-1.197342035991,1.397342035991,1.55));
#1012 = CIRCLE('',#1013,0.3);
#1013 = AXIS2_PLACEMENT_3D('',#1014,#1015,#1016);
#1014 = CARTESIAN_POINT('',(-1.197342035991,1.697342035991,1.55));
#1015 = DIRECTION('',(0.,-0.,-1.));
#1016 = DIRECTION('',(1.110223024625E-16,-1.,0.));
#1017 = PLANE('',#1018);
#1018 = AXIS2_PLACEMENT_3D('',#1019,#1020,#1021);
#1019 = CARTESIAN_POINT('',(-1.197342035991,1.697342035991,1.55));
#1020 = DIRECTION('',(0.,0.,-1.));
#1021 = DIRECTION('',(1.110223024625E-16,-1.,0.));
#1022 = ADVANCED_FACE('',(#1023,#1089),#1092,.T.);
#1023 = FACE_BOUND('',#1024,.T.);
#1024 = EDGE_LOOP('',(#1025,#1035,#1043,#1051,#1059,#1067,#1075,#1083));
#1025 = ORIENTED_EDGE('',*,*,#1026,.F.);
#1026 = EDGE_CURVE('',#1027,#1029,#1031,.T.);
#1027 = VERTEX_POINT('',#1028);
#1028 = CARTESIAN_POINT('',(-1.649171017995,2.347342035991,1.55));
#1029 = VERTEX_POINT('',#1030);
#1030 = CARTESIAN_POINT('',(1.649171017995,2.347342035991,1.55));
#1031 = LINE('',#1032,#1033);
#1032 = CARTESIAN_POINT('',(-1.649171017995,2.347342035991,1.55));
#1033 = VECTOR('',#1034,1.);
#1034 = DIRECTION('',(1.,1.110223024625E-16,0.));
#1035 = ORIENTED_EDGE('',*,*,#1036,.F.);
#1036 = EDGE_CURVE('',#1037,#1027,#1039,.T.);
#1037 = VERTEX_POINT('',#1038);
#1038 = CARTESIAN_POINT('',(-1.847342035991,2.149171017995,1.55));
#1039 = LINE('',#1040,#1041);
#1040 = CARTESIAN_POINT('',(-1.847342035991,2.149171017995,1.55));
#1041 = VECTOR('',#1042,1.);
#1042 = DIRECTION('',(0.707106781187,0.707106781187,0.));
#1043 = ORIENTED_EDGE('',*,*,#1044,.F.);
#1044 = EDGE_CURVE('',#1045,#1037,#1047,.T.);
#1045 = VERTEX_POINT('',#1046);
#1046 = CARTESIAN_POINT('',(-1.847342035991,-2.149171017995,1.55));
#1047 = LINE('',#1048,#1049);
#1048 = CARTESIAN_POINT('',(-1.847342035991,-2.149171017995,1.55));
#1049 = VECTOR('',#1050,1.);
#1050 = DIRECTION('',(-1.110223024625E-16,1.,0.));
#1051 = ORIENTED_EDGE('',*,*,#1052,.F.);
#1052 = EDGE_CURVE('',#1053,#1045,#1055,.T.);
#1053 = VERTEX_POINT('',#1054);
#1054 = CARTESIAN_POINT('',(-1.649171017995,-2.347342035991,1.55));
#1055 = LINE('',#1056,#1057);
#1056 = CARTESIAN_POINT('',(-1.649171017995,-2.347342035991,1.55));
#1057 = VECTOR('',#1058,1.);
#1058 = DIRECTION('',(-0.707106781187,0.707106781187,0.));
#1059 = ORIENTED_EDGE('',*,*,#1060,.F.);
#1060 = EDGE_CURVE('',#1061,#1053,#1063,.T.);
#1061 = VERTEX_POINT('',#1062);
#1062 = CARTESIAN_POINT('',(1.649171017995,-2.347342035991,1.55));
#1063 = LINE('',#1064,#1065);
#1064 = CARTESIAN_POINT('',(1.649171017995,-2.347342035991,1.55));
#1065 = VECTOR('',#1066,1.);
#1066 = DIRECTION('',(-1.,-1.110223024625E-16,0.));
#1067 = ORIENTED_EDGE('',*,*,#1068,.F.);
#1068 = EDGE_CURVE('',#1069,#1061,#1071,.T.);
#1069 = VERTEX_POINT('',#1070);
#1070 = CARTESIAN_POINT('',(1.847342035991,-2.149171017995,1.55));
#1071 = LINE('',#1072,#1073);
#1072 = CARTESIAN_POINT('',(1.847342035991,-2.149171017995,1.55));
#1073 = VECTOR('',#1074,1.);
#1074 = DIRECTION('',(-0.707106781187,-0.707106781187,0.));
#1075 = ORIENTED_EDGE('',*,*,#1076,.F.);
#1076 = EDGE_CURVE('',#1077,#1069,#1079,.T.);
#1077 = VERTEX_POINT('',#1078);
#1078 = CARTESIAN_POINT('',(1.847342035991,2.149171017995,1.55));
#1079 = LINE('',#1080,#1081);
#1080 = CARTESIAN_POINT('',(1.847342035991,2.149171017995,1.55));
#1081 = VECTOR('',#1082,1.);
#1082 = DIRECTION('',(1.110223024625E-16,-1.,0.));
#1083 = ORIENTED_EDGE('',*,*,#1084,.F.);
#1084 = EDGE_CURVE('',#1029,#1077,#1085,.T.);
#1085 = LINE('',#1086,#1087);
#1086 = CARTESIAN_POINT('',(1.649171017995,2.347342035991,1.55));
#1087 = VECTOR('',#1088,1.);
#1088 = DIRECTION('',(0.707106781187,-0.707106781187,0.));
#1089 = FACE_BOUND('',#1090,.T.);
#1090 = EDGE_LOOP('',(#1091));
#1091 = ORIENTED_EDGE('',*,*,#1009,.T.);
#1092 = PLANE('',#1093);
#1093 = AXIS2_PLACEMENT_3D('',#1094,#1095,#1096);
#1094 = CARTESIAN_POINT('',(-1.649171017995,2.347342035991,1.55));
#1095 = DIRECTION('',(0.,0.,1.));
#1096 = DIRECTION('',(0.574872573702,-0.818242949255,0.));
#1097 = ADVANCED_FACE('',(#1098),#1121,.F.);
#1098 = FACE_BOUND('',#1099,.F.);
#1099 = EDGE_LOOP('',(#1100,#1110,#1115,#1116));
#1100 = ORIENTED_EDGE('',*,*,#1101,.T.);
#1101 = EDGE_CURVE('',#1102,#1104,#1106,.T.);
#1102 = VERTEX_POINT('',#1103);
#1103 = CARTESIAN_POINT('',(-1.70025,2.4495,0.905));
#1104 = VERTEX_POINT('',#1105);
#1105 = CARTESIAN_POINT('',(1.70025,2.4495,0.905));
#1106 = LINE('',#1107,#1108);
#1107 = CARTESIAN_POINT('',(-1.70025,2.4495,0.905));
#1108 = VECTOR('',#1109,1.);
#1109 = DIRECTION('',(1.,1.110223024625E-16,0.));
#1110 = ORIENTED_EDGE('',*,*,#1111,.T.);
#1111 = EDGE_CURVE('',#1104,#1029,#1112,.T.);
#1112 = B_SPLINE_CURVE_WITH_KNOTS('',1,(#1113,#1114),.UNSPECIFIED.,.F.,
  .F.,(2,2),(0.,1.),.PIECEWISE_BEZIER_KNOTS.);
#1113 = CARTESIAN_POINT('',(1.70025,2.4495,0.905));
#1114 = CARTESIAN_POINT('',(1.649171017995,2.347342035991,1.55));
#1115 = ORIENTED_EDGE('',*,*,#1026,.F.);
#1116 = ORIENTED_EDGE('',*,*,#1117,.F.);
#1117 = EDGE_CURVE('',#1102,#1027,#1118,.T.);
#1118 = B_SPLINE_CURVE_WITH_KNOTS('',1,(#1119,#1120),.UNSPECIFIED.,.F.,
  .F.,(2,2),(0.,1.),.PIECEWISE_BEZIER_KNOTS.);
#1119 = CARTESIAN_POINT('',(-1.70025,2.4495,0.905));
#1120 = CARTESIAN_POINT('',(-1.649171017995,2.347342035991,1.55));
#1121 = B_SPLINE_SURFACE_WITH_KNOTS('',1,1,(
    (#1122,#1123)
    ,(#1124,#1125
    )),.UNSPECIFIED.,.F.,.F.,.F.,(2,2),(2,2),(0.,3.4005),(0.,1.),
  .PIECEWISE_BEZIER_KNOTS.);
#1122 = CARTESIAN_POINT('',(-1.70025,2.4495,0.905));
#1123 = CARTESIAN_POINT('',(-1.649171017995,2.347342035991,1.55));
#1124 = CARTESIAN_POINT('',(1.70025,2.4495,0.905));
#1125 = CARTESIAN_POINT('',(1.649171017995,2.347342035991,1.55));
#1126 = ADVANCED_FACE('',(#1127),#1144,.F.);
#1127 = FACE_BOUND('',#1128,.F.);
#1128 = EDGE_LOOP('',(#1129,#1137,#1138,#1139));
#1129 = ORIENTED_EDGE('',*,*,#1130,.T.);
#1130 = EDGE_CURVE('',#1131,#1102,#1133,.T.);
#1131 = VERTEX_POINT('',#1132);
#1132 = CARTESIAN_POINT('',(-1.9495,2.20025,0.905));
#1133 = LINE('',#1134,#1135);
#1134 = CARTESIAN_POINT('',(-1.9495,2.20025,0.905));
#1135 = VECTOR('',#1136,1.);
#1136 = DIRECTION('',(0.707106781187,0.707106781187,0.));
#1137 = ORIENTED_EDGE('',*,*,#1117,.T.);
#1138 = ORIENTED_EDGE('',*,*,#1036,.F.);
#1139 = ORIENTED_EDGE('',*,*,#1140,.F.);
#1140 = EDGE_CURVE('',#1131,#1037,#1141,.T.);
#1141 = B_SPLINE_CURVE_WITH_KNOTS('',1,(#1142,#1143),.UNSPECIFIED.,.F.,
  .F.,(2,2),(0.,1.),.PIECEWISE_BEZIER_KNOTS.);
#1142 = CARTESIAN_POINT('',(-1.9495,2.20025,0.905));
#1143 = CARTESIAN_POINT('',(-1.847342035991,2.149171017995,1.55));
#1144 = B_SPLINE_SURFACE_WITH_KNOTS('',1,1,(
    (#1145,#1146)
    ,(#1147,#1148
    )),.UNSPECIFIED.,.F.,.F.,.F.,(2,2),(2,2),(0.,0.352492730421),(0.,1.)
  ,.PIECEWISE_BEZIER_KNOTS.);
#1145 = CARTESIAN_POINT('',(-1.9495,2.20025,0.905));
#1146 = CARTESIAN_POINT('',(-1.847342035991,2.149171017995,1.55));
#1147 = CARTESIAN_POINT('',(-1.70025,2.4495,0.905));
#1148 = CARTESIAN_POINT('',(-1.649171017995,2.347342035991,1.55));
#1149 = ADVANCED_FACE('',(#1150),#1167,.F.);
#1150 = FACE_BOUND('',#1151,.F.);
#1151 = EDGE_LOOP('',(#1152,#1160,#1165,#1166));
#1152 = ORIENTED_EDGE('',*,*,#1153,.T.);
#1153 = EDGE_CURVE('',#1104,#1154,#1156,.T.);
#1154 = VERTEX_POINT('',#1155);
#1155 = CARTESIAN_POINT('',(1.9495,2.20025,0.905));
#1156 = LINE('',#1157,#1158);
#1157 = CARTESIAN_POINT('',(1.70025,2.4495,0.905));
#1158 = VECTOR('',#1159,1.);
#1159 = DIRECTION('',(0.707106781187,-0.707106781187,0.));
#1160 = ORIENTED_EDGE('',*,*,#1161,.T.);
#1161 = EDGE_CURVE('',#1154,#1077,#1162,.T.);
#1162 = B_SPLINE_CURVE_WITH_KNOTS('',1,(#1163,#1164),.UNSPECIFIED.,.F.,
  .F.,(2,2),(0.,1.),.PIECEWISE_BEZIER_KNOTS.);
#1163 = CARTESIAN_POINT('',(1.9495,2.20025,0.905));
#1164 = CARTESIAN_POINT('',(1.847342035991,2.149171017995,1.55));
#1165 = ORIENTED_EDGE('',*,*,#1084,.F.);
#1166 = ORIENTED_EDGE('',*,*,#1111,.F.);
#1167 = B_SPLINE_SURFACE_WITH_KNOTS('',1,1,(
    (#1168,#1169)
    ,(#1170,#1171
    )),.UNSPECIFIED.,.F.,.F.,.F.,(2,2),(2,2),(0.,0.352492730421),(0.,1.)
  ,.PIECEWISE_BEZIER_KNOTS.);
#1168 = CARTESIAN_POINT('',(1.70025,2.4495,0.905));
#1169 = CARTESIAN_POINT('',(1.649171017995,2.347342035991,1.55));
#1170 = CARTESIAN_POINT('',(1.9495,2.20025,0.905));
#1171 = CARTESIAN_POINT('',(1.847342035991,2.149171017995,1.55));
#1172 = ADVANCED_FACE('',(#1173),#1254,.F.);
#1173 = FACE_BOUND('',#1174,.F.);
#1174 = EDGE_LOOP('',(#1175,#1185,#1193,#1201,#1209,#1217,#1225,#1233,
    #1241,#1247,#1248,#1249));
#1175 = ORIENTED_EDGE('',*,*,#1176,.T.);
#1176 = EDGE_CURVE('',#1177,#1179,#1181,.T.);
#1177 = VERTEX_POINT('',#1178);
#1178 = CARTESIAN_POINT('',(-1.9495,-2.20025,0.905));
#1179 = VERTEX_POINT('',#1180);
#1180 = CARTESIAN_POINT('',(-1.9495,-2.11,0.905));
#1181 = LINE('',#1182,#1183);
#1182 = CARTESIAN_POINT('',(-1.9495,-2.20025,0.905));
#1183 = VECTOR('',#1184,1.);
#1184 = DIRECTION('',(-1.110223024625E-16,1.,0.));
#1185 = ORIENTED_EDGE('',*,*,#1186,.T.);
#1186 = EDGE_CURVE('',#1179,#1187,#1189,.T.);
#1187 = VERTEX_POINT('',#1188);
#1188 = CARTESIAN_POINT('',(-1.9495,-1.7,0.905));
#1189 = LINE('',#1190,#1191);
#1190 = CARTESIAN_POINT('',(-1.9495,-2.20025,0.905));
#1191 = VECTOR('',#1192,1.);
#1192 = DIRECTION('',(-1.110223024625E-16,1.,0.));
#1193 = ORIENTED_EDGE('',*,*,#1194,.T.);
#1194 = EDGE_CURVE('',#1187,#1195,#1197,.T.);
#1195 = VERTEX_POINT('',#1196);
#1196 = CARTESIAN_POINT('',(-1.9495,-0.84,0.905));
#1197 = LINE('',#1198,#1199);
#1198 = CARTESIAN_POINT('',(-1.9495,-2.20025,0.905));
#1199 = VECTOR('',#1200,1.);
#1200 = DIRECTION('',(-1.110223024625E-16,1.,0.));
#1201 = ORIENTED_EDGE('',*,*,#1202,.T.);
#1202 = EDGE_CURVE('',#1195,#1203,#1205,.T.);
#1203 = VERTEX_POINT('',#1204);
#1204 = CARTESIAN_POINT('',(-1.9495,-0.43,0.905));
#1205 = LINE('',#1206,#1207);
#1206 = CARTESIAN_POINT('',(-1.9495,-2.20025,0.905));
#1207 = VECTOR('',#1208,1.);
#1208 = DIRECTION('',(-1.110223024625E-16,1.,0.));
#1209 = ORIENTED_EDGE('',*,*,#1210,.T.);
#1210 = EDGE_CURVE('',#1203,#1211,#1213,.T.);
#1211 = VERTEX_POINT('',#1212);
#1212 = CARTESIAN_POINT('',(-1.9495,0.43,0.905));
#1213 = LINE('',#1214,#1215);
#1214 = CARTESIAN_POINT('',(-1.9495,-2.20025,0.905));
#1215 = VECTOR('',#1216,1.);
#1216 = DIRECTION('',(-1.110223024625E-16,1.,0.));
#1217 = ORIENTED_EDGE('',*,*,#1218,.T.);
#1218 = EDGE_CURVE('',#1211,#1219,#1221,.T.);
#1219 = VERTEX_POINT('',#1220);
#1220 = CARTESIAN_POINT('',(-1.9495,0.84,0.905));
#1221 = LINE('',#1222,#1223);
#1222 = CARTESIAN_POINT('',(-1.9495,-2.20025,0.905));
#1223 = VECTOR('',#1224,1.);
#1224 = DIRECTION('',(-1.110223024625E-16,1.,0.));
#1225 = ORIENTED_EDGE('',*,*,#1226,.T.);
#1226 = EDGE_CURVE('',#1219,#1227,#1229,.T.);
#1227 = VERTEX_POINT('',#1228);
#1228 = CARTESIAN_POINT('',(-1.9495,1.7,0.905));
#1229 = LINE('',#1230,#1231);
#1230 = CARTESIAN_POINT('',(-1.9495,-2.20025,0.905));
#1231 = VECTOR('',#1232,1.);
#1232 = DIRECTION('',(-1.110223024625E-16,1.,0.));
#1233 = ORIENTED_EDGE('',*,*,#1234,.T.);
#1234 = EDGE_CURVE('',#1227,#1235,#1237,.T.);
#1235 = VERTEX_POINT('',#1236);
#1236 = CARTESIAN_POINT('',(-1.9495,2.11,0.905));
#1237 = LINE('',#1238,#1239);
#1238 = CARTESIAN_POINT('',(-1.9495,-2.20025,0.905));
#1239 = VECTOR('',#1240,1.);
#1240 = DIRECTION('',(-1.110223024625E-16,1.,0.));
#1241 = ORIENTED_EDGE('',*,*,#1242,.T.);
#1242 = EDGE_CURVE('',#1235,#1131,#1243,.T.);
#1243 = LINE('',#1244,#1245);
#1244 = CARTESIAN_POINT('',(-1.9495,-2.20025,0.905));
#1245 = VECTOR('',#1246,1.);
#1246 = DIRECTION('',(-1.110223024625E-16,1.,0.));
#1247 = ORIENTED_EDGE('',*,*,#1140,.T.);
#1248 = ORIENTED_EDGE('',*,*,#1044,.F.);
#1249 = ORIENTED_EDGE('',*,*,#1250,.F.);
#1250 = EDGE_CURVE('',#1177,#1045,#1251,.T.);
#1251 = B_SPLINE_CURVE_WITH_KNOTS('',1,(#1252,#1253),.UNSPECIFIED.,.F.,
  .F.,(2,2),(0.,1.),.PIECEWISE_BEZIER_KNOTS.);
#1252 = CARTESIAN_POINT('',(-1.9495,-2.20025,0.905));
#1253 = CARTESIAN_POINT('',(-1.847342035991,-2.149171017995,1.55));
#1254 = B_SPLINE_SURFACE_WITH_KNOTS('',1,1,(
    (#1255,#1256)
    ,(#1257,#1258
    )),.UNSPECIFIED.,.F.,.F.,.F.,(2,2),(2,2),(0.,4.4005),(0.,1.),
  .PIECEWISE_BEZIER_KNOTS.);
#1255 = CARTESIAN_POINT('',(-1.9495,-2.20025,0.905));
#1256 = CARTESIAN_POINT('',(-1.847342035991,-2.149171017995,1.55));
#1257 = CARTESIAN_POINT('',(-1.9495,2.20025,0.905));
#1258 = CARTESIAN_POINT('',(-1.847342035991,2.149171017995,1.55));
#1259 = ADVANCED_FACE('',(#1260),#1341,.F.);
#1260 = FACE_BOUND('',#1261,.F.);
#1261 = EDGE_LOOP('',(#1262,#1270,#1278,#1286,#1294,#1302,#1310,#1318,
    #1326,#1334,#1339,#1340));
#1262 = ORIENTED_EDGE('',*,*,#1263,.T.);
#1263 = EDGE_CURVE('',#1154,#1264,#1266,.T.);
#1264 = VERTEX_POINT('',#1265);
#1265 = CARTESIAN_POINT('',(1.9495,2.11,0.905));
#1266 = LINE('',#1267,#1268);
#1267 = CARTESIAN_POINT('',(1.9495,2.20025,0.905));
#1268 = VECTOR('',#1269,1.);
#1269 = DIRECTION('',(1.110223024625E-16,-1.,0.));
#1270 = ORIENTED_EDGE('',*,*,#1271,.T.);
#1271 = EDGE_CURVE('',#1264,#1272,#1274,.T.);
#1272 = VERTEX_POINT('',#1273);
#1273 = CARTESIAN_POINT('',(1.9495,1.7,0.905));
#1274 = LINE('',#1275,#1276);
#1275 = CARTESIAN_POINT('',(1.9495,2.20025,0.905));
#1276 = VECTOR('',#1277,1.);
#1277 = DIRECTION('',(1.110223024625E-16,-1.,0.));
#1278 = ORIENTED_EDGE('',*,*,#1279,.T.);
#1279 = EDGE_CURVE('',#1272,#1280,#1282,.T.);
#1280 = VERTEX_POINT('',#1281);
#1281 = CARTESIAN_POINT('',(1.9495,0.84,0.905));
#1282 = LINE('',#1283,#1284);
#1283 = CARTESIAN_POINT('',(1.9495,2.20025,0.905));
#1284 = VECTOR('',#1285,1.);
#1285 = DIRECTION('',(1.110223024625E-16,-1.,0.));
#1286 = ORIENTED_EDGE('',*,*,#1287,.T.);
#1287 = EDGE_CURVE('',#1280,#1288,#1290,.T.);
#1288 = VERTEX_POINT('',#1289);
#1289 = CARTESIAN_POINT('',(1.9495,0.43,0.905));
#1290 = LINE('',#1291,#1292);
#1291 = CARTESIAN_POINT('',(1.9495,2.20025,0.905));
#1292 = VECTOR('',#1293,1.);
#1293 = DIRECTION('',(1.110223024625E-16,-1.,0.));
#1294 = ORIENTED_EDGE('',*,*,#1295,.T.);
#1295 = EDGE_CURVE('',#1288,#1296,#1298,.T.);
#1296 = VERTEX_POINT('',#1297);
#1297 = CARTESIAN_POINT('',(1.9495,-0.43,0.905));
#1298 = LINE('',#1299,#1300);
#1299 = CARTESIAN_POINT('',(1.9495,2.20025,0.905));
#1300 = VECTOR('',#1301,1.);
#1301 = DIRECTION('',(1.110223024625E-16,-1.,0.));
#1302 = ORIENTED_EDGE('',*,*,#1303,.T.);
#1303 = EDGE_CURVE('',#1296,#1304,#1306,.T.);
#1304 = VERTEX_POINT('',#1305);
#1305 = CARTESIAN_POINT('',(1.9495,-0.84,0.905));
#1306 = LINE('',#1307,#1308);
#1307 = CARTESIAN_POINT('',(1.9495,2.20025,0.905));
#1308 = VECTOR('',#1309,1.);
#1309 = DIRECTION('',(1.110223024625E-16,-1.,0.));
#1310 = ORIENTED_EDGE('',*,*,#1311,.T.);
#1311 = EDGE_CURVE('',#1304,#1312,#1314,.T.);
#1312 = VERTEX_POINT('',#1313);
#1313 = CARTESIAN_POINT('',(1.9495,-1.7,0.905));
#1314 = LINE('',#1315,#1316);
#1315 = CARTESIAN_POINT('',(1.9495,2.20025,0.905));
#1316 = VECTOR('',#1317,1.);
#1317 = DIRECTION('',(1.110223024625E-16,-1.,0.));
#1318 = ORIENTED_EDGE('',*,*,#1319,.T.);
#1319 = EDGE_CURVE('',#1312,#1320,#1322,.T.);
#1320 = VERTEX_POINT('',#1321);
#1321 = CARTESIAN_POINT('',(1.9495,-2.11,0.905));
#1322 = LINE('',#1323,#1324);
#1323 = CARTESIAN_POINT('',(1.9495,2.20025,0.905));
#1324 = VECTOR('',#1325,1.);
#1325 = DIRECTION('',(1.110223024625E-16,-1.,0.));
#1326 = ORIENTED_EDGE('',*,*,#1327,.T.);
#1327 = EDGE_CURVE('',#1320,#1328,#1330,.T.);
#1328 = VERTEX_POINT('',#1329);
#1329 = CARTESIAN_POINT('',(1.9495,-2.20025,0.905));
#1330 = LINE('',#1331,#1332);
#1331 = CARTESIAN_POINT('',(1.9495,2.20025,0.905));
#1332 = VECTOR('',#1333,1.);
#1333 = DIRECTION('',(1.110223024625E-16,-1.,0.));
#1334 = ORIENTED_EDGE('',*,*,#1335,.T.);
#1335 = EDGE_CURVE('',#1328,#1069,#1336,.T.);
#1336 = B_SPLINE_CURVE_WITH_KNOTS('',1,(#1337,#1338),.UNSPECIFIED.,.F.,
  .F.,(2,2),(0.,1.),.PIECEWISE_BEZIER_KNOTS.);
#1337 = CARTESIAN_POINT('',(1.9495,-2.20025,0.905));
#1338 = CARTESIAN_POINT('',(1.847342035991,-2.149171017995,1.55));
#1339 = ORIENTED_EDGE('',*,*,#1076,.F.);
#1340 = ORIENTED_EDGE('',*,*,#1161,.F.);
#1341 = B_SPLINE_SURFACE_WITH_KNOTS('',1,1,(
    (#1342,#1343)
    ,(#1344,#1345
    )),.UNSPECIFIED.,.F.,.F.,.F.,(2,2),(2,2),(0.,4.4005),(0.,1.),
  .PIECEWISE_BEZIER_KNOTS.);
#1342 = CARTESIAN_POINT('',(1.9495,2.20025,0.905));
#1343 = CARTESIAN_POINT('',(1.847342035991,2.149171017995,1.55));
#1344 = CARTESIAN_POINT('',(1.9495,-2.20025,0.905));
#1345 = CARTESIAN_POINT('',(1.847342035991,-2.149171017995,1.55));
#1346 = ADVANCED_FACE('',(#1347),#1364,.F.);
#1347 = FACE_BOUND('',#1348,.F.);
#1348 = EDGE_LOOP('',(#1349,#1357,#1358,#1359));
#1349 = ORIENTED_EDGE('',*,*,#1350,.T.);
#1350 = EDGE_CURVE('',#1351,#1177,#1353,.T.);
#1351 = VERTEX_POINT('',#1352);
#1352 = CARTESIAN_POINT('',(-1.70025,-2.4495,0.905));
#1353 = LINE('',#1354,#1355);
#1354 = CARTESIAN_POINT('',(-1.70025,-2.4495,0.905));
#1355 = VECTOR('',#1356,1.);
#1356 = DIRECTION('',(-0.707106781187,0.707106781187,0.));
#1357 = ORIENTED_EDGE('',*,*,#1250,.T.);
#1358 = ORIENTED_EDGE('',*,*,#1052,.F.);
#1359 = ORIENTED_EDGE('',*,*,#1360,.F.);
#1360 = EDGE_CURVE('',#1351,#1053,#1361,.T.);
#1361 = B_SPLINE_CURVE_WITH_KNOTS('',1,(#1362,#1363),.UNSPECIFIED.,.F.,
  .F.,(2,2),(0.,1.),.PIECEWISE_BEZIER_KNOTS.);
#1362 = CARTESIAN_POINT('',(-1.70025,-2.4495,0.905));
#1363 = CARTESIAN_POINT('',(-1.649171017995,-2.347342035991,1.55));
#1364 = B_SPLINE_SURFACE_WITH_KNOTS('',1,1,(
    (#1365,#1366)
    ,(#1367,#1368
    )),.UNSPECIFIED.,.F.,.F.,.F.,(2,2),(2,2),(0.,0.352492730421),(0.,1.)
  ,.PIECEWISE_BEZIER_KNOTS.);
#1365 = CARTESIAN_POINT('',(-1.70025,-2.4495,0.905));
#1366 = CARTESIAN_POINT('',(-1.649171017995,-2.347342035991,1.55));
#1367 = CARTESIAN_POINT('',(-1.9495,-2.20025,0.905));
#1368 = CARTESIAN_POINT('',(-1.847342035991,-2.149171017995,1.55));
#1369 = ADVANCED_FACE('',(#1370),#1387,.F.);
#1370 = FACE_BOUND('',#1371,.F.);
#1371 = EDGE_LOOP('',(#1372,#1380,#1385,#1386));
#1372 = ORIENTED_EDGE('',*,*,#1373,.T.);
#1373 = EDGE_CURVE('',#1328,#1374,#1376,.T.);
#1374 = VERTEX_POINT('',#1375);
#1375 = CARTESIAN_POINT('',(1.70025,-2.4495,0.905));
#1376 = LINE('',#1377,#1378);
#1377 = CARTESIAN_POINT('',(1.9495,-2.20025,0.905));
#1378 = VECTOR('',#1379,1.);
#1379 = DIRECTION('',(-0.707106781187,-0.707106781187,0.));
#1380 = ORIENTED_EDGE('',*,*,#1381,.T.);
#1381 = EDGE_CURVE('',#1374,#1061,#1382,.T.);
#1382 = B_SPLINE_CURVE_WITH_KNOTS('',1,(#1383,#1384),.UNSPECIFIED.,.F.,
  .F.,(2,2),(0.,1.),.PIECEWISE_BEZIER_KNOTS.);
#1383 = CARTESIAN_POINT('',(1.70025,-2.4495,0.905));
#1384 = CARTESIAN_POINT('',(1.649171017995,-2.347342035991,1.55));
#1385 = ORIENTED_EDGE('',*,*,#1068,.F.);
#1386 = ORIENTED_EDGE('',*,*,#1335,.F.);
#1387 = B_SPLINE_SURFACE_WITH_KNOTS('',1,1,(
    (#1388,#1389)
    ,(#1390,#1391
    )),.UNSPECIFIED.,.F.,.F.,.F.,(2,2),(2,2),(0.,0.352492730421),(0.,1.)
  ,.PIECEWISE_BEZIER_KNOTS.);
#1388 = CARTESIAN_POINT('',(1.9495,-2.20025,0.905));
#1389 = CARTESIAN_POINT('',(1.847342035991,-2.149171017995,1.55));
#1390 = CARTESIAN_POINT('',(1.70025,-2.4495,0.905));
#1391 = CARTESIAN_POINT('',(1.649171017995,-2.347342035991,1.55));
#1392 = ADVANCED_FACE('',(#1393),#1404,.F.);
#1393 = FACE_BOUND('',#1394,.F.);
#1394 = EDGE_LOOP('',(#1395,#1401,#1402,#1403));
#1395 = ORIENTED_EDGE('',*,*,#1396,.T.);
#1396 = EDGE_CURVE('',#1374,#1351,#1397,.T.);
#1397 = LINE('',#1398,#1399);
#1398 = CARTESIAN_POINT('',(1.70025,-2.4495,0.905));
#1399 = VECTOR('',#1400,1.);
#1400 = DIRECTION('',(-1.,-1.110223024625E-16,0.));
#1401 = ORIENTED_EDGE('',*,*,#1360,.T.);
#1402 = ORIENTED_EDGE('',*,*,#1060,.F.);
#1403 = ORIENTED_EDGE('',*,*,#1381,.F.);
#1404 = B_SPLINE_SURFACE_WITH_KNOTS('',1,1,(
    (#1405,#1406)
    ,(#1407,#1408
    )),.UNSPECIFIED.,.F.,.F.,.F.,(2,2),(2,2),(0.,3.4005),(0.,1.),
  .PIECEWISE_BEZIER_KNOTS.);
#1405 = CARTESIAN_POINT('',(1.70025,-2.4495,0.905));
#1406 = CARTESIAN_POINT('',(1.649171017995,-2.347342035991,1.55));
#1407 = CARTESIAN_POINT('',(-1.70025,-2.4495,0.905));
#1408 = CARTESIAN_POINT('',(-1.649171017995,-2.347342035991,1.55));
#1409 = ADVANCED_FACE('',(#1410),#1471,.F.);
#1410 = FACE_BOUND('',#1411,.F.);
#1411 = EDGE_LOOP('',(#1412,#1422,#1430,#1438,#1446,#1452,#1453,#1454,
    #1455,#1456,#1457,#1465));
#1412 = ORIENTED_EDGE('',*,*,#1413,.T.);
#1413 = EDGE_CURVE('',#1414,#1416,#1418,.T.);
#1414 = VERTEX_POINT('',#1415);
#1415 = CARTESIAN_POINT('',(-1.95,2.2005,0.905));
#1416 = VERTEX_POINT('',#1417);
#1417 = CARTESIAN_POINT('',(-1.7005,2.45,0.905));
#1418 = LINE('',#1419,#1420);
#1419 = CARTESIAN_POINT('',(-1.95,2.2005,0.905));
#1420 = VECTOR('',#1421,1.);
#1421 = DIRECTION('',(0.707106781187,0.707106781187,0.));
#1422 = ORIENTED_EDGE('',*,*,#1423,.T.);
#1423 = EDGE_CURVE('',#1416,#1424,#1426,.T.);
#1424 = VERTEX_POINT('',#1425);
#1425 = CARTESIAN_POINT('',(1.7005,2.45,0.905));
#1426 = LINE('',#1427,#1428);
#1427 = CARTESIAN_POINT('',(-1.7005,2.45,0.905));
#1428 = VECTOR('',#1429,1.);
#1429 = DIRECTION('',(1.,1.110223024625E-16,0.));
#1430 = ORIENTED_EDGE('',*,*,#1431,.T.);
#1431 = EDGE_CURVE('',#1424,#1432,#1434,.T.);
#1432 = VERTEX_POINT('',#1433);
#1433 = CARTESIAN_POINT('',(1.95,2.2005,0.905));
#1434 = LINE('',#1435,#1436);
#1435 = CARTESIAN_POINT('',(1.7005,2.45,0.905));
#1436 = VECTOR('',#1437,1.);
#1437 = DIRECTION('',(0.707106781187,-0.707106781187,0.));
#1438 = ORIENTED_EDGE('',*,*,#1439,.T.);
#1439 = EDGE_CURVE('',#1432,#1440,#1442,.T.);
#1440 = VERTEX_POINT('',#1441);
#1441 = CARTESIAN_POINT('',(1.95,2.11,0.905));
#1442 = LINE('',#1443,#1444);
#1443 = CARTESIAN_POINT('',(1.95,2.2005,0.905));
#1444 = VECTOR('',#1445,1.);
#1445 = DIRECTION('',(1.110223024625E-16,-1.,0.));
#1446 = ORIENTED_EDGE('',*,*,#1447,.T.);
#1447 = EDGE_CURVE('',#1440,#1264,#1448,.T.);
#1448 = LINE('',#1449,#1450);
#1449 = CARTESIAN_POINT('',(2.25,2.11,0.905));
#1450 = VECTOR('',#1451,1.);
#1451 = DIRECTION('',(-1.,-1.110223024625E-16,0.));
#1452 = ORIENTED_EDGE('',*,*,#1263,.F.);
#1453 = ORIENTED_EDGE('',*,*,#1153,.F.);
#1454 = ORIENTED_EDGE('',*,*,#1101,.F.);
#1455 = ORIENTED_EDGE('',*,*,#1130,.F.);
#1456 = ORIENTED_EDGE('',*,*,#1242,.F.);
#1457 = ORIENTED_EDGE('',*,*,#1458,.F.);
#1458 = EDGE_CURVE('',#1459,#1235,#1461,.T.);
#1459 = VERTEX_POINT('',#1460);
#1460 = CARTESIAN_POINT('',(-1.95,2.11,0.905));
#1461 = LINE('',#1462,#1463);
#1462 = CARTESIAN_POINT('',(-2.25,2.11,0.905));
#1463 = VECTOR('',#1464,1.);
#1464 = DIRECTION('',(1.,-1.144237745222E-17,0.));
#1465 = ORIENTED_EDGE('',*,*,#1466,.T.);
#1466 = EDGE_CURVE('',#1459,#1414,#1467,.T.);
#1467 = LINE('',#1468,#1469);
#1468 = CARTESIAN_POINT('',(-1.95,-2.2005,0.905));
#1469 = VECTOR('',#1470,1.);
#1470 = DIRECTION('',(-1.110223024625E-16,1.,0.));
#1471 = PLANE('',#1472);
#1472 = AXIS2_PLACEMENT_3D('',#1473,#1474,#1475);
#1473 = CARTESIAN_POINT('',(-3.398748225007E-16,2.44975,0.905));
#1474 = DIRECTION('',(5.214436594795E-32,-6.649901845667E-24,-1.));
#1475 = DIRECTION('',(1.,1.692993148776E-16,5.214436482213E-32));
#1476 = ADVANCED_FACE('',(#1477),#1538,.F.);
#1477 = FACE_BOUND('',#1478,.F.);
#1478 = EDGE_LOOP('',(#1479,#1489,#1495,#1496,#1497,#1498,#1499,#1500,
    #1508,#1516,#1524,#1532));
#1479 = ORIENTED_EDGE('',*,*,#1480,.T.);
#1480 = EDGE_CURVE('',#1481,#1483,#1485,.T.);
#1481 = VERTEX_POINT('',#1482);
#1482 = CARTESIAN_POINT('',(-1.95,-2.2005,0.905));
#1483 = VERTEX_POINT('',#1484);
#1484 = CARTESIAN_POINT('',(-1.95,-2.11,0.905));
#1485 = LINE('',#1486,#1487);
#1486 = CARTESIAN_POINT('',(-1.95,-2.2005,0.905));
#1487 = VECTOR('',#1488,1.);
#1488 = DIRECTION('',(-1.110223024625E-16,1.,0.));
#1489 = ORIENTED_EDGE('',*,*,#1490,.T.);
#1490 = EDGE_CURVE('',#1483,#1179,#1491,.T.);
#1491 = LINE('',#1492,#1493);
#1492 = CARTESIAN_POINT('',(-2.25,-2.11,0.905));
#1493 = VECTOR('',#1494,1.);
#1494 = DIRECTION('',(1.,-1.144237745222E-17,0.));
#1495 = ORIENTED_EDGE('',*,*,#1176,.F.);
#1496 = ORIENTED_EDGE('',*,*,#1350,.F.);
#1497 = ORIENTED_EDGE('',*,*,#1396,.F.);
#1498 = ORIENTED_EDGE('',*,*,#1373,.F.);
#1499 = ORIENTED_EDGE('',*,*,#1327,.F.);
#1500 = ORIENTED_EDGE('',*,*,#1501,.F.);
#1501 = EDGE_CURVE('',#1502,#1320,#1504,.T.);
#1502 = VERTEX_POINT('',#1503);
#1503 = CARTESIAN_POINT('',(1.95,-2.11,0.905));
#1504 = LINE('',#1505,#1506);
#1505 = CARTESIAN_POINT('',(2.25,-2.11,0.905));
#1506 = VECTOR('',#1507,1.);
#1507 = DIRECTION('',(-1.,-1.110223024625E-16,0.));
#1508 = ORIENTED_EDGE('',*,*,#1509,.T.);
#1509 = EDGE_CURVE('',#1502,#1510,#1512,.T.);
#1510 = VERTEX_POINT('',#1511);
#1511 = CARTESIAN_POINT('',(1.95,-2.2005,0.905));
#1512 = LINE('',#1513,#1514);
#1513 = CARTESIAN_POINT('',(1.95,2.2005,0.905));
#1514 = VECTOR('',#1515,1.);
#1515 = DIRECTION('',(1.110223024625E-16,-1.,0.));
#1516 = ORIENTED_EDGE('',*,*,#1517,.T.);
#1517 = EDGE_CURVE('',#1510,#1518,#1520,.T.);
#1518 = VERTEX_POINT('',#1519);
#1519 = CARTESIAN_POINT('',(1.7005,-2.45,0.905));
#1520 = LINE('',#1521,#1522);
#1521 = CARTESIAN_POINT('',(1.95,-2.2005,0.905));
#1522 = VECTOR('',#1523,1.);
#1523 = DIRECTION('',(-0.707106781187,-0.707106781187,0.));
#1524 = ORIENTED_EDGE('',*,*,#1525,.T.);
#1525 = EDGE_CURVE('',#1518,#1526,#1528,.T.);
#1526 = VERTEX_POINT('',#1527);
#1527 = CARTESIAN_POINT('',(-1.7005,-2.45,0.905));
#1528 = LINE('',#1529,#1530);
#1529 = CARTESIAN_POINT('',(1.7005,-2.45,0.905));
#1530 = VECTOR('',#1531,1.);
#1531 = DIRECTION('',(-1.,-1.110223024625E-16,0.));
#1532 = ORIENTED_EDGE('',*,*,#1533,.T.);
#1533 = EDGE_CURVE('',#1526,#1481,#1534,.T.);
#1534 = LINE('',#1535,#1536);
#1535 = CARTESIAN_POINT('',(-1.7005,-2.45,0.905));
#1536 = VECTOR('',#1537,1.);
#1537 = DIRECTION('',(-0.707106781187,0.707106781187,0.));
#1538 = PLANE('',#1539);
#1539 = AXIS2_PLACEMENT_3D('',#1540,#1541,#1542);
#1540 = CARTESIAN_POINT('',(-3.398748225007E-16,2.44975,0.905));
#1541 = DIRECTION('',(5.214436594795E-32,-6.649901845667E-24,-1.));
#1542 = DIRECTION('',(1.,1.692993148776E-16,5.214436482213E-32));
#1543 = ADVANCED_FACE('',(#1544),#1578,.F.);
#1544 = FACE_BOUND('',#1545,.F.);
#1545 = EDGE_LOOP('',(#1546,#1554,#1562,#1570,#1576,#1577));
#1546 = ORIENTED_EDGE('',*,*,#1547,.F.);
#1547 = EDGE_CURVE('',#1548,#1483,#1550,.T.);
#1548 = VERTEX_POINT('',#1549);
#1549 = CARTESIAN_POINT('',(-2.25,-2.11,0.905));
#1550 = LINE('',#1551,#1552);
#1551 = CARTESIAN_POINT('',(-2.25,-2.11,0.905));
#1552 = VECTOR('',#1553,1.);
#1553 = DIRECTION('',(1.,-1.144237745222E-17,0.));
#1554 = ORIENTED_EDGE('',*,*,#1555,.T.);
#1555 = EDGE_CURVE('',#1548,#1556,#1558,.T.);
#1556 = VERTEX_POINT('',#1557);
#1557 = CARTESIAN_POINT('',(-2.25,-1.7,0.905));
#1558 = LINE('',#1559,#1560);
#1559 = CARTESIAN_POINT('',(-2.25,-2.11,0.905));
#1560 = VECTOR('',#1561,1.);
#1561 = DIRECTION('',(1.144237745222E-17,1.,0.));
#1562 = ORIENTED_EDGE('',*,*,#1563,.T.);
#1563 = EDGE_CURVE('',#1556,#1564,#1566,.T.);
#1564 = VERTEX_POINT('',#1565);
#1565 = CARTESIAN_POINT('',(-1.95,-1.7,0.905));
#1566 = LINE('',#1567,#1568);
#1567 = CARTESIAN_POINT('',(-2.25,-1.7,0.905));
#1568 = VECTOR('',#1569,1.);
#1569 = DIRECTION('',(1.,-1.144237745222E-17,0.));
#1570 = ORIENTED_EDGE('',*,*,#1571,.T.);
#1571 = EDGE_CURVE('',#1564,#1187,#1572,.T.);
#1572 = LINE('',#1573,#1574);
#1573 = CARTESIAN_POINT('',(-2.25,-1.7,0.905));
#1574 = VECTOR('',#1575,1.);
#1575 = DIRECTION('',(1.,-1.144237745222E-17,0.));
#1576 = ORIENTED_EDGE('',*,*,#1186,.F.);
#1577 = ORIENTED_EDGE('',*,*,#1490,.F.);
#1578 = PLANE('',#1579);
#1579 = AXIS2_PLACEMENT_3D('',#1580,#1581,#1582);
#1580 = CARTESIAN_POINT('',(-2.25,-2.11,0.905));
#1581 = DIRECTION('',(0.,0.,-1.));
#1582 = DIRECTION('',(1.,-1.144237745222E-17,0.));
#1583 = ADVANCED_FACE('',(#1584),#1602,.F.);
#1584 = FACE_BOUND('',#1585,.F.);
#1585 = EDGE_LOOP('',(#1586,#1594,#1600,#1601));
#1586 = ORIENTED_EDGE('',*,*,#1587,.T.);
#1587 = EDGE_CURVE('',#1564,#1588,#1590,.T.);
#1588 = VERTEX_POINT('',#1589);
#1589 = CARTESIAN_POINT('',(-1.95,-0.84,0.905));
#1590 = LINE('',#1591,#1592);
#1591 = CARTESIAN_POINT('',(-1.95,-2.2005,0.905));
#1592 = VECTOR('',#1593,1.);
#1593 = DIRECTION('',(-1.110223024625E-16,1.,0.));
#1594 = ORIENTED_EDGE('',*,*,#1595,.T.);
#1595 = EDGE_CURVE('',#1588,#1195,#1596,.T.);
#1596 = LINE('',#1597,#1598);
#1597 = CARTESIAN_POINT('',(-2.25,-0.84,0.905));
#1598 = VECTOR('',#1599,1.);
#1599 = DIRECTION('',(1.,-1.144237745222E-17,0.));
#1600 = ORIENTED_EDGE('',*,*,#1194,.F.);
#1601 = ORIENTED_EDGE('',*,*,#1571,.F.);
#1602 = PLANE('',#1603);
#1603 = AXIS2_PLACEMENT_3D('',#1604,#1605,#1606);
#1604 = CARTESIAN_POINT('',(-3.398748225007E-16,2.44975,0.905));
#1605 = DIRECTION('',(5.214436594795E-32,-6.649901845667E-24,-1.));
#1606 = DIRECTION('',(1.,1.692993148776E-16,5.214436482213E-32));
#1607 = ADVANCED_FACE('',(#1608),#1642,.F.);
#1608 = FACE_BOUND('',#1609,.F.);
#1609 = EDGE_LOOP('',(#1610,#1618,#1626,#1634,#1640,#1641));
#1610 = ORIENTED_EDGE('',*,*,#1611,.F.);
#1611 = EDGE_CURVE('',#1612,#1588,#1614,.T.);
#1612 = VERTEX_POINT('',#1613);
#1613 = CARTESIAN_POINT('',(-2.25,-0.84,0.905));
#1614 = LINE('',#1615,#1616);
#1615 = CARTESIAN_POINT('',(-2.25,-0.84,0.905));
#1616 = VECTOR('',#1617,1.);
#1617 = DIRECTION('',(1.,-1.144237745222E-17,0.));
#1618 = ORIENTED_EDGE('',*,*,#1619,.T.);
#1619 = EDGE_CURVE('',#1612,#1620,#1622,.T.);
#1620 = VERTEX_POINT('',#1621);
#1621 = CARTESIAN_POINT('',(-2.25,-0.43,0.905));
#1622 = LINE('',#1623,#1624);
#1623 = CARTESIAN_POINT('',(-2.25,-0.84,0.905));
#1624 = VECTOR('',#1625,1.);
#1625 = DIRECTION('',(1.144237745222E-17,1.,0.));
#1626 = ORIENTED_EDGE('',*,*,#1627,.T.);
#1627 = EDGE_CURVE('',#1620,#1628,#1630,.T.);
#1628 = VERTEX_POINT('',#1629);
#1629 = CARTESIAN_POINT('',(-1.95,-0.43,0.905));
#1630 = LINE('',#1631,#1632);
#1631 = CARTESIAN_POINT('',(-2.25,-0.43,0.905));
#1632 = VECTOR('',#1633,1.);
#1633 = DIRECTION('',(1.,-1.144237745222E-17,0.));
#1634 = ORIENTED_EDGE('',*,*,#1635,.T.);
#1635 = EDGE_CURVE('',#1628,#1203,#1636,.T.);
#1636 = LINE('',#1637,#1638);
#1637 = CARTESIAN_POINT('',(-2.25,-0.43,0.905));
#1638 = VECTOR('',#1639,1.);
#1639 = DIRECTION('',(1.,-1.144237745222E-17,0.));
#1640 = ORIENTED_EDGE('',*,*,#1202,.F.);
#1641 = ORIENTED_EDGE('',*,*,#1595,.F.);
#1642 = PLANE('',#1643);
#1643 = AXIS2_PLACEMENT_3D('',#1644,#1645,#1646);
#1644 = CARTESIAN_POINT('',(-2.25,-0.84,0.905));
#1645 = DIRECTION('',(0.,0.,-1.));
#1646 = DIRECTION('',(1.,-1.144237745222E-17,0.));
#1647 = ADVANCED_FACE('',(#1648),#1666,.F.);
#1648 = FACE_BOUND('',#1649,.F.);
#1649 = EDGE_LOOP('',(#1650,#1658,#1664,#1665));
#1650 = ORIENTED_EDGE('',*,*,#1651,.T.);
#1651 = EDGE_CURVE('',#1628,#1652,#1654,.T.);
#1652 = VERTEX_POINT('',#1653);
#1653 = CARTESIAN_POINT('',(-1.95,0.43,0.905));
#1654 = LINE('',#1655,#1656);
#1655 = CARTESIAN_POINT('',(-1.95,-2.2005,0.905));
#1656 = VECTOR('',#1657,1.);
#1657 = DIRECTION('',(-1.110223024625E-16,1.,0.));
#1658 = ORIENTED_EDGE('',*,*,#1659,.T.);
#1659 = EDGE_CURVE('',#1652,#1211,#1660,.T.);
#1660 = LINE('',#1661,#1662);
#1661 = CARTESIAN_POINT('',(-2.25,0.43,0.905));
#1662 = VECTOR('',#1663,1.);
#1663 = DIRECTION('',(1.,-1.144237745222E-17,0.));
#1664 = ORIENTED_EDGE('',*,*,#1210,.F.);
#1665 = ORIENTED_EDGE('',*,*,#1635,.F.);
#1666 = PLANE('',#1667);
#1667 = AXIS2_PLACEMENT_3D('',#1668,#1669,#1670);
#1668 = CARTESIAN_POINT('',(-3.398748225007E-16,2.44975,0.905));
#1669 = DIRECTION('',(5.214436594795E-32,-6.649901845667E-24,-1.));
#1670 = DIRECTION('',(1.,1.692993148776E-16,5.214436482213E-32));
#1671 = ADVANCED_FACE('',(#1672),#1706,.F.);
#1672 = FACE_BOUND('',#1673,.F.);
#1673 = EDGE_LOOP('',(#1674,#1682,#1690,#1698,#1704,#1705));
#1674 = ORIENTED_EDGE('',*,*,#1675,.F.);
#1675 = EDGE_CURVE('',#1676,#1652,#1678,.T.);
#1676 = VERTEX_POINT('',#1677);
#1677 = CARTESIAN_POINT('',(-2.25,0.43,0.905));
#1678 = LINE('',#1679,#1680);
#1679 = CARTESIAN_POINT('',(-2.25,0.43,0.905));
#1680 = VECTOR('',#1681,1.);
#1681 = DIRECTION('',(1.,-1.144237745222E-17,0.));
#1682 = ORIENTED_EDGE('',*,*,#1683,.T.);
#1683 = EDGE_CURVE('',#1676,#1684,#1686,.T.);
#1684 = VERTEX_POINT('',#1685);
#1685 = CARTESIAN_POINT('',(-2.25,0.84,0.905));
#1686 = LINE('',#1687,#1688);
#1687 = CARTESIAN_POINT('',(-2.25,0.43,0.905));
#1688 = VECTOR('',#1689,1.);
#1689 = DIRECTION('',(1.144237745222E-17,1.,0.));
#1690 = ORIENTED_EDGE('',*,*,#1691,.T.);
#1691 = EDGE_CURVE('',#1684,#1692,#1694,.T.);
#1692 = VERTEX_POINT('',#1693);
#1693 = CARTESIAN_POINT('',(-1.95,0.84,0.905));
#1694 = LINE('',#1695,#1696);
#1695 = CARTESIAN_POINT('',(-2.25,0.84,0.905));
#1696 = VECTOR('',#1697,1.);
#1697 = DIRECTION('',(1.,-1.144237745222E-17,0.));
#1698 = ORIENTED_EDGE('',*,*,#1699,.T.);
#1699 = EDGE_CURVE('',#1692,#1219,#1700,.T.);
#1700 = LINE('',#1701,#1702);
#1701 = CARTESIAN_POINT('',(-2.25,0.84,0.905));
#1702 = VECTOR('',#1703,1.);
#1703 = DIRECTION('',(1.,-1.144237745222E-17,0.));
#1704 = ORIENTED_EDGE('',*,*,#1218,.F.);
#1705 = ORIENTED_EDGE('',*,*,#1659,.F.);
#1706 = PLANE('',#1707);
#1707 = AXIS2_PLACEMENT_3D('',#1708,#1709,#1710);
#1708 = CARTESIAN_POINT('',(-2.25,0.43,0.905));
#1709 = DIRECTION('',(0.,0.,-1.));
#1710 = DIRECTION('',(1.,-1.144237745222E-17,0.));
#1711 = ADVANCED_FACE('',(#1712),#1730,.F.);
#1712 = FACE_BOUND('',#1713,.F.);
#1713 = EDGE_LOOP('',(#1714,#1722,#1728,#1729));
#1714 = ORIENTED_EDGE('',*,*,#1715,.T.);
#1715 = EDGE_CURVE('',#1692,#1716,#1718,.T.);
#1716 = VERTEX_POINT('',#1717);
#1717 = CARTESIAN_POINT('',(-1.95,1.7,0.905));
#1718 = LINE('',#1719,#1720);
#1719 = CARTESIAN_POINT('',(-1.95,-2.2005,0.905));
#1720 = VECTOR('',#1721,1.);
#1721 = DIRECTION('',(-1.110223024625E-16,1.,0.));
#1722 = ORIENTED_EDGE('',*,*,#1723,.T.);
#1723 = EDGE_CURVE('',#1716,#1227,#1724,.T.);
#1724 = LINE('',#1725,#1726);
#1725 = CARTESIAN_POINT('',(-2.25,1.7,0.905));
#1726 = VECTOR('',#1727,1.);
#1727 = DIRECTION('',(1.,-1.144237745222E-17,0.));
#1728 = ORIENTED_EDGE('',*,*,#1226,.F.);
#1729 = ORIENTED_EDGE('',*,*,#1699,.F.);
#1730 = PLANE('',#1731);
#1731 = AXIS2_PLACEMENT_3D('',#1732,#1733,#1734);
#1732 = CARTESIAN_POINT('',(-3.398748225007E-16,2.44975,0.905));
#1733 = DIRECTION('',(5.214436594795E-32,-6.649901845667E-24,-1.));
#1734 = DIRECTION('',(1.,1.692993148776E-16,5.214436482213E-32));
#1735 = ADVANCED_FACE('',(#1736),#1763,.F.);
#1736 = FACE_BOUND('',#1737,.F.);
#1737 = EDGE_LOOP('',(#1738,#1746,#1754,#1760,#1761,#1762));
#1738 = ORIENTED_EDGE('',*,*,#1739,.F.);
#1739 = EDGE_CURVE('',#1740,#1716,#1742,.T.);
#1740 = VERTEX_POINT('',#1741);
#1741 = CARTESIAN_POINT('',(-2.25,1.7,0.905));
#1742 = LINE('',#1743,#1744);
#1743 = CARTESIAN_POINT('',(-2.25,1.7,0.905));
#1744 = VECTOR('',#1745,1.);
#1745 = DIRECTION('',(1.,-1.144237745222E-17,0.));
#1746 = ORIENTED_EDGE('',*,*,#1747,.T.);
#1747 = EDGE_CURVE('',#1740,#1748,#1750,.T.);
#1748 = VERTEX_POINT('',#1749);
#1749 = CARTESIAN_POINT('',(-2.25,2.11,0.905));
#1750 = LINE('',#1751,#1752);
#1751 = CARTESIAN_POINT('',(-2.25,1.7,0.905));
#1752 = VECTOR('',#1753,1.);
#1753 = DIRECTION('',(1.144237745222E-17,1.,0.));
#1754 = ORIENTED_EDGE('',*,*,#1755,.T.);
#1755 = EDGE_CURVE('',#1748,#1459,#1756,.T.);
#1756 = LINE('',#1757,#1758);
#1757 = CARTESIAN_POINT('',(-2.25,2.11,0.905));
#1758 = VECTOR('',#1759,1.);
#1759 = DIRECTION('',(1.,-1.144237745222E-17,0.));
#1760 = ORIENTED_EDGE('',*,*,#1458,.T.);
#1761 = ORIENTED_EDGE('',*,*,#1234,.F.);
#1762 = ORIENTED_EDGE('',*,*,#1723,.F.);
#1763 = PLANE('',#1764);
#1764 = AXIS2_PLACEMENT_3D('',#1765,#1766,#1767);
#1765 = CARTESIAN_POINT('',(-2.25,1.7,0.905));
#1766 = DIRECTION('',(0.,0.,-1.));
#1767 = DIRECTION('',(1.,-1.144237745222E-17,0.));
#1768 = ADVANCED_FACE('',(#1769),#1803,.F.);
#1769 = FACE_BOUND('',#1770,.F.);
#1770 = EDGE_LOOP('',(#1771,#1779,#1787,#1795,#1801,#1802));
#1771 = ORIENTED_EDGE('',*,*,#1772,.F.);
#1772 = EDGE_CURVE('',#1773,#1440,#1775,.T.);
#1773 = VERTEX_POINT('',#1774);
#1774 = CARTESIAN_POINT('',(2.25,2.11,0.905));
#1775 = LINE('',#1776,#1777);
#1776 = CARTESIAN_POINT('',(2.25,2.11,0.905));
#1777 = VECTOR('',#1778,1.);
#1778 = DIRECTION('',(-1.,-1.110223024625E-16,0.));
#1779 = ORIENTED_EDGE('',*,*,#1780,.T.);
#1780 = EDGE_CURVE('',#1773,#1781,#1783,.T.);
#1781 = VERTEX_POINT('',#1782);
#1782 = CARTESIAN_POINT('',(2.25,1.7,0.905));
#1783 = LINE('',#1784,#1785);
#1784 = CARTESIAN_POINT('',(2.25,2.11,0.905));
#1785 = VECTOR('',#1786,1.);
#1786 = DIRECTION('',(1.110223024625E-16,-1.,0.));
#1787 = ORIENTED_EDGE('',*,*,#1788,.T.);
#1788 = EDGE_CURVE('',#1781,#1789,#1791,.T.);
#1789 = VERTEX_POINT('',#1790);
#1790 = CARTESIAN_POINT('',(1.95,1.7,0.905));
#1791 = LINE('',#1792,#1793);
#1792 = CARTESIAN_POINT('',(2.25,1.7,0.905));
#1793 = VECTOR('',#1794,1.);
#1794 = DIRECTION('',(-1.,-1.110223024625E-16,0.));
#1795 = ORIENTED_EDGE('',*,*,#1796,.T.);
#1796 = EDGE_CURVE('',#1789,#1272,#1797,.T.);
#1797 = LINE('',#1798,#1799);
#1798 = CARTESIAN_POINT('',(2.25,1.7,0.905));
#1799 = VECTOR('',#1800,1.);
#1800 = DIRECTION('',(-1.,-1.110223024625E-16,0.));
#1801 = ORIENTED_EDGE('',*,*,#1271,.F.);
#1802 = ORIENTED_EDGE('',*,*,#1447,.F.);
#1803 = PLANE('',#1804);
#1804 = AXIS2_PLACEMENT_3D('',#1805,#1806,#1807);
#1805 = CARTESIAN_POINT('',(2.25,2.11,0.905));
#1806 = DIRECTION('',(0.,0.,-1.));
#1807 = DIRECTION('',(-1.,-1.110223024625E-16,-0.));
#1808 = ADVANCED_FACE('',(#1809),#1827,.F.);
#1809 = FACE_BOUND('',#1810,.F.);
#1810 = EDGE_LOOP('',(#1811,#1812,#1820,#1826));
#1811 = ORIENTED_EDGE('',*,*,#1796,.F.);
#1812 = ORIENTED_EDGE('',*,*,#1813,.T.);
#1813 = EDGE_CURVE('',#1789,#1814,#1816,.T.);
#1814 = VERTEX_POINT('',#1815);
#1815 = CARTESIAN_POINT('',(1.95,0.84,0.905));
#1816 = LINE('',#1817,#1818);
#1817 = CARTESIAN_POINT('',(1.95,2.2005,0.905));
#1818 = VECTOR('',#1819,1.);
#1819 = DIRECTION('',(1.110223024625E-16,-1.,0.));
#1820 = ORIENTED_EDGE('',*,*,#1821,.T.);
#1821 = EDGE_CURVE('',#1814,#1280,#1822,.T.);
#1822 = LINE('',#1823,#1824);
#1823 = CARTESIAN_POINT('',(2.25,0.84,0.905));
#1824 = VECTOR('',#1825,1.);
#1825 = DIRECTION('',(-1.,-1.110223024625E-16,0.));
#1826 = ORIENTED_EDGE('',*,*,#1279,.F.);
#1827 = PLANE('',#1828);
#1828 = AXIS2_PLACEMENT_3D('',#1829,#1830,#1831);
#1829 = CARTESIAN_POINT('',(-3.398748225007E-16,2.44975,0.905));
#1830 = DIRECTION('',(5.214436594795E-32,-6.649901845667E-24,-1.));
#1831 = DIRECTION('',(1.,1.692993148776E-16,5.214436482213E-32));
#1832 = ADVANCED_FACE('',(#1833),#1867,.F.);
#1833 = FACE_BOUND('',#1834,.F.);
#1834 = EDGE_LOOP('',(#1835,#1843,#1851,#1859,#1865,#1866));
#1835 = ORIENTED_EDGE('',*,*,#1836,.F.);
#1836 = EDGE_CURVE('',#1837,#1814,#1839,.T.);
#1837 = VERTEX_POINT('',#1838);
#1838 = CARTESIAN_POINT('',(2.25,0.84,0.905));
#1839 = LINE('',#1840,#1841);
#1840 = CARTESIAN_POINT('',(2.25,0.84,0.905));
#1841 = VECTOR('',#1842,1.);
#1842 = DIRECTION('',(-1.,-1.110223024625E-16,0.));
#1843 = ORIENTED_EDGE('',*,*,#1844,.T.);
#1844 = EDGE_CURVE('',#1837,#1845,#1847,.T.);
#1845 = VERTEX_POINT('',#1846);
#1846 = CARTESIAN_POINT('',(2.25,0.43,0.905));
#1847 = LINE('',#1848,#1849);
#1848 = CARTESIAN_POINT('',(2.25,0.84,0.905));
#1849 = VECTOR('',#1850,1.);
#1850 = DIRECTION('',(1.110223024625E-16,-1.,0.));
#1851 = ORIENTED_EDGE('',*,*,#1852,.T.);
#1852 = EDGE_CURVE('',#1845,#1853,#1855,.T.);
#1853 = VERTEX_POINT('',#1854);
#1854 = CARTESIAN_POINT('',(1.95,0.43,0.905));
#1855 = LINE('',#1856,#1857);
#1856 = CARTESIAN_POINT('',(2.25,0.43,0.905));
#1857 = VECTOR('',#1858,1.);
#1858 = DIRECTION('',(-1.,-1.110223024625E-16,0.));
#1859 = ORIENTED_EDGE('',*,*,#1860,.T.);
#1860 = EDGE_CURVE('',#1853,#1288,#1861,.T.);
#1861 = LINE('',#1862,#1863);
#1862 = CARTESIAN_POINT('',(2.25,0.43,0.905));
#1863 = VECTOR('',#1864,1.);
#1864 = DIRECTION('',(-1.,-1.110223024625E-16,0.));
#1865 = ORIENTED_EDGE('',*,*,#1287,.F.);
#1866 = ORIENTED_EDGE('',*,*,#1821,.F.);
#1867 = PLANE('',#1868);
#1868 = AXIS2_PLACEMENT_3D('',#1869,#1870,#1871);
#1869 = CARTESIAN_POINT('',(2.25,0.84,0.905));
#1870 = DIRECTION('',(0.,0.,-1.));
#1871 = DIRECTION('',(-1.,-1.110223024625E-16,-0.));
#1872 = ADVANCED_FACE('',(#1873),#1891,.F.);
#1873 = FACE_BOUND('',#1874,.F.);
#1874 = EDGE_LOOP('',(#1875,#1876,#1884,#1890));
#1875 = ORIENTED_EDGE('',*,*,#1860,.F.);
#1876 = ORIENTED_EDGE('',*,*,#1877,.T.);
#1877 = EDGE_CURVE('',#1853,#1878,#1880,.T.);
#1878 = VERTEX_POINT('',#1879);
#1879 = CARTESIAN_POINT('',(1.95,-0.43,0.905));
#1880 = LINE('',#1881,#1882);
#1881 = CARTESIAN_POINT('',(1.95,2.2005,0.905));
#1882 = VECTOR('',#1883,1.);
#1883 = DIRECTION('',(1.110223024625E-16,-1.,0.));
#1884 = ORIENTED_EDGE('',*,*,#1885,.T.);
#1885 = EDGE_CURVE('',#1878,#1296,#1886,.T.);
#1886 = LINE('',#1887,#1888);
#1887 = CARTESIAN_POINT('',(2.25,-0.43,0.905));
#1888 = VECTOR('',#1889,1.);
#1889 = DIRECTION('',(-1.,-1.110223024625E-16,0.));
#1890 = ORIENTED_EDGE('',*,*,#1295,.F.);
#1891 = PLANE('',#1892);
#1892 = AXIS2_PLACEMENT_3D('',#1893,#1894,#1895);
#1893 = CARTESIAN_POINT('',(-3.398748225007E-16,2.44975,0.905));
#1894 = DIRECTION('',(5.214436594795E-32,-6.649901845667E-24,-1.));
#1895 = DIRECTION('',(1.,1.692993148776E-16,5.214436482213E-32));
#1896 = ADVANCED_FACE('',(#1897),#1931,.F.);
#1897 = FACE_BOUND('',#1898,.F.);
#1898 = EDGE_LOOP('',(#1899,#1907,#1915,#1923,#1929,#1930));
#1899 = ORIENTED_EDGE('',*,*,#1900,.F.);
#1900 = EDGE_CURVE('',#1901,#1878,#1903,.T.);
#1901 = VERTEX_POINT('',#1902);
#1902 = CARTESIAN_POINT('',(2.25,-0.43,0.905));
#1903 = LINE('',#1904,#1905);
#1904 = CARTESIAN_POINT('',(2.25,-0.43,0.905));
#1905 = VECTOR('',#1906,1.);
#1906 = DIRECTION('',(-1.,-1.110223024625E-16,0.));
#1907 = ORIENTED_EDGE('',*,*,#1908,.T.);
#1908 = EDGE_CURVE('',#1901,#1909,#1911,.T.);
#1909 = VERTEX_POINT('',#1910);
#1910 = CARTESIAN_POINT('',(2.25,-0.84,0.905));
#1911 = LINE('',#1912,#1913);
#1912 = CARTESIAN_POINT('',(2.25,-0.43,0.905));
#1913 = VECTOR('',#1914,1.);
#1914 = DIRECTION('',(1.110223024625E-16,-1.,0.));
#1915 = ORIENTED_EDGE('',*,*,#1916,.T.);
#1916 = EDGE_CURVE('',#1909,#1917,#1919,.T.);
#1917 = VERTEX_POINT('',#1918);
#1918 = CARTESIAN_POINT('',(1.95,-0.84,0.905));
#1919 = LINE('',#1920,#1921);
#1920 = CARTESIAN_POINT('',(2.25,-0.84,0.905));
#1921 = VECTOR('',#1922,1.);
#1922 = DIRECTION('',(-1.,-1.110223024625E-16,0.));
#1923 = ORIENTED_EDGE('',*,*,#1924,.T.);
#1924 = EDGE_CURVE('',#1917,#1304,#1925,.T.);
#1925 = LINE('',#1926,#1927);
#1926 = CARTESIAN_POINT('',(2.25,-0.84,0.905));
#1927 = VECTOR('',#1928,1.);
#1928 = DIRECTION('',(-1.,-1.110223024625E-16,0.));
#1929 = ORIENTED_EDGE('',*,*,#1303,.F.);
#1930 = ORIENTED_EDGE('',*,*,#1885,.F.);
#1931 = PLANE('',#1932);
#1932 = AXIS2_PLACEMENT_3D('',#1933,#1934,#1935);
#1933 = CARTESIAN_POINT('',(2.25,-0.43,0.905));
#1934 = DIRECTION('',(0.,0.,-1.));
#1935 = DIRECTION('',(-1.,-1.110223024625E-16,-0.));
#1936 = ADVANCED_FACE('',(#1937),#1955,.F.);
#1937 = FACE_BOUND('',#1938,.F.);
#1938 = EDGE_LOOP('',(#1939,#1940,#1948,#1954));
#1939 = ORIENTED_EDGE('',*,*,#1924,.F.);
#1940 = ORIENTED_EDGE('',*,*,#1941,.T.);
#1941 = EDGE_CURVE('',#1917,#1942,#1944,.T.);
#1942 = VERTEX_POINT('',#1943);
#1943 = CARTESIAN_POINT('',(1.95,-1.7,0.905));
#1944 = LINE('',#1945,#1946);
#1945 = CARTESIAN_POINT('',(1.95,2.2005,0.905));
#1946 = VECTOR('',#1947,1.);
#1947 = DIRECTION('',(1.110223024625E-16,-1.,0.));
#1948 = ORIENTED_EDGE('',*,*,#1949,.T.);
#1949 = EDGE_CURVE('',#1942,#1312,#1950,.T.);
#1950 = LINE('',#1951,#1952);
#1951 = CARTESIAN_POINT('',(2.25,-1.7,0.905));
#1952 = VECTOR('',#1953,1.);
#1953 = DIRECTION('',(-1.,-1.110223024625E-16,0.));
#1954 = ORIENTED_EDGE('',*,*,#1311,.F.);
#1955 = PLANE('',#1956);
#1956 = AXIS2_PLACEMENT_3D('',#1957,#1958,#1959);
#1957 = CARTESIAN_POINT('',(-3.398748225007E-16,2.44975,0.905));
#1958 = DIRECTION('',(5.214436594795E-32,-6.649901845667E-24,-1.));
#1959 = DIRECTION('',(1.,1.692993148776E-16,5.214436482213E-32));
#1960 = ADVANCED_FACE('',(#1961),#1988,.F.);
#1961 = FACE_BOUND('',#1962,.F.);
#1962 = EDGE_LOOP('',(#1963,#1971,#1979,#1985,#1986,#1987));
#1963 = ORIENTED_EDGE('',*,*,#1964,.F.);
#1964 = EDGE_CURVE('',#1965,#1942,#1967,.T.);
#1965 = VERTEX_POINT('',#1966);
#1966 = CARTESIAN_POINT('',(2.25,-1.7,0.905));
#1967 = LINE('',#1968,#1969);
#1968 = CARTESIAN_POINT('',(2.25,-1.7,0.905));
#1969 = VECTOR('',#1970,1.);
#1970 = DIRECTION('',(-1.,-1.110223024625E-16,0.));
#1971 = ORIENTED_EDGE('',*,*,#1972,.T.);
#1972 = EDGE_CURVE('',#1965,#1973,#1975,.T.);
#1973 = VERTEX_POINT('',#1974);
#1974 = CARTESIAN_POINT('',(2.25,-2.11,0.905));
#1975 = LINE('',#1976,#1977);
#1976 = CARTESIAN_POINT('',(2.25,-1.7,0.905));
#1977 = VECTOR('',#1978,1.);
#1978 = DIRECTION('',(1.110223024625E-16,-1.,0.));
#1979 = ORIENTED_EDGE('',*,*,#1980,.T.);
#1980 = EDGE_CURVE('',#1973,#1502,#1981,.T.);
#1981 = LINE('',#1982,#1983);
#1982 = CARTESIAN_POINT('',(2.25,-2.11,0.905));
#1983 = VECTOR('',#1984,1.);
#1984 = DIRECTION('',(-1.,-1.110223024625E-16,0.));
#1985 = ORIENTED_EDGE('',*,*,#1501,.T.);
#1986 = ORIENTED_EDGE('',*,*,#1319,.F.);
#1987 = ORIENTED_EDGE('',*,*,#1949,.F.);
#1988 = PLANE('',#1989);
#1989 = AXIS2_PLACEMENT_3D('',#1990,#1991,#1992);
#1990 = CARTESIAN_POINT('',(2.25,-1.7,0.905));
#1991 = DIRECTION('',(0.,0.,-1.));
#1992 = DIRECTION('',(-1.,-1.110223024625E-16,-0.));
#1993 = ADVANCED_FACE('',(#1994),#2017,.F.);
#1994 = FACE_BOUND('',#1995,.F.);
#1995 = EDGE_LOOP('',(#1996,#2006,#2011,#2012));
#1996 = ORIENTED_EDGE('',*,*,#1997,.T.);
#1997 = EDGE_CURVE('',#1998,#2000,#2002,.T.);
#1998 = VERTEX_POINT('',#1999);
#1999 = CARTESIAN_POINT('',(-1.95,2.2005,0.695));
#2000 = VERTEX_POINT('',#2001);
#2001 = CARTESIAN_POINT('',(-1.7005,2.45,0.695));
#2002 = LINE('',#2003,#2004);
#2003 = CARTESIAN_POINT('',(-1.95,2.2005,0.695));
#2004 = VECTOR('',#2005,1.);
#2005 = DIRECTION('',(0.707106781187,0.707106781187,0.));
#2006 = ORIENTED_EDGE('',*,*,#2007,.T.);
#2007 = EDGE_CURVE('',#2000,#1416,#2008,.T.);
#2008 = B_SPLINE_CURVE_WITH_KNOTS('',1,(#2009,#2010),.UNSPECIFIED.,.F.,
  .F.,(2,2),(0.,1.),.PIECEWISE_BEZIER_KNOTS.);
#2009 = CARTESIAN_POINT('',(-1.7005,2.45,0.695));
#2010 = CARTESIAN_POINT('',(-1.7005,2.45,0.905));
#2011 = ORIENTED_EDGE('',*,*,#1413,.F.);
#2012 = ORIENTED_EDGE('',*,*,#2013,.F.);
#2013 = EDGE_CURVE('',#1998,#1414,#2014,.T.);
#2014 = B_SPLINE_CURVE_WITH_KNOTS('',1,(#2015,#2016),.UNSPECIFIED.,.F.,
  .F.,(2,2),(0.,1.),.PIECEWISE_BEZIER_KNOTS.);
#2015 = CARTESIAN_POINT('',(-1.95,2.2005,0.695));
#2016 = CARTESIAN_POINT('',(-1.95,2.2005,0.905));
#2017 = PLANE('',#2018);
#2018 = AXIS2_PLACEMENT_3D('',#2019,#2020,#2021);
#2019 = CARTESIAN_POINT('',(-1.95,2.2005,0.905));
#2020 = DIRECTION('',(0.707106781187,-0.707106781187,0.));
#2021 = DIRECTION('',(0.707106781187,0.707106781187,0.));
#2022 = ADVANCED_FACE('',(#2023),#2041,.F.);
#2023 = FACE_BOUND('',#2024,.F.);
#2024 = EDGE_LOOP('',(#2025,#2033,#2039,#2040));
#2025 = ORIENTED_EDGE('',*,*,#2026,.F.);
#2026 = EDGE_CURVE('',#2027,#1459,#2029,.T.);
#2027 = VERTEX_POINT('',#2028);
#2028 = CARTESIAN_POINT('',(-1.95,2.11,0.695));
#2029 = LINE('',#2030,#2031);
#2030 = CARTESIAN_POINT('',(-1.95,2.11,0.674927430088));
#2031 = VECTOR('',#2032,1.);
#2032 = DIRECTION('',(0.,0.,1.));
#2033 = ORIENTED_EDGE('',*,*,#2034,.T.);
#2034 = EDGE_CURVE('',#2027,#1998,#2035,.T.);
#2035 = LINE('',#2036,#2037);
#2036 = CARTESIAN_POINT('',(-1.95,-2.2005,0.695));
#2037 = VECTOR('',#2038,1.);
#2038 = DIRECTION('',(-1.110223024625E-16,1.,0.));
#2039 = ORIENTED_EDGE('',*,*,#2013,.T.);
#2040 = ORIENTED_EDGE('',*,*,#1466,.F.);
#2041 = PLANE('',#2042);
#2042 = AXIS2_PLACEMENT_3D('',#2043,#2044,#2045);
#2043 = CARTESIAN_POINT('',(-1.95,-2.2005,0.905));
#2044 = DIRECTION('',(1.,1.110223024625E-16,0.));
#2045 = DIRECTION('',(-1.110223024625E-16,1.,0.));
#2046 = ADVANCED_FACE('',(#2047),#2071,.F.);
#2047 = FACE_BOUND('',#2048,.F.);
#2048 = EDGE_LOOP('',(#2049,#2056,#2064,#2070));
#2049 = ORIENTED_EDGE('',*,*,#2050,.F.);
#2050 = EDGE_CURVE('',#2051,#1432,#2053,.T.);
#2051 = VERTEX_POINT('',#2052);
#2052 = CARTESIAN_POINT('',(1.95,2.2005,0.695));
#2053 = B_SPLINE_CURVE_WITH_KNOTS('',1,(#2054,#2055),.UNSPECIFIED.,.F.,
  .F.,(2,2),(0.,1.),.PIECEWISE_BEZIER_KNOTS.);
#2054 = CARTESIAN_POINT('',(1.95,2.2005,0.695));
#2055 = CARTESIAN_POINT('',(1.95,2.2005,0.905));
#2056 = ORIENTED_EDGE('',*,*,#2057,.T.);
#2057 = EDGE_CURVE('',#2051,#2058,#2060,.T.);
#2058 = VERTEX_POINT('',#2059);
#2059 = CARTESIAN_POINT('',(1.95,2.11,0.695));
#2060 = LINE('',#2061,#2062);
#2061 = CARTESIAN_POINT('',(1.95,2.2005,0.695));
#2062 = VECTOR('',#2063,1.);
#2063 = DIRECTION('',(1.110223024625E-16,-1.,0.));
#2064 = ORIENTED_EDGE('',*,*,#2065,.T.);
#2065 = EDGE_CURVE('',#2058,#1440,#2066,.T.);
#2066 = LINE('',#2067,#2068);
#2067 = CARTESIAN_POINT('',(1.95,2.11,0.674927430088));
#2068 = VECTOR('',#2069,1.);
#2069 = DIRECTION('',(0.,0.,1.));
#2070 = ORIENTED_EDGE('',*,*,#1439,.F.);
#2071 = PLANE('',#2072);
#2072 = AXIS2_PLACEMENT_3D('',#2073,#2074,#2075);
#2073 = CARTESIAN_POINT('',(1.95,2.2005,0.905));
#2074 = DIRECTION('',(-1.,-1.110223024625E-16,0.));
#2075 = DIRECTION('',(1.110223024625E-16,-1.,0.));
#2076 = ADVANCED_FACE('',(#2077),#2094,.F.);
#2077 = FACE_BOUND('',#2078,.F.);
#2078 = EDGE_LOOP('',(#2079,#2087,#2088,#2089));
#2079 = ORIENTED_EDGE('',*,*,#2080,.T.);
#2080 = EDGE_CURVE('',#2081,#2051,#2083,.T.);
#2081 = VERTEX_POINT('',#2082);
#2082 = CARTESIAN_POINT('',(1.7005,2.45,0.695));
#2083 = LINE('',#2084,#2085);
#2084 = CARTESIAN_POINT('',(1.7005,2.45,0.695));
#2085 = VECTOR('',#2086,1.);
#2086 = DIRECTION('',(0.707106781187,-0.707106781187,0.));
#2087 = ORIENTED_EDGE('',*,*,#2050,.T.);
#2088 = ORIENTED_EDGE('',*,*,#1431,.F.);
#2089 = ORIENTED_EDGE('',*,*,#2090,.F.);
#2090 = EDGE_CURVE('',#2081,#1424,#2091,.T.);
#2091 = B_SPLINE_CURVE_WITH_KNOTS('',1,(#2092,#2093),.UNSPECIFIED.,.F.,
  .F.,(2,2),(0.,1.),.PIECEWISE_BEZIER_KNOTS.);
#2092 = CARTESIAN_POINT('',(1.7005,2.45,0.695));
#2093 = CARTESIAN_POINT('',(1.7005,2.45,0.905));
#2094 = PLANE('',#2095);
#2095 = AXIS2_PLACEMENT_3D('',#2096,#2097,#2098);
#2096 = CARTESIAN_POINT('',(1.7005,2.45,0.905));
#2097 = DIRECTION('',(-0.707106781187,-0.707106781187,0.));
#2098 = DIRECTION('',(0.707106781187,-0.707106781187,0.));
#2099 = ADVANCED_FACE('',(#2100),#2111,.F.);
#2100 = FACE_BOUND('',#2101,.F.);
#2101 = EDGE_LOOP('',(#2102,#2108,#2109,#2110));
#2102 = ORIENTED_EDGE('',*,*,#2103,.T.);
#2103 = EDGE_CURVE('',#2000,#2081,#2104,.T.);
#2104 = LINE('',#2105,#2106);
#2105 = CARTESIAN_POINT('',(-1.7005,2.45,0.695));
#2106 = VECTOR('',#2107,1.);
#2107 = DIRECTION('',(1.,1.110223024625E-16,0.));
#2108 = ORIENTED_EDGE('',*,*,#2090,.T.);
#2109 = ORIENTED_EDGE('',*,*,#1423,.F.);
#2110 = ORIENTED_EDGE('',*,*,#2007,.F.);
#2111 = PLANE('',#2112);
#2112 = AXIS2_PLACEMENT_3D('',#2113,#2114,#2115);
#2113 = CARTESIAN_POINT('',(-1.7005,2.45,0.905));
#2114 = DIRECTION('',(1.110223024625E-16,-1.,0.));
#2115 = DIRECTION('',(1.,1.110223024625E-16,0.));
#2116 = ADVANCED_FACE('',(#2117),#2141,.F.);
#2117 = FACE_BOUND('',#2118,.F.);
#2118 = EDGE_LOOP('',(#2119,#2126,#2134,#2140));
#2119 = ORIENTED_EDGE('',*,*,#2120,.F.);
#2120 = EDGE_CURVE('',#2121,#1481,#2123,.T.);
#2121 = VERTEX_POINT('',#2122);
#2122 = CARTESIAN_POINT('',(-1.95,-2.2005,0.695));
#2123 = B_SPLINE_CURVE_WITH_KNOTS('',1,(#2124,#2125),.UNSPECIFIED.,.F.,
  .F.,(2,2),(0.,1.),.PIECEWISE_BEZIER_KNOTS.);
#2124 = CARTESIAN_POINT('',(-1.95,-2.2005,0.695));
#2125 = CARTESIAN_POINT('',(-1.95,-2.2005,0.905));
#2126 = ORIENTED_EDGE('',*,*,#2127,.T.);
#2127 = EDGE_CURVE('',#2121,#2128,#2130,.T.);
#2128 = VERTEX_POINT('',#2129);
#2129 = CARTESIAN_POINT('',(-1.95,-2.11,0.695));
#2130 = LINE('',#2131,#2132);
#2131 = CARTESIAN_POINT('',(-1.95,-2.2005,0.695));
#2132 = VECTOR('',#2133,1.);
#2133 = DIRECTION('',(-1.110223024625E-16,1.,0.));
#2134 = ORIENTED_EDGE('',*,*,#2135,.T.);
#2135 = EDGE_CURVE('',#2128,#1483,#2136,.T.);
#2136 = LINE('',#2137,#2138);
#2137 = CARTESIAN_POINT('',(-1.95,-2.11,0.674927430088));
#2138 = VECTOR('',#2139,1.);
#2139 = DIRECTION('',(0.,0.,1.));
#2140 = ORIENTED_EDGE('',*,*,#1480,.F.);
#2141 = PLANE('',#2142);
#2142 = AXIS2_PLACEMENT_3D('',#2143,#2144,#2145);
#2143 = CARTESIAN_POINT('',(-1.95,-2.2005,0.905));
#2144 = DIRECTION('',(1.,1.110223024625E-16,0.));
#2145 = DIRECTION('',(-1.110223024625E-16,1.,0.));
#2146 = ADVANCED_FACE('',(#2147),#2164,.F.);
#2147 = FACE_BOUND('',#2148,.F.);
#2148 = EDGE_LOOP('',(#2149,#2157,#2158,#2159));
#2149 = ORIENTED_EDGE('',*,*,#2150,.T.);
#2150 = EDGE_CURVE('',#2151,#2121,#2153,.T.);
#2151 = VERTEX_POINT('',#2152);
#2152 = CARTESIAN_POINT('',(-1.7005,-2.45,0.695));
#2153 = LINE('',#2154,#2155);
#2154 = CARTESIAN_POINT('',(-1.7005,-2.45,0.695));
#2155 = VECTOR('',#2156,1.);
#2156 = DIRECTION('',(-0.707106781187,0.707106781187,0.));
#2157 = ORIENTED_EDGE('',*,*,#2120,.T.);
#2158 = ORIENTED_EDGE('',*,*,#1533,.F.);
#2159 = ORIENTED_EDGE('',*,*,#2160,.F.);
#2160 = EDGE_CURVE('',#2151,#1526,#2161,.T.);
#2161 = B_SPLINE_CURVE_WITH_KNOTS('',1,(#2162,#2163),.UNSPECIFIED.,.F.,
  .F.,(2,2),(0.,1.),.PIECEWISE_BEZIER_KNOTS.);
#2162 = CARTESIAN_POINT('',(-1.7005,-2.45,0.695));
#2163 = CARTESIAN_POINT('',(-1.7005,-2.45,0.905));
#2164 = PLANE('',#2165);
#2165 = AXIS2_PLACEMENT_3D('',#2166,#2167,#2168);
#2166 = CARTESIAN_POINT('',(-1.7005,-2.45,0.905));
#2167 = DIRECTION('',(0.707106781187,0.707106781187,0.));
#2168 = DIRECTION('',(-0.707106781187,0.707106781187,0.));
#2169 = ADVANCED_FACE('',(#2170),#2187,.F.);
#2170 = FACE_BOUND('',#2171,.F.);
#2171 = EDGE_LOOP('',(#2172,#2180,#2181,#2182));
#2172 = ORIENTED_EDGE('',*,*,#2173,.T.);
#2173 = EDGE_CURVE('',#2174,#2151,#2176,.T.);
#2174 = VERTEX_POINT('',#2175);
#2175 = CARTESIAN_POINT('',(1.7005,-2.45,0.695));
#2176 = LINE('',#2177,#2178);
#2177 = CARTESIAN_POINT('',(1.7005,-2.45,0.695));
#2178 = VECTOR('',#2179,1.);
#2179 = DIRECTION('',(-1.,-1.110223024625E-16,0.));
#2180 = ORIENTED_EDGE('',*,*,#2160,.T.);
#2181 = ORIENTED_EDGE('',*,*,#1525,.F.);
#2182 = ORIENTED_EDGE('',*,*,#2183,.F.);
#2183 = EDGE_CURVE('',#2174,#1518,#2184,.T.);
#2184 = B_SPLINE_CURVE_WITH_KNOTS('',1,(#2185,#2186),.UNSPECIFIED.,.F.,
  .F.,(2,2),(0.,1.),.PIECEWISE_BEZIER_KNOTS.);
#2185 = CARTESIAN_POINT('',(1.7005,-2.45,0.695));
#2186 = CARTESIAN_POINT('',(1.7005,-2.45,0.905));
#2187 = PLANE('',#2188);
#2188 = AXIS2_PLACEMENT_3D('',#2189,#2190,#2191);
#2189 = CARTESIAN_POINT('',(1.7005,-2.45,0.905));
#2190 = DIRECTION('',(-1.110223024625E-16,1.,0.));
#2191 = DIRECTION('',(-1.,-1.110223024625E-16,0.));
#2192 = ADVANCED_FACE('',(#2193),#2210,.F.);
#2193 = FACE_BOUND('',#2194,.F.);
#2194 = EDGE_LOOP('',(#2195,#2203,#2204,#2205));
#2195 = ORIENTED_EDGE('',*,*,#2196,.T.);
#2196 = EDGE_CURVE('',#2197,#2174,#2199,.T.);
#2197 = VERTEX_POINT('',#2198);
#2198 = CARTESIAN_POINT('',(1.95,-2.2005,0.695));
#2199 = LINE('',#2200,#2201);
#2200 = CARTESIAN_POINT('',(1.95,-2.2005,0.695));
#2201 = VECTOR('',#2202,1.);
#2202 = DIRECTION('',(-0.707106781187,-0.707106781187,0.));
#2203 = ORIENTED_EDGE('',*,*,#2183,.T.);
#2204 = ORIENTED_EDGE('',*,*,#1517,.F.);
#2205 = ORIENTED_EDGE('',*,*,#2206,.F.);
#2206 = EDGE_CURVE('',#2197,#1510,#2207,.T.);
#2207 = B_SPLINE_CURVE_WITH_KNOTS('',1,(#2208,#2209),.UNSPECIFIED.,.F.,
  .F.,(2,2),(0.,1.),.PIECEWISE_BEZIER_KNOTS.);
#2208 = CARTESIAN_POINT('',(1.95,-2.2005,0.695));
#2209 = CARTESIAN_POINT('',(1.95,-2.2005,0.905));
#2210 = PLANE('',#2211);
#2211 = AXIS2_PLACEMENT_3D('',#2212,#2213,#2214);
#2212 = CARTESIAN_POINT('',(1.95,-2.2005,0.905));
#2213 = DIRECTION('',(-0.707106781187,0.707106781187,0.));
#2214 = DIRECTION('',(-0.707106781187,-0.707106781187,0.));
#2215 = ADVANCED_FACE('',(#2216),#2234,.F.);
#2216 = FACE_BOUND('',#2217,.F.);
#2217 = EDGE_LOOP('',(#2218,#2226,#2232,#2233));
#2218 = ORIENTED_EDGE('',*,*,#2219,.F.);
#2219 = EDGE_CURVE('',#2220,#1502,#2222,.T.);
#2220 = VERTEX_POINT('',#2221);
#2221 = CARTESIAN_POINT('',(1.95,-2.11,0.695));
#2222 = LINE('',#2223,#2224);
#2223 = CARTESIAN_POINT('',(1.95,-2.11,0.674927430088));
#2224 = VECTOR('',#2225,1.);
#2225 = DIRECTION('',(0.,0.,1.));
#2226 = ORIENTED_EDGE('',*,*,#2227,.T.);
#2227 = EDGE_CURVE('',#2220,#2197,#2228,.T.);
#2228 = LINE('',#2229,#2230);
#2229 = CARTESIAN_POINT('',(1.95,2.2005,0.695));
#2230 = VECTOR('',#2231,1.);
#2231 = DIRECTION('',(1.110223024625E-16,-1.,0.));
#2232 = ORIENTED_EDGE('',*,*,#2206,.T.);
#2233 = ORIENTED_EDGE('',*,*,#1509,.F.);
#2234 = PLANE('',#2235);
#2235 = AXIS2_PLACEMENT_3D('',#2236,#2237,#2238);
#2236 = CARTESIAN_POINT('',(1.95,2.2005,0.905));
#2237 = DIRECTION('',(-1.,-1.110223024625E-16,0.));
#2238 = DIRECTION('',(1.110223024625E-16,-1.,0.));
#2239 = ADVANCED_FACE('',(#2240),#2326,.F.);
#2240 = FACE_BOUND('',#2241,.F.);
#2241 = EDGE_LOOP('',(#2242,#2243,#2251,#2260,#2268,#2277,#2285,#2293,
    #2301,#2310,#2318,#2325));
#2242 = ORIENTED_EDGE('',*,*,#2135,.F.);
#2243 = ORIENTED_EDGE('',*,*,#2244,.T.);
#2244 = EDGE_CURVE('',#2128,#2245,#2247,.T.);
#2245 = VERTEX_POINT('',#2246);
#2246 = CARTESIAN_POINT('',(-2.25,-2.11,0.695));
#2247 = LINE('',#2248,#2249);
#2248 = CARTESIAN_POINT('',(-1.949,-2.11,0.695));
#2249 = VECTOR('',#2250,1.);
#2250 = DIRECTION('',(-1.,1.144237745222E-17,0.));
#2251 = ORIENTED_EDGE('',*,*,#2252,.T.);
#2252 = EDGE_CURVE('',#2245,#2253,#2255,.T.);
#2253 = VERTEX_POINT('',#2254);
#2254 = CARTESIAN_POINT('',(-2.35,-2.11,0.595));
#2255 = CIRCLE('',#2256,0.1);
#2256 = AXIS2_PLACEMENT_3D('',#2257,#2258,#2259);
#2257 = CARTESIAN_POINT('',(-2.25,-2.11,0.595));
#2258 = DIRECTION('',(-1.144237745222E-17,-1.,0.));
#2259 = DIRECTION('',(-4.440892098501E-15,5.081436361563E-32,1.));
#2260 = ORIENTED_EDGE('',*,*,#2261,.T.);
#2261 = EDGE_CURVE('',#2253,#2262,#2264,.T.);
#2262 = VERTEX_POINT('',#2263);
#2263 = CARTESIAN_POINT('',(-2.35,-2.11,0.31));
#2264 = LINE('',#2265,#2266);
#2265 = CARTESIAN_POINT('',(-2.35,-2.11,0.595));
#2266 = VECTOR('',#2267,1.);
#2267 = DIRECTION('',(0.,0.,-1.));
#2268 = ORIENTED_EDGE('',*,*,#2269,.T.);
#2269 = EDGE_CURVE('',#2262,#2270,#2272,.T.);
#2270 = VERTEX_POINT('',#2271);
#2271 = CARTESIAN_POINT('',(-2.66,-2.11,5.551115123126E-17));
#2272 = CIRCLE('',#2273,0.31);
#2273 = AXIS2_PLACEMENT_3D('',#2274,#2275,#2276);
#2274 = CARTESIAN_POINT('',(-2.66,-2.11,0.31));
#2275 = DIRECTION('',(1.144237745222E-17,1.,-8.210733189403E-48));
#2276 = DIRECTION('',(1.,-1.144237745222E-17,8.953411488913E-16));
#2277 = ORIENTED_EDGE('',*,*,#2278,.T.);
#2278 = EDGE_CURVE('',#2270,#2279,#2281,.T.);
#2279 = VERTEX_POINT('',#2280);
#2280 = CARTESIAN_POINT('',(-3.,-2.11,5.551115123126E-17));
#2281 = LINE('',#2282,#2283);
#2282 = CARTESIAN_POINT('',(-2.66,-2.11,5.551115123126E-17));
#2283 = VECTOR('',#2284,1.);
#2284 = DIRECTION('',(-1.,1.144237745222E-17,0.));
#2285 = ORIENTED_EDGE('',*,*,#2286,.T.);
#2286 = EDGE_CURVE('',#2279,#2287,#2289,.T.);
#2287 = VERTEX_POINT('',#2288);
#2288 = CARTESIAN_POINT('',(-3.,-2.11,0.21));
#2289 = LINE('',#2290,#2291);
#2290 = CARTESIAN_POINT('',(-3.,-2.11,5.551115123126E-17));
#2291 = VECTOR('',#2292,1.);
#2292 = DIRECTION('',(0.,0.,1.));
#2293 = ORIENTED_EDGE('',*,*,#2294,.T.);
#2294 = EDGE_CURVE('',#2287,#2295,#2297,.T.);
#2295 = VERTEX_POINT('',#2296);
#2296 = CARTESIAN_POINT('',(-2.66,-2.11,0.21));
#2297 = LINE('',#2298,#2299);
#2298 = CARTESIAN_POINT('',(-3.,-2.11,0.21));
#2299 = VECTOR('',#2300,1.);
#2300 = DIRECTION('',(1.,-1.144237745222E-17,0.));
#2301 = ORIENTED_EDGE('',*,*,#2302,.T.);
#2302 = EDGE_CURVE('',#2295,#2303,#2305,.T.);
#2303 = VERTEX_POINT('',#2304);
#2304 = CARTESIAN_POINT('',(-2.56,-2.11,0.31));
#2305 = CIRCLE('',#2306,0.1);
#2306 = AXIS2_PLACEMENT_3D('',#2307,#2308,#2309);
#2307 = CARTESIAN_POINT('',(-2.66,-2.11,0.31));
#2308 = DIRECTION('',(-1.144237745222E-17,-1.,-0.));
#2309 = DIRECTION('',(0.,0.,-1.));
#2310 = ORIENTED_EDGE('',*,*,#2311,.T.);
#2311 = EDGE_CURVE('',#2303,#2312,#2314,.T.);
#2312 = VERTEX_POINT('',#2313);
#2313 = CARTESIAN_POINT('',(-2.56,-2.11,0.595));
#2314 = LINE('',#2315,#2316);
#2315 = CARTESIAN_POINT('',(-2.56,-2.11,0.31));
#2316 = VECTOR('',#2317,1.);
#2317 = DIRECTION('',(0.,0.,1.));
#2318 = ORIENTED_EDGE('',*,*,#2319,.T.);
#2319 = EDGE_CURVE('',#2312,#1548,#2320,.T.);
#2320 = CIRCLE('',#2321,0.31);
#2321 = AXIS2_PLACEMENT_3D('',#2322,#2323,#2324);
#2322 = CARTESIAN_POINT('',(-2.25,-2.11,0.595));
#2323 = DIRECTION('',(1.144237745222E-17,1.,9.57918872097E-48));
#2324 = DIRECTION('',(-1.,1.144237745222E-17,1.07440937867E-15));
#2325 = ORIENTED_EDGE('',*,*,#1547,.T.);
#2326 = PLANE('',#2327);
#2327 = AXIS2_PLACEMENT_3D('',#2328,#2329,#2330);
#2328 = CARTESIAN_POINT('',(-2.468871253694,-2.11,0.444854860176));
#2329 = DIRECTION('',(1.144237745222E-17,1.,0.));
#2330 = DIRECTION('',(0.,-0.,1.));
#2331 = ADVANCED_FACE('',(#2332),#2425,.T.);
#2332 = FACE_BOUND('',#2333,.T.);
#2333 = EDGE_LOOP('',(#2334,#2342,#2350,#2359,#2367,#2376,#2384,#2392,
    #2400,#2409,#2417,#2424));
#2334 = ORIENTED_EDGE('',*,*,#2335,.F.);
#2335 = EDGE_CURVE('',#2336,#1564,#2338,.T.);
#2336 = VERTEX_POINT('',#2337);
#2337 = CARTESIAN_POINT('',(-1.95,-1.7,0.695));
#2338 = LINE('',#2339,#2340);
#2339 = CARTESIAN_POINT('',(-1.95,-1.7,0.674927430088));
#2340 = VECTOR('',#2341,1.);
#2341 = DIRECTION('',(0.,0.,1.));
#2342 = ORIENTED_EDGE('',*,*,#2343,.T.);
#2343 = EDGE_CURVE('',#2336,#2344,#2346,.T.);
#2344 = VERTEX_POINT('',#2345);
#2345 = CARTESIAN_POINT('',(-2.25,-1.7,0.695));
#2346 = LINE('',#2347,#2348);
#2347 = CARTESIAN_POINT('',(-1.949,-1.7,0.695));
#2348 = VECTOR('',#2349,1.);
#2349 = DIRECTION('',(-1.,1.144237745222E-17,0.));
#2350 = ORIENTED_EDGE('',*,*,#2351,.T.);
#2351 = EDGE_CURVE('',#2344,#2352,#2354,.T.);
#2352 = VERTEX_POINT('',#2353);
#2353 = CARTESIAN_POINT('',(-2.35,-1.7,0.595));
#2354 = CIRCLE('',#2355,0.1);
#2355 = AXIS2_PLACEMENT_3D('',#2356,#2357,#2358);
#2356 = CARTESIAN_POINT('',(-2.25,-1.7,0.595));
#2357 = DIRECTION('',(-1.144237745222E-17,-1.,0.));
#2358 = DIRECTION('',(-4.440892098501E-15,5.081436361563E-32,1.));
#2359 = ORIENTED_EDGE('',*,*,#2360,.T.);
#2360 = EDGE_CURVE('',#2352,#2361,#2363,.T.);
#2361 = VERTEX_POINT('',#2362);
#2362 = CARTESIAN_POINT('',(-2.35,-1.7,0.31));
#2363 = LINE('',#2364,#2365);
#2364 = CARTESIAN_POINT('',(-2.35,-1.7,0.595));
#2365 = VECTOR('',#2366,1.);
#2366 = DIRECTION('',(0.,0.,-1.));
#2367 = ORIENTED_EDGE('',*,*,#2368,.T.);
#2368 = EDGE_CURVE('',#2361,#2369,#2371,.T.);
#2369 = VERTEX_POINT('',#2370);
#2370 = CARTESIAN_POINT('',(-2.66,-1.7,5.551115123126E-17));
#2371 = CIRCLE('',#2372,0.31);
#2372 = AXIS2_PLACEMENT_3D('',#2373,#2374,#2375);
#2373 = CARTESIAN_POINT('',(-2.66,-1.7,0.31));
#2374 = DIRECTION('',(1.144237745222E-17,1.,-8.210733189403E-48));
#2375 = DIRECTION('',(1.,-1.144237745222E-17,8.953411488913E-16));
#2376 = ORIENTED_EDGE('',*,*,#2377,.T.);
#2377 = EDGE_CURVE('',#2369,#2378,#2380,.T.);
#2378 = VERTEX_POINT('',#2379);
#2379 = CARTESIAN_POINT('',(-3.,-1.7,5.551115123126E-17));
#2380 = LINE('',#2381,#2382);
#2381 = CARTESIAN_POINT('',(-2.66,-1.7,5.551115123126E-17));
#2382 = VECTOR('',#2383,1.);
#2383 = DIRECTION('',(-1.,1.144237745222E-17,0.));
#2384 = ORIENTED_EDGE('',*,*,#2385,.T.);
#2385 = EDGE_CURVE('',#2378,#2386,#2388,.T.);
#2386 = VERTEX_POINT('',#2387);
#2387 = CARTESIAN_POINT('',(-3.,-1.7,0.21));
#2388 = LINE('',#2389,#2390);
#2389 = CARTESIAN_POINT('',(-3.,-1.7,5.551115123126E-17));
#2390 = VECTOR('',#2391,1.);
#2391 = DIRECTION('',(0.,0.,1.));
#2392 = ORIENTED_EDGE('',*,*,#2393,.T.);
#2393 = EDGE_CURVE('',#2386,#2394,#2396,.T.);
#2394 = VERTEX_POINT('',#2395);
#2395 = CARTESIAN_POINT('',(-2.66,-1.7,0.21));
#2396 = LINE('',#2397,#2398);
#2397 = CARTESIAN_POINT('',(-3.,-1.7,0.21));
#2398 = VECTOR('',#2399,1.);
#2399 = DIRECTION('',(1.,-1.144237745222E-17,0.));
#2400 = ORIENTED_EDGE('',*,*,#2401,.T.);
#2401 = EDGE_CURVE('',#2394,#2402,#2404,.T.);
#2402 = VERTEX_POINT('',#2403);
#2403 = CARTESIAN_POINT('',(-2.56,-1.7,0.31));
#2404 = CIRCLE('',#2405,0.1);
#2405 = AXIS2_PLACEMENT_3D('',#2406,#2407,#2408);
#2406 = CARTESIAN_POINT('',(-2.66,-1.7,0.31));
#2407 = DIRECTION('',(-1.144237745222E-17,-1.,-0.));
#2408 = DIRECTION('',(0.,0.,-1.));
#2409 = ORIENTED_EDGE('',*,*,#2410,.T.);
#2410 = EDGE_CURVE('',#2402,#2411,#2413,.T.);
#2411 = VERTEX_POINT('',#2412);
#2412 = CARTESIAN_POINT('',(-2.56,-1.7,0.595));
#2413 = LINE('',#2414,#2415);
#2414 = CARTESIAN_POINT('',(-2.56,-1.7,0.31));
#2415 = VECTOR('',#2416,1.);
#2416 = DIRECTION('',(0.,0.,1.));
#2417 = ORIENTED_EDGE('',*,*,#2418,.T.);
#2418 = EDGE_CURVE('',#2411,#1556,#2419,.T.);
#2419 = CIRCLE('',#2420,0.31);
#2420 = AXIS2_PLACEMENT_3D('',#2421,#2422,#2423);
#2421 = CARTESIAN_POINT('',(-2.25,-1.7,0.595));
#2422 = DIRECTION('',(1.144237745222E-17,1.,9.57918872097E-48));
#2423 = DIRECTION('',(-1.,1.144237745222E-17,1.07440937867E-15));
#2424 = ORIENTED_EDGE('',*,*,#1563,.T.);
#2425 = PLANE('',#2426);
#2426 = AXIS2_PLACEMENT_3D('',#2427,#2428,#2429);
#2427 = CARTESIAN_POINT('',(-2.468871253694,-1.7,0.444854860176));
#2428 = DIRECTION('',(1.144237745222E-17,1.,0.));
#2429 = DIRECTION('',(0.,-0.,1.));
#2430 = ADVANCED_FACE('',(#2431),#2442,.T.);
#2431 = FACE_BOUND('',#2432,.T.);
#2432 = EDGE_LOOP('',(#2433,#2434,#2435,#2436));
#2433 = ORIENTED_EDGE('',*,*,#2319,.T.);
#2434 = ORIENTED_EDGE('',*,*,#1555,.T.);
#2435 = ORIENTED_EDGE('',*,*,#2418,.F.);
#2436 = ORIENTED_EDGE('',*,*,#2437,.F.);
#2437 = EDGE_CURVE('',#2312,#2411,#2438,.T.);
#2438 = LINE('',#2439,#2440);
#2439 = CARTESIAN_POINT('',(-2.56,-2.11,0.595));
#2440 = VECTOR('',#2441,1.);
#2441 = DIRECTION('',(1.144237745222E-17,1.,0.));
#2442 = CYLINDRICAL_SURFACE('',#2443,0.31);
#2443 = AXIS2_PLACEMENT_3D('',#2444,#2445,#2446);
#2444 = CARTESIAN_POINT('',(-2.25,-2.11,0.595));
#2445 = DIRECTION('',(-1.144237745222E-17,-1.,0.));
#2446 = DIRECTION('',(-1.,1.144237745222E-17,1.07440937867E-15));
#2447 = ADVANCED_FACE('',(#2448),#2466,.F.);
#2448 = FACE_BOUND('',#2449,.F.);
#2449 = EDGE_LOOP('',(#2450,#2451,#2459,#2465));
#2450 = ORIENTED_EDGE('',*,*,#2335,.F.);
#2451 = ORIENTED_EDGE('',*,*,#2452,.T.);
#2452 = EDGE_CURVE('',#2336,#2453,#2455,.T.);
#2453 = VERTEX_POINT('',#2454);
#2454 = CARTESIAN_POINT('',(-1.95,-0.84,0.695));
#2455 = LINE('',#2456,#2457);
#2456 = CARTESIAN_POINT('',(-1.95,-2.2005,0.695));
#2457 = VECTOR('',#2458,1.);
#2458 = DIRECTION('',(-1.110223024625E-16,1.,0.));
#2459 = ORIENTED_EDGE('',*,*,#2460,.T.);
#2460 = EDGE_CURVE('',#2453,#1588,#2461,.T.);
#2461 = LINE('',#2462,#2463);
#2462 = CARTESIAN_POINT('',(-1.95,-0.84,0.674927430088));
#2463 = VECTOR('',#2464,1.);
#2464 = DIRECTION('',(0.,0.,1.));
#2465 = ORIENTED_EDGE('',*,*,#1587,.F.);
#2466 = PLANE('',#2467);
#2467 = AXIS2_PLACEMENT_3D('',#2468,#2469,#2470);
#2468 = CARTESIAN_POINT('',(-1.95,-2.2005,0.905));
#2469 = DIRECTION('',(1.,1.110223024625E-16,0.));
#2470 = DIRECTION('',(-1.110223024625E-16,1.,0.));
#2471 = ADVANCED_FACE('',(#2472),#2558,.F.);
#2472 = FACE_BOUND('',#2473,.F.);
#2473 = EDGE_LOOP('',(#2474,#2475,#2483,#2492,#2500,#2509,#2517,#2525,
    #2533,#2542,#2550,#2557));
#2474 = ORIENTED_EDGE('',*,*,#2460,.F.);
#2475 = ORIENTED_EDGE('',*,*,#2476,.T.);
#2476 = EDGE_CURVE('',#2453,#2477,#2479,.T.);
#2477 = VERTEX_POINT('',#2478);
#2478 = CARTESIAN_POINT('',(-2.25,-0.84,0.695));
#2479 = LINE('',#2480,#2481);
#2480 = CARTESIAN_POINT('',(-1.949,-0.84,0.695));
#2481 = VECTOR('',#2482,1.);
#2482 = DIRECTION('',(-1.,1.144237745222E-17,0.));
#2483 = ORIENTED_EDGE('',*,*,#2484,.T.);
#2484 = EDGE_CURVE('',#2477,#2485,#2487,.T.);
#2485 = VERTEX_POINT('',#2486);
#2486 = CARTESIAN_POINT('',(-2.35,-0.84,0.595));
#2487 = CIRCLE('',#2488,0.1);
#2488 = AXIS2_PLACEMENT_3D('',#2489,#2490,#2491);
#2489 = CARTESIAN_POINT('',(-2.25,-0.84,0.595));
#2490 = DIRECTION('',(-1.144237745222E-17,-1.,0.));
#2491 = DIRECTION('',(-4.440892098501E-15,5.081436361563E-32,1.));
#2492 = ORIENTED_EDGE('',*,*,#2493,.T.);
#2493 = EDGE_CURVE('',#2485,#2494,#2496,.T.);
#2494 = VERTEX_POINT('',#2495);
#2495 = CARTESIAN_POINT('',(-2.35,-0.84,0.31));
#2496 = LINE('',#2497,#2498);
#2497 = CARTESIAN_POINT('',(-2.35,-0.84,0.595));
#2498 = VECTOR('',#2499,1.);
#2499 = DIRECTION('',(0.,0.,-1.));
#2500 = ORIENTED_EDGE('',*,*,#2501,.T.);
#2501 = EDGE_CURVE('',#2494,#2502,#2504,.T.);
#2502 = VERTEX_POINT('',#2503);
#2503 = CARTESIAN_POINT('',(-2.66,-0.84,5.551115123126E-17));
#2504 = CIRCLE('',#2505,0.31);
#2505 = AXIS2_PLACEMENT_3D('',#2506,#2507,#2508);
#2506 = CARTESIAN_POINT('',(-2.66,-0.84,0.31));
#2507 = DIRECTION('',(1.144237745222E-17,1.,-8.210733189403E-48));
#2508 = DIRECTION('',(1.,-1.144237745222E-17,8.953411488913E-16));
#2509 = ORIENTED_EDGE('',*,*,#2510,.T.);
#2510 = EDGE_CURVE('',#2502,#2511,#2513,.T.);
#2511 = VERTEX_POINT('',#2512);
#2512 = CARTESIAN_POINT('',(-3.,-0.84,5.551115123126E-17));
#2513 = LINE('',#2514,#2515);
#2514 = CARTESIAN_POINT('',(-2.66,-0.84,5.551115123126E-17));
#2515 = VECTOR('',#2516,1.);
#2516 = DIRECTION('',(-1.,1.144237745222E-17,0.));
#2517 = ORIENTED_EDGE('',*,*,#2518,.T.);
#2518 = EDGE_CURVE('',#2511,#2519,#2521,.T.);
#2519 = VERTEX_POINT('',#2520);
#2520 = CARTESIAN_POINT('',(-3.,-0.84,0.21));
#2521 = LINE('',#2522,#2523);
#2522 = CARTESIAN_POINT('',(-3.,-0.84,5.551115123126E-17));
#2523 = VECTOR('',#2524,1.);
#2524 = DIRECTION('',(0.,0.,1.));
#2525 = ORIENTED_EDGE('',*,*,#2526,.T.);
#2526 = EDGE_CURVE('',#2519,#2527,#2529,.T.);
#2527 = VERTEX_POINT('',#2528);
#2528 = CARTESIAN_POINT('',(-2.66,-0.84,0.21));
#2529 = LINE('',#2530,#2531);
#2530 = CARTESIAN_POINT('',(-3.,-0.84,0.21));
#2531 = VECTOR('',#2532,1.);
#2532 = DIRECTION('',(1.,-1.144237745222E-17,0.));
#2533 = ORIENTED_EDGE('',*,*,#2534,.T.);
#2534 = EDGE_CURVE('',#2527,#2535,#2537,.T.);
#2535 = VERTEX_POINT('',#2536);
#2536 = CARTESIAN_POINT('',(-2.56,-0.84,0.31));
#2537 = CIRCLE('',#2538,0.1);
#2538 = AXIS2_PLACEMENT_3D('',#2539,#2540,#2541);
#2539 = CARTESIAN_POINT('',(-2.66,-0.84,0.31));
#2540 = DIRECTION('',(-1.144237745222E-17,-1.,-0.));
#2541 = DIRECTION('',(0.,0.,-1.));
#2542 = ORIENTED_EDGE('',*,*,#2543,.T.);
#2543 = EDGE_CURVE('',#2535,#2544,#2546,.T.);
#2544 = VERTEX_POINT('',#2545);
#2545 = CARTESIAN_POINT('',(-2.56,-0.84,0.595));
#2546 = LINE('',#2547,#2548);
#2547 = CARTESIAN_POINT('',(-2.56,-0.84,0.31));
#2548 = VECTOR('',#2549,1.);
#2549 = DIRECTION('',(0.,0.,1.));
#2550 = ORIENTED_EDGE('',*,*,#2551,.T.);
#2551 = EDGE_CURVE('',#2544,#1612,#2552,.T.);
#2552 = CIRCLE('',#2553,0.31);
#2553 = AXIS2_PLACEMENT_3D('',#2554,#2555,#2556);
#2554 = CARTESIAN_POINT('',(-2.25,-0.84,0.595));
#2555 = DIRECTION('',(1.144237745222E-17,1.,9.57918872097E-48));
#2556 = DIRECTION('',(-1.,1.144237745222E-17,1.07440937867E-15));
#2557 = ORIENTED_EDGE('',*,*,#1611,.T.);
#2558 = PLANE('',#2559);
#2559 = AXIS2_PLACEMENT_3D('',#2560,#2561,#2562);
#2560 = CARTESIAN_POINT('',(-2.468871253694,-0.84,0.444854860176));
#2561 = DIRECTION('',(1.144237745222E-17,1.,0.));
#2562 = DIRECTION('',(0.,-0.,1.));
#2563 = ADVANCED_FACE('',(#2564),#2657,.T.);
#2564 = FACE_BOUND('',#2565,.T.);
#2565 = EDGE_LOOP('',(#2566,#2574,#2582,#2591,#2599,#2608,#2616,#2624,
    #2632,#2641,#2649,#2656));
#2566 = ORIENTED_EDGE('',*,*,#2567,.F.);
#2567 = EDGE_CURVE('',#2568,#1628,#2570,.T.);
#2568 = VERTEX_POINT('',#2569);
#2569 = CARTESIAN_POINT('',(-1.95,-0.43,0.695));
#2570 = LINE('',#2571,#2572);
#2571 = CARTESIAN_POINT('',(-1.95,-0.43,0.674927430088));
#2572 = VECTOR('',#2573,1.);
#2573 = DIRECTION('',(0.,0.,1.));
#2574 = ORIENTED_EDGE('',*,*,#2575,.T.);
#2575 = EDGE_CURVE('',#2568,#2576,#2578,.T.);
#2576 = VERTEX_POINT('',#2577);
#2577 = CARTESIAN_POINT('',(-2.25,-0.43,0.695));
#2578 = LINE('',#2579,#2580);
#2579 = CARTESIAN_POINT('',(-1.949,-0.43,0.695));
#2580 = VECTOR('',#2581,1.);
#2581 = DIRECTION('',(-1.,1.144237745222E-17,0.));
#2582 = ORIENTED_EDGE('',*,*,#2583,.T.);
#2583 = EDGE_CURVE('',#2576,#2584,#2586,.T.);
#2584 = VERTEX_POINT('',#2585);
#2585 = CARTESIAN_POINT('',(-2.35,-0.43,0.595));
#2586 = CIRCLE('',#2587,0.1);
#2587 = AXIS2_PLACEMENT_3D('',#2588,#2589,#2590);
#2588 = CARTESIAN_POINT('',(-2.25,-0.43,0.595));
#2589 = DIRECTION('',(-1.144237745222E-17,-1.,0.));
#2590 = DIRECTION('',(-4.440892098501E-15,5.081436361563E-32,1.));
#2591 = ORIENTED_EDGE('',*,*,#2592,.T.);
#2592 = EDGE_CURVE('',#2584,#2593,#2595,.T.);
#2593 = VERTEX_POINT('',#2594);
#2594 = CARTESIAN_POINT('',(-2.35,-0.43,0.31));
#2595 = LINE('',#2596,#2597);
#2596 = CARTESIAN_POINT('',(-2.35,-0.43,0.595));
#2597 = VECTOR('',#2598,1.);
#2598 = DIRECTION('',(0.,0.,-1.));
#2599 = ORIENTED_EDGE('',*,*,#2600,.T.);
#2600 = EDGE_CURVE('',#2593,#2601,#2603,.T.);
#2601 = VERTEX_POINT('',#2602);
#2602 = CARTESIAN_POINT('',(-2.66,-0.43,5.551115123126E-17));
#2603 = CIRCLE('',#2604,0.31);
#2604 = AXIS2_PLACEMENT_3D('',#2605,#2606,#2607);
#2605 = CARTESIAN_POINT('',(-2.66,-0.43,0.31));
#2606 = DIRECTION('',(1.144237745222E-17,1.,-8.210733189403E-48));
#2607 = DIRECTION('',(1.,-1.144237745222E-17,8.953411488913E-16));
#2608 = ORIENTED_EDGE('',*,*,#2609,.T.);
#2609 = EDGE_CURVE('',#2601,#2610,#2612,.T.);
#2610 = VERTEX_POINT('',#2611);
#2611 = CARTESIAN_POINT('',(-3.,-0.43,5.551115123126E-17));
#2612 = LINE('',#2613,#2614);
#2613 = CARTESIAN_POINT('',(-2.66,-0.43,5.551115123126E-17));
#2614 = VECTOR('',#2615,1.);
#2615 = DIRECTION('',(-1.,1.144237745222E-17,0.));
#2616 = ORIENTED_EDGE('',*,*,#2617,.T.);
#2617 = EDGE_CURVE('',#2610,#2618,#2620,.T.);
#2618 = VERTEX_POINT('',#2619);
#2619 = CARTESIAN_POINT('',(-3.,-0.43,0.21));
#2620 = LINE('',#2621,#2622);
#2621 = CARTESIAN_POINT('',(-3.,-0.43,5.551115123126E-17));
#2622 = VECTOR('',#2623,1.);
#2623 = DIRECTION('',(0.,0.,1.));
#2624 = ORIENTED_EDGE('',*,*,#2625,.T.);
#2625 = EDGE_CURVE('',#2618,#2626,#2628,.T.);
#2626 = VERTEX_POINT('',#2627);
#2627 = CARTESIAN_POINT('',(-2.66,-0.43,0.21));
#2628 = LINE('',#2629,#2630);
#2629 = CARTESIAN_POINT('',(-3.,-0.43,0.21));
#2630 = VECTOR('',#2631,1.);
#2631 = DIRECTION('',(1.,-1.144237745222E-17,0.));
#2632 = ORIENTED_EDGE('',*,*,#2633,.T.);
#2633 = EDGE_CURVE('',#2626,#2634,#2636,.T.);
#2634 = VERTEX_POINT('',#2635);
#2635 = CARTESIAN_POINT('',(-2.56,-0.43,0.31));
#2636 = CIRCLE('',#2637,0.1);
#2637 = AXIS2_PLACEMENT_3D('',#2638,#2639,#2640);
#2638 = CARTESIAN_POINT('',(-2.66,-0.43,0.31));
#2639 = DIRECTION('',(-1.144237745222E-17,-1.,-0.));
#2640 = DIRECTION('',(0.,0.,-1.));
#2641 = ORIENTED_EDGE('',*,*,#2642,.T.);
#2642 = EDGE_CURVE('',#2634,#2643,#2645,.T.);
#2643 = VERTEX_POINT('',#2644);
#2644 = CARTESIAN_POINT('',(-2.56,-0.43,0.595));
#2645 = LINE('',#2646,#2647);
#2646 = CARTESIAN_POINT('',(-2.56,-0.43,0.31));
#2647 = VECTOR('',#2648,1.);
#2648 = DIRECTION('',(0.,0.,1.));
#2649 = ORIENTED_EDGE('',*,*,#2650,.T.);
#2650 = EDGE_CURVE('',#2643,#1620,#2651,.T.);
#2651 = CIRCLE('',#2652,0.31);
#2652 = AXIS2_PLACEMENT_3D('',#2653,#2654,#2655);
#2653 = CARTESIAN_POINT('',(-2.25,-0.43,0.595));
#2654 = DIRECTION('',(1.144237745222E-17,1.,9.57918872097E-48));
#2655 = DIRECTION('',(-1.,1.144237745222E-17,1.07440937867E-15));
#2656 = ORIENTED_EDGE('',*,*,#1627,.T.);
#2657 = PLANE('',#2658);
#2658 = AXIS2_PLACEMENT_3D('',#2659,#2660,#2661);
#2659 = CARTESIAN_POINT('',(-2.468871253694,-0.43,0.444854860176));
#2660 = DIRECTION('',(1.144237745222E-17,1.,0.));
#2661 = DIRECTION('',(0.,-0.,1.));
#2662 = ADVANCED_FACE('',(#2663),#2674,.T.);
#2663 = FACE_BOUND('',#2664,.T.);
#2664 = EDGE_LOOP('',(#2665,#2666,#2667,#2668));
#2665 = ORIENTED_EDGE('',*,*,#2551,.T.);
#2666 = ORIENTED_EDGE('',*,*,#1619,.T.);
#2667 = ORIENTED_EDGE('',*,*,#2650,.F.);
#2668 = ORIENTED_EDGE('',*,*,#2669,.F.);
#2669 = EDGE_CURVE('',#2544,#2643,#2670,.T.);
#2670 = LINE('',#2671,#2672);
#2671 = CARTESIAN_POINT('',(-2.56,-0.84,0.595));
#2672 = VECTOR('',#2673,1.);
#2673 = DIRECTION('',(1.144237745222E-17,1.,0.));
#2674 = CYLINDRICAL_SURFACE('',#2675,0.31);
#2675 = AXIS2_PLACEMENT_3D('',#2676,#2677,#2678);
#2676 = CARTESIAN_POINT('',(-2.25,-0.84,0.595));
#2677 = DIRECTION('',(-1.144237745222E-17,-1.,0.));
#2678 = DIRECTION('',(-1.,1.144237745222E-17,1.07440937867E-15));
#2679 = ADVANCED_FACE('',(#2680),#2698,.F.);
#2680 = FACE_BOUND('',#2681,.F.);
#2681 = EDGE_LOOP('',(#2682,#2683,#2691,#2697));
#2682 = ORIENTED_EDGE('',*,*,#2567,.F.);
#2683 = ORIENTED_EDGE('',*,*,#2684,.T.);
#2684 = EDGE_CURVE('',#2568,#2685,#2687,.T.);
#2685 = VERTEX_POINT('',#2686);
#2686 = CARTESIAN_POINT('',(-1.95,0.43,0.695));
#2687 = LINE('',#2688,#2689);
#2688 = CARTESIAN_POINT('',(-1.95,-2.2005,0.695));
#2689 = VECTOR('',#2690,1.);
#2690 = DIRECTION('',(-1.110223024625E-16,1.,0.));
#2691 = ORIENTED_EDGE('',*,*,#2692,.T.);
#2692 = EDGE_CURVE('',#2685,#1652,#2693,.T.);
#2693 = LINE('',#2694,#2695);
#2694 = CARTESIAN_POINT('',(-1.95,0.43,0.674927430088));
#2695 = VECTOR('',#2696,1.);
#2696 = DIRECTION('',(0.,0.,1.));
#2697 = ORIENTED_EDGE('',*,*,#1651,.F.);
#2698 = PLANE('',#2699);
#2699 = AXIS2_PLACEMENT_3D('',#2700,#2701,#2702);
#2700 = CARTESIAN_POINT('',(-1.95,-2.2005,0.905));
#2701 = DIRECTION('',(1.,1.110223024625E-16,0.));
#2702 = DIRECTION('',(-1.110223024625E-16,1.,0.));
#2703 = ADVANCED_FACE('',(#2704),#2790,.F.);
#2704 = FACE_BOUND('',#2705,.F.);
#2705 = EDGE_LOOP('',(#2706,#2707,#2715,#2724,#2732,#2741,#2749,#2757,
    #2765,#2774,#2782,#2789));
#2706 = ORIENTED_EDGE('',*,*,#2692,.F.);
#2707 = ORIENTED_EDGE('',*,*,#2708,.T.);
#2708 = EDGE_CURVE('',#2685,#2709,#2711,.T.);
#2709 = VERTEX_POINT('',#2710);
#2710 = CARTESIAN_POINT('',(-2.25,0.43,0.695));
#2711 = LINE('',#2712,#2713);
#2712 = CARTESIAN_POINT('',(-1.949,0.43,0.695));
#2713 = VECTOR('',#2714,1.);
#2714 = DIRECTION('',(-1.,1.144237745222E-17,0.));
#2715 = ORIENTED_EDGE('',*,*,#2716,.T.);
#2716 = EDGE_CURVE('',#2709,#2717,#2719,.T.);
#2717 = VERTEX_POINT('',#2718);
#2718 = CARTESIAN_POINT('',(-2.35,0.43,0.595));
#2719 = CIRCLE('',#2720,0.1);
#2720 = AXIS2_PLACEMENT_3D('',#2721,#2722,#2723);
#2721 = CARTESIAN_POINT('',(-2.25,0.43,0.595));
#2722 = DIRECTION('',(-1.144237745222E-17,-1.,0.));
#2723 = DIRECTION('',(-4.440892098501E-15,5.081436361563E-32,1.));
#2724 = ORIENTED_EDGE('',*,*,#2725,.T.);
#2725 = EDGE_CURVE('',#2717,#2726,#2728,.T.);
#2726 = VERTEX_POINT('',#2727);
#2727 = CARTESIAN_POINT('',(-2.35,0.43,0.31));
#2728 = LINE('',#2729,#2730);
#2729 = CARTESIAN_POINT('',(-2.35,0.43,0.595));
#2730 = VECTOR('',#2731,1.);
#2731 = DIRECTION('',(0.,0.,-1.));
#2732 = ORIENTED_EDGE('',*,*,#2733,.T.);
#2733 = EDGE_CURVE('',#2726,#2734,#2736,.T.);
#2734 = VERTEX_POINT('',#2735);
#2735 = CARTESIAN_POINT('',(-2.66,0.43,5.551115123126E-17));
#2736 = CIRCLE('',#2737,0.31);
#2737 = AXIS2_PLACEMENT_3D('',#2738,#2739,#2740);
#2738 = CARTESIAN_POINT('',(-2.66,0.43,0.31));
#2739 = DIRECTION('',(1.144237745222E-17,1.,-8.210733189403E-48));
#2740 = DIRECTION('',(1.,-1.144237745222E-17,8.953411488913E-16));
#2741 = ORIENTED_EDGE('',*,*,#2742,.T.);
#2742 = EDGE_CURVE('',#2734,#2743,#2745,.T.);
#2743 = VERTEX_POINT('',#2744);
#2744 = CARTESIAN_POINT('',(-3.,0.43,5.551115123126E-17));
#2745 = LINE('',#2746,#2747);
#2746 = CARTESIAN_POINT('',(-2.66,0.43,5.551115123126E-17));
#2747 = VECTOR('',#2748,1.);
#2748 = DIRECTION('',(-1.,1.144237745222E-17,0.));
#2749 = ORIENTED_EDGE('',*,*,#2750,.T.);
#2750 = EDGE_CURVE('',#2743,#2751,#2753,.T.);
#2751 = VERTEX_POINT('',#2752);
#2752 = CARTESIAN_POINT('',(-3.,0.43,0.21));
#2753 = LINE('',#2754,#2755);
#2754 = CARTESIAN_POINT('',(-3.,0.43,5.551115123126E-17));
#2755 = VECTOR('',#2756,1.);
#2756 = DIRECTION('',(0.,0.,1.));
#2757 = ORIENTED_EDGE('',*,*,#2758,.T.);
#2758 = EDGE_CURVE('',#2751,#2759,#2761,.T.);
#2759 = VERTEX_POINT('',#2760);
#2760 = CARTESIAN_POINT('',(-2.66,0.43,0.21));
#2761 = LINE('',#2762,#2763);
#2762 = CARTESIAN_POINT('',(-3.,0.43,0.21));
#2763 = VECTOR('',#2764,1.);
#2764 = DIRECTION('',(1.,-1.144237745222E-17,0.));
#2765 = ORIENTED_EDGE('',*,*,#2766,.T.);
#2766 = EDGE_CURVE('',#2759,#2767,#2769,.T.);
#2767 = VERTEX_POINT('',#2768);
#2768 = CARTESIAN_POINT('',(-2.56,0.43,0.31));
#2769 = CIRCLE('',#2770,0.1);
#2770 = AXIS2_PLACEMENT_3D('',#2771,#2772,#2773);
#2771 = CARTESIAN_POINT('',(-2.66,0.43,0.31));
#2772 = DIRECTION('',(-1.144237745222E-17,-1.,-0.));
#2773 = DIRECTION('',(0.,0.,-1.));
#2774 = ORIENTED_EDGE('',*,*,#2775,.T.);
#2775 = EDGE_CURVE('',#2767,#2776,#2778,.T.);
#2776 = VERTEX_POINT('',#2777);
#2777 = CARTESIAN_POINT('',(-2.56,0.43,0.595));
#2778 = LINE('',#2779,#2780);
#2779 = CARTESIAN_POINT('',(-2.56,0.43,0.31));
#2780 = VECTOR('',#2781,1.);
#2781 = DIRECTION('',(0.,0.,1.));
#2782 = ORIENTED_EDGE('',*,*,#2783,.T.);
#2783 = EDGE_CURVE('',#2776,#1676,#2784,.T.);
#2784 = CIRCLE('',#2785,0.31);
#2785 = AXIS2_PLACEMENT_3D('',#2786,#2787,#2788);
#2786 = CARTESIAN_POINT('',(-2.25,0.43,0.595));
#2787 = DIRECTION('',(1.144237745222E-17,1.,9.57918872097E-48));
#2788 = DIRECTION('',(-1.,1.144237745222E-17,1.07440937867E-15));
#2789 = ORIENTED_EDGE('',*,*,#1675,.T.);
#2790 = PLANE('',#2791);
#2791 = AXIS2_PLACEMENT_3D('',#2792,#2793,#2794);
#2792 = CARTESIAN_POINT('',(-2.468871253694,0.43,0.444854860176));
#2793 = DIRECTION('',(1.144237745222E-17,1.,0.));
#2794 = DIRECTION('',(0.,-0.,1.));
#2795 = ADVANCED_FACE('',(#2796),#2889,.T.);
#2796 = FACE_BOUND('',#2797,.T.);
#2797 = EDGE_LOOP('',(#2798,#2806,#2814,#2823,#2831,#2840,#2848,#2856,
    #2864,#2873,#2881,#2888));
#2798 = ORIENTED_EDGE('',*,*,#2799,.F.);
#2799 = EDGE_CURVE('',#2800,#1692,#2802,.T.);
#2800 = VERTEX_POINT('',#2801);
#2801 = CARTESIAN_POINT('',(-1.95,0.84,0.695));
#2802 = LINE('',#2803,#2804);
#2803 = CARTESIAN_POINT('',(-1.95,0.84,0.674927430088));
#2804 = VECTOR('',#2805,1.);
#2805 = DIRECTION('',(0.,0.,1.));
#2806 = ORIENTED_EDGE('',*,*,#2807,.T.);
#2807 = EDGE_CURVE('',#2800,#2808,#2810,.T.);
#2808 = VERTEX_POINT('',#2809);
#2809 = CARTESIAN_POINT('',(-2.25,0.84,0.695));
#2810 = LINE('',#2811,#2812);
#2811 = CARTESIAN_POINT('',(-1.949,0.84,0.695));
#2812 = VECTOR('',#2813,1.);
#2813 = DIRECTION('',(-1.,1.144237745222E-17,0.));
#2814 = ORIENTED_EDGE('',*,*,#2815,.T.);
#2815 = EDGE_CURVE('',#2808,#2816,#2818,.T.);
#2816 = VERTEX_POINT('',#2817);
#2817 = CARTESIAN_POINT('',(-2.35,0.84,0.595));
#2818 = CIRCLE('',#2819,0.1);
#2819 = AXIS2_PLACEMENT_3D('',#2820,#2821,#2822);
#2820 = CARTESIAN_POINT('',(-2.25,0.84,0.595));
#2821 = DIRECTION('',(-1.144237745222E-17,-1.,0.));
#2822 = DIRECTION('',(-4.440892098501E-15,5.081436361563E-32,1.));
#2823 = ORIENTED_EDGE('',*,*,#2824,.T.);
#2824 = EDGE_CURVE('',#2816,#2825,#2827,.T.);
#2825 = VERTEX_POINT('',#2826);
#2826 = CARTESIAN_POINT('',(-2.35,0.84,0.31));
#2827 = LINE('',#2828,#2829);
#2828 = CARTESIAN_POINT('',(-2.35,0.84,0.595));
#2829 = VECTOR('',#2830,1.);
#2830 = DIRECTION('',(0.,0.,-1.));
#2831 = ORIENTED_EDGE('',*,*,#2832,.T.);
#2832 = EDGE_CURVE('',#2825,#2833,#2835,.T.);
#2833 = VERTEX_POINT('',#2834);
#2834 = CARTESIAN_POINT('',(-2.66,0.84,5.551115123126E-17));
#2835 = CIRCLE('',#2836,0.31);
#2836 = AXIS2_PLACEMENT_3D('',#2837,#2838,#2839);
#2837 = CARTESIAN_POINT('',(-2.66,0.84,0.31));
#2838 = DIRECTION('',(1.144237745222E-17,1.,-8.210733189403E-48));
#2839 = DIRECTION('',(1.,-1.144237745222E-17,8.953411488913E-16));
#2840 = ORIENTED_EDGE('',*,*,#2841,.T.);
#2841 = EDGE_CURVE('',#2833,#2842,#2844,.T.);
#2842 = VERTEX_POINT('',#2843);
#2843 = CARTESIAN_POINT('',(-3.,0.84,5.551115123126E-17));
#2844 = LINE('',#2845,#2846);
#2845 = CARTESIAN_POINT('',(-2.66,0.84,5.551115123126E-17));
#2846 = VECTOR('',#2847,1.);
#2847 = DIRECTION('',(-1.,1.144237745222E-17,0.));
#2848 = ORIENTED_EDGE('',*,*,#2849,.T.);
#2849 = EDGE_CURVE('',#2842,#2850,#2852,.T.);
#2850 = VERTEX_POINT('',#2851);
#2851 = CARTESIAN_POINT('',(-3.,0.84,0.21));
#2852 = LINE('',#2853,#2854);
#2853 = CARTESIAN_POINT('',(-3.,0.84,5.551115123126E-17));
#2854 = VECTOR('',#2855,1.);
#2855 = DIRECTION('',(0.,0.,1.));
#2856 = ORIENTED_EDGE('',*,*,#2857,.T.);
#2857 = EDGE_CURVE('',#2850,#2858,#2860,.T.);
#2858 = VERTEX_POINT('',#2859);
#2859 = CARTESIAN_POINT('',(-2.66,0.84,0.21));
#2860 = LINE('',#2861,#2862);
#2861 = CARTESIAN_POINT('',(-3.,0.84,0.21));
#2862 = VECTOR('',#2863,1.);
#2863 = DIRECTION('',(1.,-1.144237745222E-17,0.));
#2864 = ORIENTED_EDGE('',*,*,#2865,.T.);
#2865 = EDGE_CURVE('',#2858,#2866,#2868,.T.);
#2866 = VERTEX_POINT('',#2867);
#2867 = CARTESIAN_POINT('',(-2.56,0.84,0.31));
#2868 = CIRCLE('',#2869,0.1);
#2869 = AXIS2_PLACEMENT_3D('',#2870,#2871,#2872);
#2870 = CARTESIAN_POINT('',(-2.66,0.84,0.31));
#2871 = DIRECTION('',(-1.144237745222E-17,-1.,-0.));
#2872 = DIRECTION('',(0.,0.,-1.));
#2873 = ORIENTED_EDGE('',*,*,#2874,.T.);
#2874 = EDGE_CURVE('',#2866,#2875,#2877,.T.);
#2875 = VERTEX_POINT('',#2876);
#2876 = CARTESIAN_POINT('',(-2.56,0.84,0.595));
#2877 = LINE('',#2878,#2879);
#2878 = CARTESIAN_POINT('',(-2.56,0.84,0.31));
#2879 = VECTOR('',#2880,1.);
#2880 = DIRECTION('',(0.,0.,1.));
#2881 = ORIENTED_EDGE('',*,*,#2882,.T.);
#2882 = EDGE_CURVE('',#2875,#1684,#2883,.T.);
#2883 = CIRCLE('',#2884,0.31);
#2884 = AXIS2_PLACEMENT_3D('',#2885,#2886,#2887);
#2885 = CARTESIAN_POINT('',(-2.25,0.84,0.595));
#2886 = DIRECTION('',(1.144237745222E-17,1.,9.57918872097E-48));
#2887 = DIRECTION('',(-1.,1.144237745222E-17,1.07440937867E-15));
#2888 = ORIENTED_EDGE('',*,*,#1691,.T.);
#2889 = PLANE('',#2890);
#2890 = AXIS2_PLACEMENT_3D('',#2891,#2892,#2893);
#2891 = CARTESIAN_POINT('',(-2.468871253694,0.84,0.444854860176));
#2892 = DIRECTION('',(1.144237745222E-17,1.,0.));
#2893 = DIRECTION('',(0.,-0.,1.));
#2894 = ADVANCED_FACE('',(#2895),#2906,.T.);
#2895 = FACE_BOUND('',#2896,.T.);
#2896 = EDGE_LOOP('',(#2897,#2898,#2899,#2900));
#2897 = ORIENTED_EDGE('',*,*,#2783,.T.);
#2898 = ORIENTED_EDGE('',*,*,#1683,.T.);
#2899 = ORIENTED_EDGE('',*,*,#2882,.F.);
#2900 = ORIENTED_EDGE('',*,*,#2901,.F.);
#2901 = EDGE_CURVE('',#2776,#2875,#2902,.T.);
#2902 = LINE('',#2903,#2904);
#2903 = CARTESIAN_POINT('',(-2.56,0.43,0.595));
#2904 = VECTOR('',#2905,1.);
#2905 = DIRECTION('',(1.144237745222E-17,1.,0.));
#2906 = CYLINDRICAL_SURFACE('',#2907,0.31);
#2907 = AXIS2_PLACEMENT_3D('',#2908,#2909,#2910);
#2908 = CARTESIAN_POINT('',(-2.25,0.43,0.595));
#2909 = DIRECTION('',(-1.144237745222E-17,-1.,0.));
#2910 = DIRECTION('',(-1.,1.144237745222E-17,1.07440937867E-15));
#2911 = ADVANCED_FACE('',(#2912),#2930,.F.);
#2912 = FACE_BOUND('',#2913,.F.);
#2913 = EDGE_LOOP('',(#2914,#2915,#2923,#2929));
#2914 = ORIENTED_EDGE('',*,*,#2799,.F.);
#2915 = ORIENTED_EDGE('',*,*,#2916,.T.);
#2916 = EDGE_CURVE('',#2800,#2917,#2919,.T.);
#2917 = VERTEX_POINT('',#2918);
#2918 = CARTESIAN_POINT('',(-1.95,1.7,0.695));
#2919 = LINE('',#2920,#2921);
#2920 = CARTESIAN_POINT('',(-1.95,-2.2005,0.695));
#2921 = VECTOR('',#2922,1.);
#2922 = DIRECTION('',(-1.110223024625E-16,1.,0.));
#2923 = ORIENTED_EDGE('',*,*,#2924,.T.);
#2924 = EDGE_CURVE('',#2917,#1716,#2925,.T.);
#2925 = LINE('',#2926,#2927);
#2926 = CARTESIAN_POINT('',(-1.95,1.7,0.674927430088));
#2927 = VECTOR('',#2928,1.);
#2928 = DIRECTION('',(0.,0.,1.));
#2929 = ORIENTED_EDGE('',*,*,#1715,.F.);
#2930 = PLANE('',#2931);
#2931 = AXIS2_PLACEMENT_3D('',#2932,#2933,#2934);
#2932 = CARTESIAN_POINT('',(-1.95,-2.2005,0.905));
#2933 = DIRECTION('',(1.,1.110223024625E-16,0.));
#2934 = DIRECTION('',(-1.110223024625E-16,1.,0.));
#2935 = ADVANCED_FACE('',(#2936),#3022,.F.);
#2936 = FACE_BOUND('',#2937,.F.);
#2937 = EDGE_LOOP('',(#2938,#2939,#2947,#2956,#2964,#2973,#2981,#2989,
    #2997,#3006,#3014,#3021));
#2938 = ORIENTED_EDGE('',*,*,#2924,.F.);
#2939 = ORIENTED_EDGE('',*,*,#2940,.T.);
#2940 = EDGE_CURVE('',#2917,#2941,#2943,.T.);
#2941 = VERTEX_POINT('',#2942);
#2942 = CARTESIAN_POINT('',(-2.25,1.7,0.695));
#2943 = LINE('',#2944,#2945);
#2944 = CARTESIAN_POINT('',(-1.949,1.7,0.695));
#2945 = VECTOR('',#2946,1.);
#2946 = DIRECTION('',(-1.,1.144237745222E-17,0.));
#2947 = ORIENTED_EDGE('',*,*,#2948,.T.);
#2948 = EDGE_CURVE('',#2941,#2949,#2951,.T.);
#2949 = VERTEX_POINT('',#2950);
#2950 = CARTESIAN_POINT('',(-2.35,1.7,0.595));
#2951 = CIRCLE('',#2952,0.1);
#2952 = AXIS2_PLACEMENT_3D('',#2953,#2954,#2955);
#2953 = CARTESIAN_POINT('',(-2.25,1.7,0.595));
#2954 = DIRECTION('',(-1.144237745222E-17,-1.,0.));
#2955 = DIRECTION('',(-4.440892098501E-15,5.081436361563E-32,1.));
#2956 = ORIENTED_EDGE('',*,*,#2957,.T.);
#2957 = EDGE_CURVE('',#2949,#2958,#2960,.T.);
#2958 = VERTEX_POINT('',#2959);
#2959 = CARTESIAN_POINT('',(-2.35,1.7,0.31));
#2960 = LINE('',#2961,#2962);
#2961 = CARTESIAN_POINT('',(-2.35,1.7,0.595));
#2962 = VECTOR('',#2963,1.);
#2963 = DIRECTION('',(0.,0.,-1.));
#2964 = ORIENTED_EDGE('',*,*,#2965,.T.);
#2965 = EDGE_CURVE('',#2958,#2966,#2968,.T.);
#2966 = VERTEX_POINT('',#2967);
#2967 = CARTESIAN_POINT('',(-2.66,1.7,5.551115123126E-17));
#2968 = CIRCLE('',#2969,0.31);
#2969 = AXIS2_PLACEMENT_3D('',#2970,#2971,#2972);
#2970 = CARTESIAN_POINT('',(-2.66,1.7,0.31));
#2971 = DIRECTION('',(1.144237745222E-17,1.,-8.210733189403E-48));
#2972 = DIRECTION('',(1.,-1.144237745222E-17,8.953411488913E-16));
#2973 = ORIENTED_EDGE('',*,*,#2974,.T.);
#2974 = EDGE_CURVE('',#2966,#2975,#2977,.T.);
#2975 = VERTEX_POINT('',#2976);
#2976 = CARTESIAN_POINT('',(-3.,1.7,5.551115123126E-17));
#2977 = LINE('',#2978,#2979);
#2978 = CARTESIAN_POINT('',(-2.66,1.7,5.551115123126E-17));
#2979 = VECTOR('',#2980,1.);
#2980 = DIRECTION('',(-1.,1.144237745222E-17,0.));
#2981 = ORIENTED_EDGE('',*,*,#2982,.T.);
#2982 = EDGE_CURVE('',#2975,#2983,#2985,.T.);
#2983 = VERTEX_POINT('',#2984);
#2984 = CARTESIAN_POINT('',(-3.,1.7,0.21));
#2985 = LINE('',#2986,#2987);
#2986 = CARTESIAN_POINT('',(-3.,1.7,5.551115123126E-17));
#2987 = VECTOR('',#2988,1.);
#2988 = DIRECTION('',(0.,0.,1.));
#2989 = ORIENTED_EDGE('',*,*,#2990,.T.);
#2990 = EDGE_CURVE('',#2983,#2991,#2993,.T.);
#2991 = VERTEX_POINT('',#2992);
#2992 = CARTESIAN_POINT('',(-2.66,1.7,0.21));
#2993 = LINE('',#2994,#2995);
#2994 = CARTESIAN_POINT('',(-3.,1.7,0.21));
#2995 = VECTOR('',#2996,1.);
#2996 = DIRECTION('',(1.,-1.144237745222E-17,0.));
#2997 = ORIENTED_EDGE('',*,*,#2998,.T.);
#2998 = EDGE_CURVE('',#2991,#2999,#3001,.T.);
#2999 = VERTEX_POINT('',#3000);
#3000 = CARTESIAN_POINT('',(-2.56,1.7,0.31));
#3001 = CIRCLE('',#3002,0.1);
#3002 = AXIS2_PLACEMENT_3D('',#3003,#3004,#3005);
#3003 = CARTESIAN_POINT('',(-2.66,1.7,0.31));
#3004 = DIRECTION('',(-1.144237745222E-17,-1.,-0.));
#3005 = DIRECTION('',(0.,0.,-1.));
#3006 = ORIENTED_EDGE('',*,*,#3007,.T.);
#3007 = EDGE_CURVE('',#2999,#3008,#3010,.T.);
#3008 = VERTEX_POINT('',#3009);
#3009 = CARTESIAN_POINT('',(-2.56,1.7,0.595));
#3010 = LINE('',#3011,#3012);
#3011 = CARTESIAN_POINT('',(-2.56,1.7,0.31));
#3012 = VECTOR('',#3013,1.);
#3013 = DIRECTION('',(0.,0.,1.));
#3014 = ORIENTED_EDGE('',*,*,#3015,.T.);
#3015 = EDGE_CURVE('',#3008,#1740,#3016,.T.);
#3016 = CIRCLE('',#3017,0.31);
#3017 = AXIS2_PLACEMENT_3D('',#3018,#3019,#3020);
#3018 = CARTESIAN_POINT('',(-2.25,1.7,0.595));
#3019 = DIRECTION('',(1.144237745222E-17,1.,9.57918872097E-48));
#3020 = DIRECTION('',(-1.,1.144237745222E-17,1.07440937867E-15));
#3021 = ORIENTED_EDGE('',*,*,#1739,.T.);
#3022 = PLANE('',#3023);
#3023 = AXIS2_PLACEMENT_3D('',#3024,#3025,#3026);
#3024 = CARTESIAN_POINT('',(-2.468871253694,1.7,0.444854860176));
#3025 = DIRECTION('',(1.144237745222E-17,1.,0.));
#3026 = DIRECTION('',(0.,-0.,1.));
#3027 = ADVANCED_FACE('',(#3028),#3114,.T.);
#3028 = FACE_BOUND('',#3029,.T.);
#3029 = EDGE_LOOP('',(#3030,#3031,#3039,#3048,#3056,#3065,#3073,#3081,
    #3089,#3098,#3106,#3113));
#3030 = ORIENTED_EDGE('',*,*,#2026,.F.);
#3031 = ORIENTED_EDGE('',*,*,#3032,.T.);
#3032 = EDGE_CURVE('',#2027,#3033,#3035,.T.);
#3033 = VERTEX_POINT('',#3034);
#3034 = CARTESIAN_POINT('',(-2.25,2.11,0.695));
#3035 = LINE('',#3036,#3037);
#3036 = CARTESIAN_POINT('',(-1.949,2.11,0.695));
#3037 = VECTOR('',#3038,1.);
#3038 = DIRECTION('',(-1.,1.144237745222E-17,0.));
#3039 = ORIENTED_EDGE('',*,*,#3040,.T.);
#3040 = EDGE_CURVE('',#3033,#3041,#3043,.T.);
#3041 = VERTEX_POINT('',#3042);
#3042 = CARTESIAN_POINT('',(-2.35,2.11,0.595));
#3043 = CIRCLE('',#3044,0.1);
#3044 = AXIS2_PLACEMENT_3D('',#3045,#3046,#3047);
#3045 = CARTESIAN_POINT('',(-2.25,2.11,0.595));
#3046 = DIRECTION('',(-1.144237745222E-17,-1.,0.));
#3047 = DIRECTION('',(-4.440892098501E-15,5.081436361563E-32,1.));
#3048 = ORIENTED_EDGE('',*,*,#3049,.T.);
#3049 = EDGE_CURVE('',#3041,#3050,#3052,.T.);
#3050 = VERTEX_POINT('',#3051);
#3051 = CARTESIAN_POINT('',(-2.35,2.11,0.31));
#3052 = LINE('',#3053,#3054);
#3053 = CARTESIAN_POINT('',(-2.35,2.11,0.595));
#3054 = VECTOR('',#3055,1.);
#3055 = DIRECTION('',(0.,0.,-1.));
#3056 = ORIENTED_EDGE('',*,*,#3057,.T.);
#3057 = EDGE_CURVE('',#3050,#3058,#3060,.T.);
#3058 = VERTEX_POINT('',#3059);
#3059 = CARTESIAN_POINT('',(-2.66,2.11,5.551115123126E-17));
#3060 = CIRCLE('',#3061,0.31);
#3061 = AXIS2_PLACEMENT_3D('',#3062,#3063,#3064);
#3062 = CARTESIAN_POINT('',(-2.66,2.11,0.31));
#3063 = DIRECTION('',(1.144237745222E-17,1.,-8.210733189403E-48));
#3064 = DIRECTION('',(1.,-1.144237745222E-17,8.953411488913E-16));
#3065 = ORIENTED_EDGE('',*,*,#3066,.T.);
#3066 = EDGE_CURVE('',#3058,#3067,#3069,.T.);
#3067 = VERTEX_POINT('',#3068);
#3068 = CARTESIAN_POINT('',(-3.,2.11,5.551115123126E-17));
#3069 = LINE('',#3070,#3071);
#3070 = CARTESIAN_POINT('',(-2.66,2.11,5.551115123126E-17));
#3071 = VECTOR('',#3072,1.);
#3072 = DIRECTION('',(-1.,1.144237745222E-17,0.));
#3073 = ORIENTED_EDGE('',*,*,#3074,.T.);
#3074 = EDGE_CURVE('',#3067,#3075,#3077,.T.);
#3075 = VERTEX_POINT('',#3076);
#3076 = CARTESIAN_POINT('',(-3.,2.11,0.21));
#3077 = LINE('',#3078,#3079);
#3078 = CARTESIAN_POINT('',(-3.,2.11,5.551115123126E-17));
#3079 = VECTOR('',#3080,1.);
#3080 = DIRECTION('',(0.,0.,1.));
#3081 = ORIENTED_EDGE('',*,*,#3082,.T.);
#3082 = EDGE_CURVE('',#3075,#3083,#3085,.T.);
#3083 = VERTEX_POINT('',#3084);
#3084 = CARTESIAN_POINT('',(-2.66,2.11,0.21));
#3085 = LINE('',#3086,#3087);
#3086 = CARTESIAN_POINT('',(-3.,2.11,0.21));
#3087 = VECTOR('',#3088,1.);
#3088 = DIRECTION('',(1.,-1.144237745222E-17,0.));
#3089 = ORIENTED_EDGE('',*,*,#3090,.T.);
#3090 = EDGE_CURVE('',#3083,#3091,#3093,.T.);
#3091 = VERTEX_POINT('',#3092);
#3092 = CARTESIAN_POINT('',(-2.56,2.11,0.31));
#3093 = CIRCLE('',#3094,0.1);
#3094 = AXIS2_PLACEMENT_3D('',#3095,#3096,#3097);
#3095 = CARTESIAN_POINT('',(-2.66,2.11,0.31));
#3096 = DIRECTION('',(-1.144237745222E-17,-1.,-0.));
#3097 = DIRECTION('',(0.,0.,-1.));
#3098 = ORIENTED_EDGE('',*,*,#3099,.T.);
#3099 = EDGE_CURVE('',#3091,#3100,#3102,.T.);
#3100 = VERTEX_POINT('',#3101);
#3101 = CARTESIAN_POINT('',(-2.56,2.11,0.595));
#3102 = LINE('',#3103,#3104);
#3103 = CARTESIAN_POINT('',(-2.56,2.11,0.31));
#3104 = VECTOR('',#3105,1.);
#3105 = DIRECTION('',(0.,0.,1.));
#3106 = ORIENTED_EDGE('',*,*,#3107,.T.);
#3107 = EDGE_CURVE('',#3100,#1748,#3108,.T.);
#3108 = CIRCLE('',#3109,0.31);
#3109 = AXIS2_PLACEMENT_3D('',#3110,#3111,#3112);
#3110 = CARTESIAN_POINT('',(-2.25,2.11,0.595));
#3111 = DIRECTION('',(1.144237745222E-17,1.,9.57918872097E-48));
#3112 = DIRECTION('',(-1.,1.144237745222E-17,1.07440937867E-15));
#3113 = ORIENTED_EDGE('',*,*,#1755,.T.);
#3114 = PLANE('',#3115);
#3115 = AXIS2_PLACEMENT_3D('',#3116,#3117,#3118);
#3116 = CARTESIAN_POINT('',(-2.468871253694,2.11,0.444854860176));
#3117 = DIRECTION('',(1.144237745222E-17,1.,0.));
#3118 = DIRECTION('',(0.,-0.,1.));
#3119 = ADVANCED_FACE('',(#3120),#3131,.T.);
#3120 = FACE_BOUND('',#3121,.T.);
#3121 = EDGE_LOOP('',(#3122,#3123,#3124,#3125));
#3122 = ORIENTED_EDGE('',*,*,#3015,.T.);
#3123 = ORIENTED_EDGE('',*,*,#1747,.T.);
#3124 = ORIENTED_EDGE('',*,*,#3107,.F.);
#3125 = ORIENTED_EDGE('',*,*,#3126,.F.);
#3126 = EDGE_CURVE('',#3008,#3100,#3127,.T.);
#3127 = LINE('',#3128,#3129);
#3128 = CARTESIAN_POINT('',(-2.56,1.7,0.595));
#3129 = VECTOR('',#3130,1.);
#3130 = DIRECTION('',(1.144237745222E-17,1.,0.));
#3131 = CYLINDRICAL_SURFACE('',#3132,0.31);
#3132 = AXIS2_PLACEMENT_3D('',#3133,#3134,#3135);
#3133 = CARTESIAN_POINT('',(-2.25,1.7,0.595));
#3134 = DIRECTION('',(-1.144237745222E-17,-1.,0.));
#3135 = DIRECTION('',(-1.,1.144237745222E-17,1.07440937867E-15));
#3136 = ADVANCED_FACE('',(#3137),#3223,.F.);
#3137 = FACE_BOUND('',#3138,.F.);
#3138 = EDGE_LOOP('',(#3139,#3140,#3148,#3157,#3165,#3174,#3182,#3190,
    #3198,#3207,#3215,#3222));
#3139 = ORIENTED_EDGE('',*,*,#2065,.F.);
#3140 = ORIENTED_EDGE('',*,*,#3141,.T.);
#3141 = EDGE_CURVE('',#2058,#3142,#3144,.T.);
#3142 = VERTEX_POINT('',#3143);
#3143 = CARTESIAN_POINT('',(2.25,2.11,0.695));
#3144 = LINE('',#3145,#3146);
#3145 = CARTESIAN_POINT('',(1.949,2.11,0.695));
#3146 = VECTOR('',#3147,1.);
#3147 = DIRECTION('',(1.,1.110223024625E-16,0.));
#3148 = ORIENTED_EDGE('',*,*,#3149,.T.);
#3149 = EDGE_CURVE('',#3142,#3150,#3152,.T.);
#3150 = VERTEX_POINT('',#3151);
#3151 = CARTESIAN_POINT('',(2.35,2.11,0.595));
#3152 = CIRCLE('',#3153,0.1);
#3153 = AXIS2_PLACEMENT_3D('',#3154,#3155,#3156);
#3154 = CARTESIAN_POINT('',(2.25,2.11,0.595));
#3155 = DIRECTION('',(-1.110223024625E-16,1.,0.));
#3156 = DIRECTION('',(4.440892098501E-15,4.930380657631E-31,1.));
#3157 = ORIENTED_EDGE('',*,*,#3158,.T.);
#3158 = EDGE_CURVE('',#3150,#3159,#3161,.T.);
#3159 = VERTEX_POINT('',#3160);
#3160 = CARTESIAN_POINT('',(2.35,2.11,0.31));
#3161 = LINE('',#3162,#3163);
#3162 = CARTESIAN_POINT('',(2.35,2.11,0.595));
#3163 = VECTOR('',#3164,1.);
#3164 = DIRECTION('',(0.,0.,-1.));
#3165 = ORIENTED_EDGE('',*,*,#3166,.T.);
#3166 = EDGE_CURVE('',#3159,#3167,#3169,.T.);
#3167 = VERTEX_POINT('',#3168);
#3168 = CARTESIAN_POINT('',(2.66,2.11,5.551115123126E-17));
#3169 = CIRCLE('',#3170,0.31);
#3170 = AXIS2_PLACEMENT_3D('',#3171,#3172,#3173);
#3171 = CARTESIAN_POINT('',(2.66,2.11,0.31));
#3172 = DIRECTION('',(1.110223024625E-16,-1.,0.));
#3173 = DIRECTION('',(-1.,-1.110223024625E-16,8.953411488913E-16));
#3174 = ORIENTED_EDGE('',*,*,#3175,.T.);
#3175 = EDGE_CURVE('',#3167,#3176,#3178,.T.);
#3176 = VERTEX_POINT('',#3177);
#3177 = CARTESIAN_POINT('',(3.,2.11,5.551115123126E-17));
#3178 = LINE('',#3179,#3180);
#3179 = CARTESIAN_POINT('',(2.66,2.11,5.551115123126E-17));
#3180 = VECTOR('',#3181,1.);
#3181 = DIRECTION('',(1.,1.110223024625E-16,0.));
#3182 = ORIENTED_EDGE('',*,*,#3183,.T.);
#3183 = EDGE_CURVE('',#3176,#3184,#3186,.T.);
#3184 = VERTEX_POINT('',#3185);
#3185 = CARTESIAN_POINT('',(3.,2.11,0.21));
#3186 = LINE('',#3187,#3188);
#3187 = CARTESIAN_POINT('',(3.,2.11,5.551115123126E-17));
#3188 = VECTOR('',#3189,1.);
#3189 = DIRECTION('',(0.,0.,1.));
#3190 = ORIENTED_EDGE('',*,*,#3191,.T.);
#3191 = EDGE_CURVE('',#3184,#3192,#3194,.T.);
#3192 = VERTEX_POINT('',#3193);
#3193 = CARTESIAN_POINT('',(2.66,2.11,0.21));
#3194 = LINE('',#3195,#3196);
#3195 = CARTESIAN_POINT('',(3.,2.11,0.21));
#3196 = VECTOR('',#3197,1.);
#3197 = DIRECTION('',(-1.,-1.110223024625E-16,0.));
#3198 = ORIENTED_EDGE('',*,*,#3199,.T.);
#3199 = EDGE_CURVE('',#3192,#3200,#3202,.T.);
#3200 = VERTEX_POINT('',#3201);
#3201 = CARTESIAN_POINT('',(2.56,2.11,0.31));
#3202 = CIRCLE('',#3203,0.1);
#3203 = AXIS2_PLACEMENT_3D('',#3204,#3205,#3206);
#3204 = CARTESIAN_POINT('',(2.66,2.11,0.31));
#3205 = DIRECTION('',(-1.110223024625E-16,1.,0.));
#3206 = DIRECTION('',(0.,0.,-1.));
#3207 = ORIENTED_EDGE('',*,*,#3208,.T.);
#3208 = EDGE_CURVE('',#3200,#3209,#3211,.T.);
#3209 = VERTEX_POINT('',#3210);
#3210 = CARTESIAN_POINT('',(2.56,2.11,0.595));
#3211 = LINE('',#3212,#3213);
#3212 = CARTESIAN_POINT('',(2.56,2.11,0.31));
#3213 = VECTOR('',#3214,1.);
#3214 = DIRECTION('',(0.,0.,1.));
#3215 = ORIENTED_EDGE('',*,*,#3216,.T.);
#3216 = EDGE_CURVE('',#3209,#1773,#3217,.T.);
#3217 = CIRCLE('',#3218,0.31);
#3218 = AXIS2_PLACEMENT_3D('',#3219,#3220,#3221);
#3219 = CARTESIAN_POINT('',(2.25,2.11,0.595));
#3220 = DIRECTION('',(1.110223024625E-16,-1.,0.));
#3221 = DIRECTION('',(1.,1.110223024625E-16,1.07440937867E-15));
#3222 = ORIENTED_EDGE('',*,*,#1772,.T.);
#3223 = PLANE('',#3224);
#3224 = AXIS2_PLACEMENT_3D('',#3225,#3226,#3227);
#3225 = CARTESIAN_POINT('',(2.468871253694,2.11,0.444854860176));
#3226 = DIRECTION('',(1.110223024625E-16,-1.,0.));
#3227 = DIRECTION('',(0.,0.,1.));
#3228 = ADVANCED_FACE('',(#3229),#3322,.T.);
#3229 = FACE_BOUND('',#3230,.T.);
#3230 = EDGE_LOOP('',(#3231,#3239,#3247,#3256,#3264,#3273,#3281,#3289,
    #3297,#3306,#3314,#3321));
#3231 = ORIENTED_EDGE('',*,*,#3232,.F.);
#3232 = EDGE_CURVE('',#3233,#1789,#3235,.T.);
#3233 = VERTEX_POINT('',#3234);
#3234 = CARTESIAN_POINT('',(1.95,1.7,0.695));
#3235 = LINE('',#3236,#3237);
#3236 = CARTESIAN_POINT('',(1.95,1.7,0.674927430088));
#3237 = VECTOR('',#3238,1.);
#3238 = DIRECTION('',(0.,0.,1.));
#3239 = ORIENTED_EDGE('',*,*,#3240,.T.);
#3240 = EDGE_CURVE('',#3233,#3241,#3243,.T.);
#3241 = VERTEX_POINT('',#3242);
#3242 = CARTESIAN_POINT('',(2.25,1.7,0.695));
#3243 = LINE('',#3244,#3245);
#3244 = CARTESIAN_POINT('',(1.949,1.7,0.695));
#3245 = VECTOR('',#3246,1.);
#3246 = DIRECTION('',(1.,1.110223024625E-16,0.));
#3247 = ORIENTED_EDGE('',*,*,#3248,.T.);
#3248 = EDGE_CURVE('',#3241,#3249,#3251,.T.);
#3249 = VERTEX_POINT('',#3250);
#3250 = CARTESIAN_POINT('',(2.35,1.7,0.595));
#3251 = CIRCLE('',#3252,0.1);
#3252 = AXIS2_PLACEMENT_3D('',#3253,#3254,#3255);
#3253 = CARTESIAN_POINT('',(2.25,1.7,0.595));
#3254 = DIRECTION('',(-1.110223024625E-16,1.,0.));
#3255 = DIRECTION('',(4.440892098501E-15,4.930380657631E-31,1.));
#3256 = ORIENTED_EDGE('',*,*,#3257,.T.);
#3257 = EDGE_CURVE('',#3249,#3258,#3260,.T.);
#3258 = VERTEX_POINT('',#3259);
#3259 = CARTESIAN_POINT('',(2.35,1.7,0.31));
#3260 = LINE('',#3261,#3262);
#3261 = CARTESIAN_POINT('',(2.35,1.7,0.595));
#3262 = VECTOR('',#3263,1.);
#3263 = DIRECTION('',(0.,0.,-1.));
#3264 = ORIENTED_EDGE('',*,*,#3265,.T.);
#3265 = EDGE_CURVE('',#3258,#3266,#3268,.T.);
#3266 = VERTEX_POINT('',#3267);
#3267 = CARTESIAN_POINT('',(2.66,1.7,5.551115123126E-17));
#3268 = CIRCLE('',#3269,0.31);
#3269 = AXIS2_PLACEMENT_3D('',#3270,#3271,#3272);
#3270 = CARTESIAN_POINT('',(2.66,1.7,0.31));
#3271 = DIRECTION('',(1.110223024625E-16,-1.,0.));
#3272 = DIRECTION('',(-1.,-1.110223024625E-16,8.953411488913E-16));
#3273 = ORIENTED_EDGE('',*,*,#3274,.T.);
#3274 = EDGE_CURVE('',#3266,#3275,#3277,.T.);
#3275 = VERTEX_POINT('',#3276);
#3276 = CARTESIAN_POINT('',(3.,1.7,5.551115123126E-17));
#3277 = LINE('',#3278,#3279);
#3278 = CARTESIAN_POINT('',(2.66,1.7,5.551115123126E-17));
#3279 = VECTOR('',#3280,1.);
#3280 = DIRECTION('',(1.,1.110223024625E-16,0.));
#3281 = ORIENTED_EDGE('',*,*,#3282,.T.);
#3282 = EDGE_CURVE('',#3275,#3283,#3285,.T.);
#3283 = VERTEX_POINT('',#3284);
#3284 = CARTESIAN_POINT('',(3.,1.7,0.21));
#3285 = LINE('',#3286,#3287);
#3286 = CARTESIAN_POINT('',(3.,1.7,5.551115123126E-17));
#3287 = VECTOR('',#3288,1.);
#3288 = DIRECTION('',(0.,0.,1.));
#3289 = ORIENTED_EDGE('',*,*,#3290,.T.);
#3290 = EDGE_CURVE('',#3283,#3291,#3293,.T.);
#3291 = VERTEX_POINT('',#3292);
#3292 = CARTESIAN_POINT('',(2.66,1.7,0.21));
#3293 = LINE('',#3294,#3295);
#3294 = CARTESIAN_POINT('',(3.,1.7,0.21));
#3295 = VECTOR('',#3296,1.);
#3296 = DIRECTION('',(-1.,-1.110223024625E-16,0.));
#3297 = ORIENTED_EDGE('',*,*,#3298,.T.);
#3298 = EDGE_CURVE('',#3291,#3299,#3301,.T.);
#3299 = VERTEX_POINT('',#3300);
#3300 = CARTESIAN_POINT('',(2.56,1.7,0.31));
#3301 = CIRCLE('',#3302,0.1);
#3302 = AXIS2_PLACEMENT_3D('',#3303,#3304,#3305);
#3303 = CARTESIAN_POINT('',(2.66,1.7,0.31));
#3304 = DIRECTION('',(-1.110223024625E-16,1.,0.));
#3305 = DIRECTION('',(0.,0.,-1.));
#3306 = ORIENTED_EDGE('',*,*,#3307,.T.);
#3307 = EDGE_CURVE('',#3299,#3308,#3310,.T.);
#3308 = VERTEX_POINT('',#3309);
#3309 = CARTESIAN_POINT('',(2.56,1.7,0.595));
#3310 = LINE('',#3311,#3312);
#3311 = CARTESIAN_POINT('',(2.56,1.7,0.31));
#3312 = VECTOR('',#3313,1.);
#3313 = DIRECTION('',(0.,0.,1.));
#3314 = ORIENTED_EDGE('',*,*,#3315,.T.);
#3315 = EDGE_CURVE('',#3308,#1781,#3316,.T.);
#3316 = CIRCLE('',#3317,0.31);
#3317 = AXIS2_PLACEMENT_3D('',#3318,#3319,#3320);
#3318 = CARTESIAN_POINT('',(2.25,1.7,0.595));
#3319 = DIRECTION('',(1.110223024625E-16,-1.,0.));
#3320 = DIRECTION('',(1.,1.110223024625E-16,1.07440937867E-15));
#3321 = ORIENTED_EDGE('',*,*,#1788,.T.);
#3322 = PLANE('',#3323);
#3323 = AXIS2_PLACEMENT_3D('',#3324,#3325,#3326);
#3324 = CARTESIAN_POINT('',(2.468871253694,1.7,0.444854860176));
#3325 = DIRECTION('',(1.110223024625E-16,-1.,0.));
#3326 = DIRECTION('',(0.,0.,1.));
#3327 = ADVANCED_FACE('',(#3328),#3339,.T.);
#3328 = FACE_BOUND('',#3329,.T.);
#3329 = EDGE_LOOP('',(#3330,#3331,#3332,#3333));
#3330 = ORIENTED_EDGE('',*,*,#3216,.T.);
#3331 = ORIENTED_EDGE('',*,*,#1780,.T.);
#3332 = ORIENTED_EDGE('',*,*,#3315,.F.);
#3333 = ORIENTED_EDGE('',*,*,#3334,.F.);
#3334 = EDGE_CURVE('',#3209,#3308,#3335,.T.);
#3335 = LINE('',#3336,#3337);
#3336 = CARTESIAN_POINT('',(2.56,2.11,0.595));
#3337 = VECTOR('',#3338,1.);
#3338 = DIRECTION('',(1.110223024625E-16,-1.,0.));
#3339 = CYLINDRICAL_SURFACE('',#3340,0.31);
#3340 = AXIS2_PLACEMENT_3D('',#3341,#3342,#3343);
#3341 = CARTESIAN_POINT('',(2.25,2.11,0.595));
#3342 = DIRECTION('',(-1.110223024625E-16,1.,-0.));
#3343 = DIRECTION('',(1.,1.110223024625E-16,1.07440937867E-15));
#3344 = ADVANCED_FACE('',(#3345),#3363,.F.);
#3345 = FACE_BOUND('',#3346,.F.);
#3346 = EDGE_LOOP('',(#3347,#3348,#3356,#3362));
#3347 = ORIENTED_EDGE('',*,*,#3232,.F.);
#3348 = ORIENTED_EDGE('',*,*,#3349,.T.);
#3349 = EDGE_CURVE('',#3233,#3350,#3352,.T.);
#3350 = VERTEX_POINT('',#3351);
#3351 = CARTESIAN_POINT('',(1.95,0.84,0.695));
#3352 = LINE('',#3353,#3354);
#3353 = CARTESIAN_POINT('',(1.95,2.2005,0.695));
#3354 = VECTOR('',#3355,1.);
#3355 = DIRECTION('',(1.110223024625E-16,-1.,0.));
#3356 = ORIENTED_EDGE('',*,*,#3357,.T.);
#3357 = EDGE_CURVE('',#3350,#1814,#3358,.T.);
#3358 = LINE('',#3359,#3360);
#3359 = CARTESIAN_POINT('',(1.95,0.84,0.674927430088));
#3360 = VECTOR('',#3361,1.);
#3361 = DIRECTION('',(0.,0.,1.));
#3362 = ORIENTED_EDGE('',*,*,#1813,.F.);
#3363 = PLANE('',#3364);
#3364 = AXIS2_PLACEMENT_3D('',#3365,#3366,#3367);
#3365 = CARTESIAN_POINT('',(1.95,2.2005,0.905));
#3366 = DIRECTION('',(-1.,-1.110223024625E-16,0.));
#3367 = DIRECTION('',(1.110223024625E-16,-1.,0.));
#3368 = ADVANCED_FACE('',(#3369),#3455,.F.);
#3369 = FACE_BOUND('',#3370,.F.);
#3370 = EDGE_LOOP('',(#3371,#3372,#3380,#3389,#3397,#3406,#3414,#3422,
    #3430,#3439,#3447,#3454));
#3371 = ORIENTED_EDGE('',*,*,#3357,.F.);
#3372 = ORIENTED_EDGE('',*,*,#3373,.T.);
#3373 = EDGE_CURVE('',#3350,#3374,#3376,.T.);
#3374 = VERTEX_POINT('',#3375);
#3375 = CARTESIAN_POINT('',(2.25,0.84,0.695));
#3376 = LINE('',#3377,#3378);
#3377 = CARTESIAN_POINT('',(1.949,0.84,0.695));
#3378 = VECTOR('',#3379,1.);
#3379 = DIRECTION('',(1.,1.110223024625E-16,0.));
#3380 = ORIENTED_EDGE('',*,*,#3381,.T.);
#3381 = EDGE_CURVE('',#3374,#3382,#3384,.T.);
#3382 = VERTEX_POINT('',#3383);
#3383 = CARTESIAN_POINT('',(2.35,0.84,0.595));
#3384 = CIRCLE('',#3385,0.1);
#3385 = AXIS2_PLACEMENT_3D('',#3386,#3387,#3388);
#3386 = CARTESIAN_POINT('',(2.25,0.84,0.595));
#3387 = DIRECTION('',(-1.110223024625E-16,1.,0.));
#3388 = DIRECTION('',(4.440892098501E-15,4.930380657631E-31,1.));
#3389 = ORIENTED_EDGE('',*,*,#3390,.T.);
#3390 = EDGE_CURVE('',#3382,#3391,#3393,.T.);
#3391 = VERTEX_POINT('',#3392);
#3392 = CARTESIAN_POINT('',(2.35,0.84,0.31));
#3393 = LINE('',#3394,#3395);
#3394 = CARTESIAN_POINT('',(2.35,0.84,0.595));
#3395 = VECTOR('',#3396,1.);
#3396 = DIRECTION('',(0.,0.,-1.));
#3397 = ORIENTED_EDGE('',*,*,#3398,.T.);
#3398 = EDGE_CURVE('',#3391,#3399,#3401,.T.);
#3399 = VERTEX_POINT('',#3400);
#3400 = CARTESIAN_POINT('',(2.66,0.84,5.551115123126E-17));
#3401 = CIRCLE('',#3402,0.31);
#3402 = AXIS2_PLACEMENT_3D('',#3403,#3404,#3405);
#3403 = CARTESIAN_POINT('',(2.66,0.84,0.31));
#3404 = DIRECTION('',(1.110223024625E-16,-1.,0.));
#3405 = DIRECTION('',(-1.,-1.110223024625E-16,8.953411488913E-16));
#3406 = ORIENTED_EDGE('',*,*,#3407,.T.);
#3407 = EDGE_CURVE('',#3399,#3408,#3410,.T.);
#3408 = VERTEX_POINT('',#3409);
#3409 = CARTESIAN_POINT('',(3.,0.84,5.551115123126E-17));
#3410 = LINE('',#3411,#3412);
#3411 = CARTESIAN_POINT('',(2.66,0.84,5.551115123126E-17));
#3412 = VECTOR('',#3413,1.);
#3413 = DIRECTION('',(1.,1.110223024625E-16,0.));
#3414 = ORIENTED_EDGE('',*,*,#3415,.T.);
#3415 = EDGE_CURVE('',#3408,#3416,#3418,.T.);
#3416 = VERTEX_POINT('',#3417);
#3417 = CARTESIAN_POINT('',(3.,0.84,0.21));
#3418 = LINE('',#3419,#3420);
#3419 = CARTESIAN_POINT('',(3.,0.84,5.551115123126E-17));
#3420 = VECTOR('',#3421,1.);
#3421 = DIRECTION('',(0.,0.,1.));
#3422 = ORIENTED_EDGE('',*,*,#3423,.T.);
#3423 = EDGE_CURVE('',#3416,#3424,#3426,.T.);
#3424 = VERTEX_POINT('',#3425);
#3425 = CARTESIAN_POINT('',(2.66,0.84,0.21));
#3426 = LINE('',#3427,#3428);
#3427 = CARTESIAN_POINT('',(3.,0.84,0.21));
#3428 = VECTOR('',#3429,1.);
#3429 = DIRECTION('',(-1.,-1.110223024625E-16,0.));
#3430 = ORIENTED_EDGE('',*,*,#3431,.T.);
#3431 = EDGE_CURVE('',#3424,#3432,#3434,.T.);
#3432 = VERTEX_POINT('',#3433);
#3433 = CARTESIAN_POINT('',(2.56,0.84,0.31));
#3434 = CIRCLE('',#3435,0.1);
#3435 = AXIS2_PLACEMENT_3D('',#3436,#3437,#3438);
#3436 = CARTESIAN_POINT('',(2.66,0.84,0.31));
#3437 = DIRECTION('',(-1.110223024625E-16,1.,0.));
#3438 = DIRECTION('',(0.,0.,-1.));
#3439 = ORIENTED_EDGE('',*,*,#3440,.T.);
#3440 = EDGE_CURVE('',#3432,#3441,#3443,.T.);
#3441 = VERTEX_POINT('',#3442);
#3442 = CARTESIAN_POINT('',(2.56,0.84,0.595));
#3443 = LINE('',#3444,#3445);
#3444 = CARTESIAN_POINT('',(2.56,0.84,0.31));
#3445 = VECTOR('',#3446,1.);
#3446 = DIRECTION('',(0.,0.,1.));
#3447 = ORIENTED_EDGE('',*,*,#3448,.T.);
#3448 = EDGE_CURVE('',#3441,#1837,#3449,.T.);
#3449 = CIRCLE('',#3450,0.31);
#3450 = AXIS2_PLACEMENT_3D('',#3451,#3452,#3453);
#3451 = CARTESIAN_POINT('',(2.25,0.84,0.595));
#3452 = DIRECTION('',(1.110223024625E-16,-1.,0.));
#3453 = DIRECTION('',(1.,1.110223024625E-16,1.07440937867E-15));
#3454 = ORIENTED_EDGE('',*,*,#1836,.T.);
#3455 = PLANE('',#3456);
#3456 = AXIS2_PLACEMENT_3D('',#3457,#3458,#3459);
#3457 = CARTESIAN_POINT('',(2.468871253694,0.84,0.444854860176));
#3458 = DIRECTION('',(1.110223024625E-16,-1.,0.));
#3459 = DIRECTION('',(0.,0.,1.));
#3460 = ADVANCED_FACE('',(#3461),#3554,.T.);
#3461 = FACE_BOUND('',#3462,.T.);
#3462 = EDGE_LOOP('',(#3463,#3471,#3479,#3488,#3496,#3505,#3513,#3521,
    #3529,#3538,#3546,#3553));
#3463 = ORIENTED_EDGE('',*,*,#3464,.F.);
#3464 = EDGE_CURVE('',#3465,#1853,#3467,.T.);
#3465 = VERTEX_POINT('',#3466);
#3466 = CARTESIAN_POINT('',(1.95,0.43,0.695));
#3467 = LINE('',#3468,#3469);
#3468 = CARTESIAN_POINT('',(1.95,0.43,0.674927430088));
#3469 = VECTOR('',#3470,1.);
#3470 = DIRECTION('',(0.,0.,1.));
#3471 = ORIENTED_EDGE('',*,*,#3472,.T.);
#3472 = EDGE_CURVE('',#3465,#3473,#3475,.T.);
#3473 = VERTEX_POINT('',#3474);
#3474 = CARTESIAN_POINT('',(2.25,0.43,0.695));
#3475 = LINE('',#3476,#3477);
#3476 = CARTESIAN_POINT('',(1.949,0.43,0.695));
#3477 = VECTOR('',#3478,1.);
#3478 = DIRECTION('',(1.,1.110223024625E-16,0.));
#3479 = ORIENTED_EDGE('',*,*,#3480,.T.);
#3480 = EDGE_CURVE('',#3473,#3481,#3483,.T.);
#3481 = VERTEX_POINT('',#3482);
#3482 = CARTESIAN_POINT('',(2.35,0.43,0.595));
#3483 = CIRCLE('',#3484,0.1);
#3484 = AXIS2_PLACEMENT_3D('',#3485,#3486,#3487);
#3485 = CARTESIAN_POINT('',(2.25,0.43,0.595));
#3486 = DIRECTION('',(-1.110223024625E-16,1.,0.));
#3487 = DIRECTION('',(4.440892098501E-15,4.930380657631E-31,1.));
#3488 = ORIENTED_EDGE('',*,*,#3489,.T.);
#3489 = EDGE_CURVE('',#3481,#3490,#3492,.T.);
#3490 = VERTEX_POINT('',#3491);
#3491 = CARTESIAN_POINT('',(2.35,0.43,0.31));
#3492 = LINE('',#3493,#3494);
#3493 = CARTESIAN_POINT('',(2.35,0.43,0.595));
#3494 = VECTOR('',#3495,1.);
#3495 = DIRECTION('',(0.,0.,-1.));
#3496 = ORIENTED_EDGE('',*,*,#3497,.T.);
#3497 = EDGE_CURVE('',#3490,#3498,#3500,.T.);
#3498 = VERTEX_POINT('',#3499);
#3499 = CARTESIAN_POINT('',(2.66,0.43,5.551115123126E-17));
#3500 = CIRCLE('',#3501,0.31);
#3501 = AXIS2_PLACEMENT_3D('',#3502,#3503,#3504);
#3502 = CARTESIAN_POINT('',(2.66,0.43,0.31));
#3503 = DIRECTION('',(1.110223024625E-16,-1.,0.));
#3504 = DIRECTION('',(-1.,-1.110223024625E-16,8.953411488913E-16));
#3505 = ORIENTED_EDGE('',*,*,#3506,.T.);
#3506 = EDGE_CURVE('',#3498,#3507,#3509,.T.);
#3507 = VERTEX_POINT('',#3508);
#3508 = CARTESIAN_POINT('',(3.,0.43,5.551115123126E-17));
#3509 = LINE('',#3510,#3511);
#3510 = CARTESIAN_POINT('',(2.66,0.43,5.551115123126E-17));
#3511 = VECTOR('',#3512,1.);
#3512 = DIRECTION('',(1.,1.110223024625E-16,0.));
#3513 = ORIENTED_EDGE('',*,*,#3514,.T.);
#3514 = EDGE_CURVE('',#3507,#3515,#3517,.T.);
#3515 = VERTEX_POINT('',#3516);
#3516 = CARTESIAN_POINT('',(3.,0.43,0.21));
#3517 = LINE('',#3518,#3519);
#3518 = CARTESIAN_POINT('',(3.,0.43,5.551115123126E-17));
#3519 = VECTOR('',#3520,1.);
#3520 = DIRECTION('',(0.,0.,1.));
#3521 = ORIENTED_EDGE('',*,*,#3522,.T.);
#3522 = EDGE_CURVE('',#3515,#3523,#3525,.T.);
#3523 = VERTEX_POINT('',#3524);
#3524 = CARTESIAN_POINT('',(2.66,0.43,0.21));
#3525 = LINE('',#3526,#3527);
#3526 = CARTESIAN_POINT('',(3.,0.43,0.21));
#3527 = VECTOR('',#3528,1.);
#3528 = DIRECTION('',(-1.,-1.110223024625E-16,0.));
#3529 = ORIENTED_EDGE('',*,*,#3530,.T.);
#3530 = EDGE_CURVE('',#3523,#3531,#3533,.T.);
#3531 = VERTEX_POINT('',#3532);
#3532 = CARTESIAN_POINT('',(2.56,0.43,0.31));
#3533 = CIRCLE('',#3534,0.1);
#3534 = AXIS2_PLACEMENT_3D('',#3535,#3536,#3537);
#3535 = CARTESIAN_POINT('',(2.66,0.43,0.31));
#3536 = DIRECTION('',(-1.110223024625E-16,1.,0.));
#3537 = DIRECTION('',(0.,0.,-1.));
#3538 = ORIENTED_EDGE('',*,*,#3539,.T.);
#3539 = EDGE_CURVE('',#3531,#3540,#3542,.T.);
#3540 = VERTEX_POINT('',#3541);
#3541 = CARTESIAN_POINT('',(2.56,0.43,0.595));
#3542 = LINE('',#3543,#3544);
#3543 = CARTESIAN_POINT('',(2.56,0.43,0.31));
#3544 = VECTOR('',#3545,1.);
#3545 = DIRECTION('',(0.,0.,1.));
#3546 = ORIENTED_EDGE('',*,*,#3547,.T.);
#3547 = EDGE_CURVE('',#3540,#1845,#3548,.T.);
#3548 = CIRCLE('',#3549,0.31);
#3549 = AXIS2_PLACEMENT_3D('',#3550,#3551,#3552);
#3550 = CARTESIAN_POINT('',(2.25,0.43,0.595));
#3551 = DIRECTION('',(1.110223024625E-16,-1.,0.));
#3552 = DIRECTION('',(1.,1.110223024625E-16,1.07440937867E-15));
#3553 = ORIENTED_EDGE('',*,*,#1852,.T.);
#3554 = PLANE('',#3555);
#3555 = AXIS2_PLACEMENT_3D('',#3556,#3557,#3558);
#3556 = CARTESIAN_POINT('',(2.468871253694,0.43,0.444854860176));
#3557 = DIRECTION('',(1.110223024625E-16,-1.,0.));
#3558 = DIRECTION('',(0.,0.,1.));
#3559 = ADVANCED_FACE('',(#3560),#3571,.T.);
#3560 = FACE_BOUND('',#3561,.T.);
#3561 = EDGE_LOOP('',(#3562,#3563,#3564,#3565));
#3562 = ORIENTED_EDGE('',*,*,#3448,.T.);
#3563 = ORIENTED_EDGE('',*,*,#1844,.T.);
#3564 = ORIENTED_EDGE('',*,*,#3547,.F.);
#3565 = ORIENTED_EDGE('',*,*,#3566,.F.);
#3566 = EDGE_CURVE('',#3441,#3540,#3567,.T.);
#3567 = LINE('',#3568,#3569);
#3568 = CARTESIAN_POINT('',(2.56,0.84,0.595));
#3569 = VECTOR('',#3570,1.);
#3570 = DIRECTION('',(1.110223024625E-16,-1.,0.));
#3571 = CYLINDRICAL_SURFACE('',#3572,0.31);
#3572 = AXIS2_PLACEMENT_3D('',#3573,#3574,#3575);
#3573 = CARTESIAN_POINT('',(2.25,0.84,0.595));
#3574 = DIRECTION('',(-1.110223024625E-16,1.,-0.));
#3575 = DIRECTION('',(1.,1.110223024625E-16,1.07440937867E-15));
#3576 = ADVANCED_FACE('',(#3577),#3595,.F.);
#3577 = FACE_BOUND('',#3578,.F.);
#3578 = EDGE_LOOP('',(#3579,#3580,#3588,#3594));
#3579 = ORIENTED_EDGE('',*,*,#3464,.F.);
#3580 = ORIENTED_EDGE('',*,*,#3581,.T.);
#3581 = EDGE_CURVE('',#3465,#3582,#3584,.T.);
#3582 = VERTEX_POINT('',#3583);
#3583 = CARTESIAN_POINT('',(1.95,-0.43,0.695));
#3584 = LINE('',#3585,#3586);
#3585 = CARTESIAN_POINT('',(1.95,2.2005,0.695));
#3586 = VECTOR('',#3587,1.);
#3587 = DIRECTION('',(1.110223024625E-16,-1.,0.));
#3588 = ORIENTED_EDGE('',*,*,#3589,.T.);
#3589 = EDGE_CURVE('',#3582,#1878,#3590,.T.);
#3590 = LINE('',#3591,#3592);
#3591 = CARTESIAN_POINT('',(1.95,-0.43,0.674927430088));
#3592 = VECTOR('',#3593,1.);
#3593 = DIRECTION('',(0.,0.,1.));
#3594 = ORIENTED_EDGE('',*,*,#1877,.F.);
#3595 = PLANE('',#3596);
#3596 = AXIS2_PLACEMENT_3D('',#3597,#3598,#3599);
#3597 = CARTESIAN_POINT('',(1.95,2.2005,0.905));
#3598 = DIRECTION('',(-1.,-1.110223024625E-16,0.));
#3599 = DIRECTION('',(1.110223024625E-16,-1.,0.));
#3600 = ADVANCED_FACE('',(#3601),#3687,.F.);
#3601 = FACE_BOUND('',#3602,.F.);
#3602 = EDGE_LOOP('',(#3603,#3604,#3612,#3621,#3629,#3638,#3646,#3654,
    #3662,#3671,#3679,#3686));
#3603 = ORIENTED_EDGE('',*,*,#3589,.F.);
#3604 = ORIENTED_EDGE('',*,*,#3605,.T.);
#3605 = EDGE_CURVE('',#3582,#3606,#3608,.T.);
#3606 = VERTEX_POINT('',#3607);
#3607 = CARTESIAN_POINT('',(2.25,-0.43,0.695));
#3608 = LINE('',#3609,#3610);
#3609 = CARTESIAN_POINT('',(1.949,-0.43,0.695));
#3610 = VECTOR('',#3611,1.);
#3611 = DIRECTION('',(1.,1.110223024625E-16,0.));
#3612 = ORIENTED_EDGE('',*,*,#3613,.T.);
#3613 = EDGE_CURVE('',#3606,#3614,#3616,.T.);
#3614 = VERTEX_POINT('',#3615);
#3615 = CARTESIAN_POINT('',(2.35,-0.43,0.595));
#3616 = CIRCLE('',#3617,0.1);
#3617 = AXIS2_PLACEMENT_3D('',#3618,#3619,#3620);
#3618 = CARTESIAN_POINT('',(2.25,-0.43,0.595));
#3619 = DIRECTION('',(-1.110223024625E-16,1.,0.));
#3620 = DIRECTION('',(4.440892098501E-15,4.930380657631E-31,1.));
#3621 = ORIENTED_EDGE('',*,*,#3622,.T.);
#3622 = EDGE_CURVE('',#3614,#3623,#3625,.T.);
#3623 = VERTEX_POINT('',#3624);
#3624 = CARTESIAN_POINT('',(2.35,-0.43,0.31));
#3625 = LINE('',#3626,#3627);
#3626 = CARTESIAN_POINT('',(2.35,-0.43,0.595));
#3627 = VECTOR('',#3628,1.);
#3628 = DIRECTION('',(0.,0.,-1.));
#3629 = ORIENTED_EDGE('',*,*,#3630,.T.);
#3630 = EDGE_CURVE('',#3623,#3631,#3633,.T.);
#3631 = VERTEX_POINT('',#3632);
#3632 = CARTESIAN_POINT('',(2.66,-0.43,5.551115123126E-17));
#3633 = CIRCLE('',#3634,0.31);
#3634 = AXIS2_PLACEMENT_3D('',#3635,#3636,#3637);
#3635 = CARTESIAN_POINT('',(2.66,-0.43,0.31));
#3636 = DIRECTION('',(1.110223024625E-16,-1.,0.));
#3637 = DIRECTION('',(-1.,-1.110223024625E-16,8.953411488913E-16));
#3638 = ORIENTED_EDGE('',*,*,#3639,.T.);
#3639 = EDGE_CURVE('',#3631,#3640,#3642,.T.);
#3640 = VERTEX_POINT('',#3641);
#3641 = CARTESIAN_POINT('',(3.,-0.43,5.551115123126E-17));
#3642 = LINE('',#3643,#3644);
#3643 = CARTESIAN_POINT('',(2.66,-0.43,5.551115123126E-17));
#3644 = VECTOR('',#3645,1.);
#3645 = DIRECTION('',(1.,1.110223024625E-16,0.));
#3646 = ORIENTED_EDGE('',*,*,#3647,.T.);
#3647 = EDGE_CURVE('',#3640,#3648,#3650,.T.);
#3648 = VERTEX_POINT('',#3649);
#3649 = CARTESIAN_POINT('',(3.,-0.43,0.21));
#3650 = LINE('',#3651,#3652);
#3651 = CARTESIAN_POINT('',(3.,-0.43,5.551115123126E-17));
#3652 = VECTOR('',#3653,1.);
#3653 = DIRECTION('',(0.,0.,1.));
#3654 = ORIENTED_EDGE('',*,*,#3655,.T.);
#3655 = EDGE_CURVE('',#3648,#3656,#3658,.T.);
#3656 = VERTEX_POINT('',#3657);
#3657 = CARTESIAN_POINT('',(2.66,-0.43,0.21));
#3658 = LINE('',#3659,#3660);
#3659 = CARTESIAN_POINT('',(3.,-0.43,0.21));
#3660 = VECTOR('',#3661,1.);
#3661 = DIRECTION('',(-1.,-1.110223024625E-16,0.));
#3662 = ORIENTED_EDGE('',*,*,#3663,.T.);
#3663 = EDGE_CURVE('',#3656,#3664,#3666,.T.);
#3664 = VERTEX_POINT('',#3665);
#3665 = CARTESIAN_POINT('',(2.56,-0.43,0.31));
#3666 = CIRCLE('',#3667,0.1);
#3667 = AXIS2_PLACEMENT_3D('',#3668,#3669,#3670);
#3668 = CARTESIAN_POINT('',(2.66,-0.43,0.31));
#3669 = DIRECTION('',(-1.110223024625E-16,1.,0.));
#3670 = DIRECTION('',(0.,0.,-1.));
#3671 = ORIENTED_EDGE('',*,*,#3672,.T.);
#3672 = EDGE_CURVE('',#3664,#3673,#3675,.T.);
#3673 = VERTEX_POINT('',#3674);
#3674 = CARTESIAN_POINT('',(2.56,-0.43,0.595));
#3675 = LINE('',#3676,#3677);
#3676 = CARTESIAN_POINT('',(2.56,-0.43,0.31));
#3677 = VECTOR('',#3678,1.);
#3678 = DIRECTION('',(0.,0.,1.));
#3679 = ORIENTED_EDGE('',*,*,#3680,.T.);
#3680 = EDGE_CURVE('',#3673,#1901,#3681,.T.);
#3681 = CIRCLE('',#3682,0.31);
#3682 = AXIS2_PLACEMENT_3D('',#3683,#3684,#3685);
#3683 = CARTESIAN_POINT('',(2.25,-0.43,0.595));
#3684 = DIRECTION('',(1.110223024625E-16,-1.,0.));
#3685 = DIRECTION('',(1.,1.110223024625E-16,1.07440937867E-15));
#3686 = ORIENTED_EDGE('',*,*,#1900,.T.);
#3687 = PLANE('',#3688);
#3688 = AXIS2_PLACEMENT_3D('',#3689,#3690,#3691);
#3689 = CARTESIAN_POINT('',(2.468871253694,-0.43,0.444854860176));
#3690 = DIRECTION('',(1.110223024625E-16,-1.,0.));
#3691 = DIRECTION('',(0.,0.,1.));
#3692 = ADVANCED_FACE('',(#3693),#3786,.T.);
#3693 = FACE_BOUND('',#3694,.T.);
#3694 = EDGE_LOOP('',(#3695,#3703,#3711,#3720,#3728,#3737,#3745,#3753,
    #3761,#3770,#3778,#3785));
#3695 = ORIENTED_EDGE('',*,*,#3696,.F.);
#3696 = EDGE_CURVE('',#3697,#1917,#3699,.T.);
#3697 = VERTEX_POINT('',#3698);
#3698 = CARTESIAN_POINT('',(1.95,-0.84,0.695));
#3699 = LINE('',#3700,#3701);
#3700 = CARTESIAN_POINT('',(1.95,-0.84,0.674927430088));
#3701 = VECTOR('',#3702,1.);
#3702 = DIRECTION('',(0.,0.,1.));
#3703 = ORIENTED_EDGE('',*,*,#3704,.T.);
#3704 = EDGE_CURVE('',#3697,#3705,#3707,.T.);
#3705 = VERTEX_POINT('',#3706);
#3706 = CARTESIAN_POINT('',(2.25,-0.84,0.695));
#3707 = LINE('',#3708,#3709);
#3708 = CARTESIAN_POINT('',(1.949,-0.84,0.695));
#3709 = VECTOR('',#3710,1.);
#3710 = DIRECTION('',(1.,1.110223024625E-16,0.));
#3711 = ORIENTED_EDGE('',*,*,#3712,.T.);
#3712 = EDGE_CURVE('',#3705,#3713,#3715,.T.);
#3713 = VERTEX_POINT('',#3714);
#3714 = CARTESIAN_POINT('',(2.35,-0.84,0.595));
#3715 = CIRCLE('',#3716,0.1);
#3716 = AXIS2_PLACEMENT_3D('',#3717,#3718,#3719);
#3717 = CARTESIAN_POINT('',(2.25,-0.84,0.595));
#3718 = DIRECTION('',(-1.110223024625E-16,1.,0.));
#3719 = DIRECTION('',(4.440892098501E-15,4.930380657631E-31,1.));
#3720 = ORIENTED_EDGE('',*,*,#3721,.T.);
#3721 = EDGE_CURVE('',#3713,#3722,#3724,.T.);
#3722 = VERTEX_POINT('',#3723);
#3723 = CARTESIAN_POINT('',(2.35,-0.84,0.31));
#3724 = LINE('',#3725,#3726);
#3725 = CARTESIAN_POINT('',(2.35,-0.84,0.595));
#3726 = VECTOR('',#3727,1.);
#3727 = DIRECTION('',(0.,0.,-1.));
#3728 = ORIENTED_EDGE('',*,*,#3729,.T.);
#3729 = EDGE_CURVE('',#3722,#3730,#3732,.T.);
#3730 = VERTEX_POINT('',#3731);
#3731 = CARTESIAN_POINT('',(2.66,-0.84,5.551115123126E-17));
#3732 = CIRCLE('',#3733,0.31);
#3733 = AXIS2_PLACEMENT_3D('',#3734,#3735,#3736);
#3734 = CARTESIAN_POINT('',(2.66,-0.84,0.31));
#3735 = DIRECTION('',(1.110223024625E-16,-1.,0.));
#3736 = DIRECTION('',(-1.,-1.110223024625E-16,8.953411488913E-16));
#3737 = ORIENTED_EDGE('',*,*,#3738,.T.);
#3738 = EDGE_CURVE('',#3730,#3739,#3741,.T.);
#3739 = VERTEX_POINT('',#3740);
#3740 = CARTESIAN_POINT('',(3.,-0.84,5.551115123126E-17));
#3741 = LINE('',#3742,#3743);
#3742 = CARTESIAN_POINT('',(2.66,-0.84,5.551115123126E-17));
#3743 = VECTOR('',#3744,1.);
#3744 = DIRECTION('',(1.,1.110223024625E-16,0.));
#3745 = ORIENTED_EDGE('',*,*,#3746,.T.);
#3746 = EDGE_CURVE('',#3739,#3747,#3749,.T.);
#3747 = VERTEX_POINT('',#3748);
#3748 = CARTESIAN_POINT('',(3.,-0.84,0.21));
#3749 = LINE('',#3750,#3751);
#3750 = CARTESIAN_POINT('',(3.,-0.84,5.551115123126E-17));
#3751 = VECTOR('',#3752,1.);
#3752 = DIRECTION('',(0.,0.,1.));
#3753 = ORIENTED_EDGE('',*,*,#3754,.T.);
#3754 = EDGE_CURVE('',#3747,#3755,#3757,.T.);
#3755 = VERTEX_POINT('',#3756);
#3756 = CARTESIAN_POINT('',(2.66,-0.84,0.21));
#3757 = LINE('',#3758,#3759);
#3758 = CARTESIAN_POINT('',(3.,-0.84,0.21));
#3759 = VECTOR('',#3760,1.);
#3760 = DIRECTION('',(-1.,-1.110223024625E-16,0.));
#3761 = ORIENTED_EDGE('',*,*,#3762,.T.);
#3762 = EDGE_CURVE('',#3755,#3763,#3765,.T.);
#3763 = VERTEX_POINT('',#3764);
#3764 = CARTESIAN_POINT('',(2.56,-0.84,0.31));
#3765 = CIRCLE('',#3766,0.1);
#3766 = AXIS2_PLACEMENT_3D('',#3767,#3768,#3769);
#3767 = CARTESIAN_POINT('',(2.66,-0.84,0.31));
#3768 = DIRECTION('',(-1.110223024625E-16,1.,0.));
#3769 = DIRECTION('',(0.,0.,-1.));
#3770 = ORIENTED_EDGE('',*,*,#3771,.T.);
#3771 = EDGE_CURVE('',#3763,#3772,#3774,.T.);
#3772 = VERTEX_POINT('',#3773);
#3773 = CARTESIAN_POINT('',(2.56,-0.84,0.595));
#3774 = LINE('',#3775,#3776);
#3775 = CARTESIAN_POINT('',(2.56,-0.84,0.31));
#3776 = VECTOR('',#3777,1.);
#3777 = DIRECTION('',(0.,0.,1.));
#3778 = ORIENTED_EDGE('',*,*,#3779,.T.);
#3779 = EDGE_CURVE('',#3772,#1909,#3780,.T.);
#3780 = CIRCLE('',#3781,0.31);
#3781 = AXIS2_PLACEMENT_3D('',#3782,#3783,#3784);
#3782 = CARTESIAN_POINT('',(2.25,-0.84,0.595));
#3783 = DIRECTION('',(1.110223024625E-16,-1.,0.));
#3784 = DIRECTION('',(1.,1.110223024625E-16,1.07440937867E-15));
#3785 = ORIENTED_EDGE('',*,*,#1916,.T.);
#3786 = PLANE('',#3787);
#3787 = AXIS2_PLACEMENT_3D('',#3788,#3789,#3790);
#3788 = CARTESIAN_POINT('',(2.468871253694,-0.84,0.444854860176));
#3789 = DIRECTION('',(1.110223024625E-16,-1.,0.));
#3790 = DIRECTION('',(0.,0.,1.));
#3791 = ADVANCED_FACE('',(#3792),#3803,.T.);
#3792 = FACE_BOUND('',#3793,.T.);
#3793 = EDGE_LOOP('',(#3794,#3795,#3796,#3797));
#3794 = ORIENTED_EDGE('',*,*,#3680,.T.);
#3795 = ORIENTED_EDGE('',*,*,#1908,.T.);
#3796 = ORIENTED_EDGE('',*,*,#3779,.F.);
#3797 = ORIENTED_EDGE('',*,*,#3798,.F.);
#3798 = EDGE_CURVE('',#3673,#3772,#3799,.T.);
#3799 = LINE('',#3800,#3801);
#3800 = CARTESIAN_POINT('',(2.56,-0.43,0.595));
#3801 = VECTOR('',#3802,1.);
#3802 = DIRECTION('',(1.110223024625E-16,-1.,0.));
#3803 = CYLINDRICAL_SURFACE('',#3804,0.31);
#3804 = AXIS2_PLACEMENT_3D('',#3805,#3806,#3807);
#3805 = CARTESIAN_POINT('',(2.25,-0.43,0.595));
#3806 = DIRECTION('',(-1.110223024625E-16,1.,-0.));
#3807 = DIRECTION('',(1.,1.110223024625E-16,1.07440937867E-15));
#3808 = ADVANCED_FACE('',(#3809),#3827,.F.);
#3809 = FACE_BOUND('',#3810,.F.);
#3810 = EDGE_LOOP('',(#3811,#3812,#3820,#3826));
#3811 = ORIENTED_EDGE('',*,*,#3696,.F.);
#3812 = ORIENTED_EDGE('',*,*,#3813,.T.);
#3813 = EDGE_CURVE('',#3697,#3814,#3816,.T.);
#3814 = VERTEX_POINT('',#3815);
#3815 = CARTESIAN_POINT('',(1.95,-1.7,0.695));
#3816 = LINE('',#3817,#3818);
#3817 = CARTESIAN_POINT('',(1.95,2.2005,0.695));
#3818 = VECTOR('',#3819,1.);
#3819 = DIRECTION('',(1.110223024625E-16,-1.,0.));
#3820 = ORIENTED_EDGE('',*,*,#3821,.T.);
#3821 = EDGE_CURVE('',#3814,#1942,#3822,.T.);
#3822 = LINE('',#3823,#3824);
#3823 = CARTESIAN_POINT('',(1.95,-1.7,0.674927430088));
#3824 = VECTOR('',#3825,1.);
#3825 = DIRECTION('',(0.,0.,1.));
#3826 = ORIENTED_EDGE('',*,*,#1941,.F.);
#3827 = PLANE('',#3828);
#3828 = AXIS2_PLACEMENT_3D('',#3829,#3830,#3831);
#3829 = CARTESIAN_POINT('',(1.95,2.2005,0.905));
#3830 = DIRECTION('',(-1.,-1.110223024625E-16,0.));
#3831 = DIRECTION('',(1.110223024625E-16,-1.,0.));
#3832 = ADVANCED_FACE('',(#3833),#3919,.F.);
#3833 = FACE_BOUND('',#3834,.F.);
#3834 = EDGE_LOOP('',(#3835,#3836,#3844,#3853,#3861,#3870,#3878,#3886,
    #3894,#3903,#3911,#3918));
#3835 = ORIENTED_EDGE('',*,*,#3821,.F.);
#3836 = ORIENTED_EDGE('',*,*,#3837,.T.);
#3837 = EDGE_CURVE('',#3814,#3838,#3840,.T.);
#3838 = VERTEX_POINT('',#3839);
#3839 = CARTESIAN_POINT('',(2.25,-1.7,0.695));
#3840 = LINE('',#3841,#3842);
#3841 = CARTESIAN_POINT('',(1.949,-1.7,0.695));
#3842 = VECTOR('',#3843,1.);
#3843 = DIRECTION('',(1.,1.110223024625E-16,0.));
#3844 = ORIENTED_EDGE('',*,*,#3845,.T.);
#3845 = EDGE_CURVE('',#3838,#3846,#3848,.T.);
#3846 = VERTEX_POINT('',#3847);
#3847 = CARTESIAN_POINT('',(2.35,-1.7,0.595));
#3848 = CIRCLE('',#3849,0.1);
#3849 = AXIS2_PLACEMENT_3D('',#3850,#3851,#3852);
#3850 = CARTESIAN_POINT('',(2.25,-1.7,0.595));
#3851 = DIRECTION('',(-1.110223024625E-16,1.,0.));
#3852 = DIRECTION('',(4.440892098501E-15,4.930380657631E-31,1.));
#3853 = ORIENTED_EDGE('',*,*,#3854,.T.);
#3854 = EDGE_CURVE('',#3846,#3855,#3857,.T.);
#3855 = VERTEX_POINT('',#3856);
#3856 = CARTESIAN_POINT('',(2.35,-1.7,0.31));
#3857 = LINE('',#3858,#3859);
#3858 = CARTESIAN_POINT('',(2.35,-1.7,0.595));
#3859 = VECTOR('',#3860,1.);
#3860 = DIRECTION('',(0.,0.,-1.));
#3861 = ORIENTED_EDGE('',*,*,#3862,.T.);
#3862 = EDGE_CURVE('',#3855,#3863,#3865,.T.);
#3863 = VERTEX_POINT('',#3864);
#3864 = CARTESIAN_POINT('',(2.66,-1.7,5.551115123126E-17));
#3865 = CIRCLE('',#3866,0.31);
#3866 = AXIS2_PLACEMENT_3D('',#3867,#3868,#3869);
#3867 = CARTESIAN_POINT('',(2.66,-1.7,0.31));
#3868 = DIRECTION('',(1.110223024625E-16,-1.,0.));
#3869 = DIRECTION('',(-1.,-1.110223024625E-16,8.953411488913E-16));
#3870 = ORIENTED_EDGE('',*,*,#3871,.T.);
#3871 = EDGE_CURVE('',#3863,#3872,#3874,.T.);
#3872 = VERTEX_POINT('',#3873);
#3873 = CARTESIAN_POINT('',(3.,-1.7,5.551115123126E-17));
#3874 = LINE('',#3875,#3876);
#3875 = CARTESIAN_POINT('',(2.66,-1.7,5.551115123126E-17));
#3876 = VECTOR('',#3877,1.);
#3877 = DIRECTION('',(1.,1.110223024625E-16,0.));
#3878 = ORIENTED_EDGE('',*,*,#3879,.T.);
#3879 = EDGE_CURVE('',#3872,#3880,#3882,.T.);
#3880 = VERTEX_POINT('',#3881);
#3881 = CARTESIAN_POINT('',(3.,-1.7,0.21));
#3882 = LINE('',#3883,#3884);
#3883 = CARTESIAN_POINT('',(3.,-1.7,5.551115123126E-17));
#3884 = VECTOR('',#3885,1.);
#3885 = DIRECTION('',(0.,0.,1.));
#3886 = ORIENTED_EDGE('',*,*,#3887,.T.);
#3887 = EDGE_CURVE('',#3880,#3888,#3890,.T.);
#3888 = VERTEX_POINT('',#3889);
#3889 = CARTESIAN_POINT('',(2.66,-1.7,0.21));
#3890 = LINE('',#3891,#3892);
#3891 = CARTESIAN_POINT('',(3.,-1.7,0.21));
#3892 = VECTOR('',#3893,1.);
#3893 = DIRECTION('',(-1.,-1.110223024625E-16,0.));
#3894 = ORIENTED_EDGE('',*,*,#3895,.T.);
#3895 = EDGE_CURVE('',#3888,#3896,#3898,.T.);
#3896 = VERTEX_POINT('',#3897);
#3897 = CARTESIAN_POINT('',(2.56,-1.7,0.31));
#3898 = CIRCLE('',#3899,0.1);
#3899 = AXIS2_PLACEMENT_3D('',#3900,#3901,#3902);
#3900 = CARTESIAN_POINT('',(2.66,-1.7,0.31));
#3901 = DIRECTION('',(-1.110223024625E-16,1.,0.));
#3902 = DIRECTION('',(0.,0.,-1.));
#3903 = ORIENTED_EDGE('',*,*,#3904,.T.);
#3904 = EDGE_CURVE('',#3896,#3905,#3907,.T.);
#3905 = VERTEX_POINT('',#3906);
#3906 = CARTESIAN_POINT('',(2.56,-1.7,0.595));
#3907 = LINE('',#3908,#3909);
#3908 = CARTESIAN_POINT('',(2.56,-1.7,0.31));
#3909 = VECTOR('',#3910,1.);
#3910 = DIRECTION('',(0.,0.,1.));
#3911 = ORIENTED_EDGE('',*,*,#3912,.T.);
#3912 = EDGE_CURVE('',#3905,#1965,#3913,.T.);
#3913 = CIRCLE('',#3914,0.31);
#3914 = AXIS2_PLACEMENT_3D('',#3915,#3916,#3917);
#3915 = CARTESIAN_POINT('',(2.25,-1.7,0.595));
#3916 = DIRECTION('',(1.110223024625E-16,-1.,0.));
#3917 = DIRECTION('',(1.,1.110223024625E-16,1.07440937867E-15));
#3918 = ORIENTED_EDGE('',*,*,#1964,.T.);
#3919 = PLANE('',#3920);
#3920 = AXIS2_PLACEMENT_3D('',#3921,#3922,#3923);
#3921 = CARTESIAN_POINT('',(2.468871253694,-1.7,0.444854860176));
#3922 = DIRECTION('',(1.110223024625E-16,-1.,0.));
#3923 = DIRECTION('',(0.,0.,1.));
#3924 = ADVANCED_FACE('',(#3925),#4011,.T.);
#3925 = FACE_BOUND('',#3926,.T.);
#3926 = EDGE_LOOP('',(#3927,#3928,#3936,#3945,#3953,#3962,#3970,#3978,
    #3986,#3995,#4003,#4010));
#3927 = ORIENTED_EDGE('',*,*,#2219,.F.);
#3928 = ORIENTED_EDGE('',*,*,#3929,.T.);
#3929 = EDGE_CURVE('',#2220,#3930,#3932,.T.);
#3930 = VERTEX_POINT('',#3931);
#3931 = CARTESIAN_POINT('',(2.25,-2.11,0.695));
#3932 = LINE('',#3933,#3934);
#3933 = CARTESIAN_POINT('',(1.949,-2.11,0.695));
#3934 = VECTOR('',#3935,1.);
#3935 = DIRECTION('',(1.,1.110223024625E-16,0.));
#3936 = ORIENTED_EDGE('',*,*,#3937,.T.);
#3937 = EDGE_CURVE('',#3930,#3938,#3940,.T.);
#3938 = VERTEX_POINT('',#3939);
#3939 = CARTESIAN_POINT('',(2.35,-2.11,0.595));
#3940 = CIRCLE('',#3941,0.1);
#3941 = AXIS2_PLACEMENT_3D('',#3942,#3943,#3944);
#3942 = CARTESIAN_POINT('',(2.25,-2.11,0.595));
#3943 = DIRECTION('',(-1.110223024625E-16,1.,0.));
#3944 = DIRECTION('',(4.440892098501E-15,4.930380657631E-31,1.));
#3945 = ORIENTED_EDGE('',*,*,#3946,.T.);
#3946 = EDGE_CURVE('',#3938,#3947,#3949,.T.);
#3947 = VERTEX_POINT('',#3948);
#3948 = CARTESIAN_POINT('',(2.35,-2.11,0.31));
#3949 = LINE('',#3950,#3951);
#3950 = CARTESIAN_POINT('',(2.35,-2.11,0.595));
#3951 = VECTOR('',#3952,1.);
#3952 = DIRECTION('',(0.,0.,-1.));
#3953 = ORIENTED_EDGE('',*,*,#3954,.T.);
#3954 = EDGE_CURVE('',#3947,#3955,#3957,.T.);
#3955 = VERTEX_POINT('',#3956);
#3956 = CARTESIAN_POINT('',(2.66,-2.11,5.551115123126E-17));
#3957 = CIRCLE('',#3958,0.31);
#3958 = AXIS2_PLACEMENT_3D('',#3959,#3960,#3961);
#3959 = CARTESIAN_POINT('',(2.66,-2.11,0.31));
#3960 = DIRECTION('',(1.110223024625E-16,-1.,0.));
#3961 = DIRECTION('',(-1.,-1.110223024625E-16,8.953411488913E-16));
#3962 = ORIENTED_EDGE('',*,*,#3963,.T.);
#3963 = EDGE_CURVE('',#3955,#3964,#3966,.T.);
#3964 = VERTEX_POINT('',#3965);
#3965 = CARTESIAN_POINT('',(3.,-2.11,5.551115123126E-17));
#3966 = LINE('',#3967,#3968);
#3967 = CARTESIAN_POINT('',(2.66,-2.11,5.551115123126E-17));
#3968 = VECTOR('',#3969,1.);
#3969 = DIRECTION('',(1.,1.110223024625E-16,0.));
#3970 = ORIENTED_EDGE('',*,*,#3971,.T.);
#3971 = EDGE_CURVE('',#3964,#3972,#3974,.T.);
#3972 = VERTEX_POINT('',#3973);
#3973 = CARTESIAN_POINT('',(3.,-2.11,0.21));
#3974 = LINE('',#3975,#3976);
#3975 = CARTESIAN_POINT('',(3.,-2.11,5.551115123126E-17));
#3976 = VECTOR('',#3977,1.);
#3977 = DIRECTION('',(0.,0.,1.));
#3978 = ORIENTED_EDGE('',*,*,#3979,.T.);
#3979 = EDGE_CURVE('',#3972,#3980,#3982,.T.);
#3980 = VERTEX_POINT('',#3981);
#3981 = CARTESIAN_POINT('',(2.66,-2.11,0.21));
#3982 = LINE('',#3983,#3984);
#3983 = CARTESIAN_POINT('',(3.,-2.11,0.21));
#3984 = VECTOR('',#3985,1.);
#3985 = DIRECTION('',(-1.,-1.110223024625E-16,0.));
#3986 = ORIENTED_EDGE('',*,*,#3987,.T.);
#3987 = EDGE_CURVE('',#3980,#3988,#3990,.T.);
#3988 = VERTEX_POINT('',#3989);
#3989 = CARTESIAN_POINT('',(2.56,-2.11,0.31));
#3990 = CIRCLE('',#3991,0.1);
#3991 = AXIS2_PLACEMENT_3D('',#3992,#3993,#3994);
#3992 = CARTESIAN_POINT('',(2.66,-2.11,0.31));
#3993 = DIRECTION('',(-1.110223024625E-16,1.,0.));
#3994 = DIRECTION('',(0.,0.,-1.));
#3995 = ORIENTED_EDGE('',*,*,#3996,.T.);
#3996 = EDGE_CURVE('',#3988,#3997,#3999,.T.);
#3997 = VERTEX_POINT('',#3998);
#3998 = CARTESIAN_POINT('',(2.56,-2.11,0.595));
#3999 = LINE('',#4000,#4001);
#4000 = CARTESIAN_POINT('',(2.56,-2.11,0.31));
#4001 = VECTOR('',#4002,1.);
#4002 = DIRECTION('',(0.,0.,1.));
#4003 = ORIENTED_EDGE('',*,*,#4004,.T.);
#4004 = EDGE_CURVE('',#3997,#1973,#4005,.T.);
#4005 = CIRCLE('',#4006,0.31);
#4006 = AXIS2_PLACEMENT_3D('',#4007,#4008,#4009);
#4007 = CARTESIAN_POINT('',(2.25,-2.11,0.595));
#4008 = DIRECTION('',(1.110223024625E-16,-1.,0.));
#4009 = DIRECTION('',(1.,1.110223024625E-16,1.07440937867E-15));
#4010 = ORIENTED_EDGE('',*,*,#1980,.T.);
#4011 = PLANE('',#4012);
#4012 = AXIS2_PLACEMENT_3D('',#4013,#4014,#4015);
#4013 = CARTESIAN_POINT('',(2.468871253694,-2.11,0.444854860176));
#4014 = DIRECTION('',(1.110223024625E-16,-1.,0.));
#4015 = DIRECTION('',(0.,0.,1.));
#4016 = ADVANCED_FACE('',(#4017),#4028,.T.);
#4017 = FACE_BOUND('',#4018,.T.);
#4018 = EDGE_LOOP('',(#4019,#4020,#4021,#4022));
#4019 = ORIENTED_EDGE('',*,*,#3912,.T.);
#4020 = ORIENTED_EDGE('',*,*,#1972,.T.);
#4021 = ORIENTED_EDGE('',*,*,#4004,.F.);
#4022 = ORIENTED_EDGE('',*,*,#4023,.F.);
#4023 = EDGE_CURVE('',#3905,#3997,#4024,.T.);
#4024 = LINE('',#4025,#4026);
#4025 = CARTESIAN_POINT('',(2.56,-1.7,0.595));
#4026 = VECTOR('',#4027,1.);
#4027 = DIRECTION('',(1.110223024625E-16,-1.,0.));
#4028 = CYLINDRICAL_SURFACE('',#4029,0.31);
#4029 = AXIS2_PLACEMENT_3D('',#4030,#4031,#4032);
#4030 = CARTESIAN_POINT('',(2.25,-1.7,0.595));
#4031 = DIRECTION('',(-1.110223024625E-16,1.,-0.));
#4032 = DIRECTION('',(1.,1.110223024625E-16,1.07440937867E-15));
#4033 = ADVANCED_FACE('',(#4034),#4057,.F.);
#4034 = FACE_BOUND('',#4035,.F.);
#4035 = EDGE_LOOP('',(#4036,#4046,#4051,#4052));
#4036 = ORIENTED_EDGE('',*,*,#4037,.T.);
#4037 = EDGE_CURVE('',#4038,#4040,#4042,.T.);
#4038 = VERTEX_POINT('',#4039);
#4039 = CARTESIAN_POINT('',(-1.847842035991,2.149421017995,5.E-02));
#4040 = VERTEX_POINT('',#4041);
#4041 = CARTESIAN_POINT('',(-1.649421017995,2.347842035991,5.E-02));
#4042 = LINE('',#4043,#4044);
#4043 = CARTESIAN_POINT('',(-1.847842035991,2.149421017995,5.E-02));
#4044 = VECTOR('',#4045,1.);
#4045 = DIRECTION('',(0.707106781187,0.707106781187,0.));
#4046 = ORIENTED_EDGE('',*,*,#4047,.T.);
#4047 = EDGE_CURVE('',#4040,#2000,#4048,.T.);
#4048 = B_SPLINE_CURVE_WITH_KNOTS('',1,(#4049,#4050),.UNSPECIFIED.,.F.,
  .F.,(2,2),(0.,1.),.PIECEWISE_BEZIER_KNOTS.);
#4049 = CARTESIAN_POINT('',(-1.649421017995,2.347842035991,5.E-02));
#4050 = CARTESIAN_POINT('',(-1.7005,2.45,0.695));
#4051 = ORIENTED_EDGE('',*,*,#1997,.F.);
#4052 = ORIENTED_EDGE('',*,*,#4053,.F.);
#4053 = EDGE_CURVE('',#4038,#1998,#4054,.T.);
#4054 = B_SPLINE_CURVE_WITH_KNOTS('',1,(#4055,#4056),.UNSPECIFIED.,.F.,
  .F.,(2,2),(0.,1.),.PIECEWISE_BEZIER_KNOTS.);
#4055 = CARTESIAN_POINT('',(-1.847842035991,2.149421017995,5.E-02));
#4056 = CARTESIAN_POINT('',(-1.95,2.2005,0.695));
#4057 = B_SPLINE_SURFACE_WITH_KNOTS('',1,1,(
    (#4058,#4059)
    ,(#4060,#4061
    )),.UNSPECIFIED.,.F.,.F.,.F.,(2,2),(2,2),(0.,0.352846283812),(0.,1.)
  ,.PIECEWISE_BEZIER_KNOTS.);
#4058 = CARTESIAN_POINT('',(-1.847842035991,2.149421017995,5.E-02));
#4059 = CARTESIAN_POINT('',(-1.95,2.2005,0.695));
#4060 = CARTESIAN_POINT('',(-1.649421017995,2.347842035991,5.E-02));
#4061 = CARTESIAN_POINT('',(-1.7005,2.45,0.695));
#4062 = ADVANCED_FACE('',(#4063),#4108,.F.);
#4063 = FACE_BOUND('',#4064,.F.);
#4064 = EDGE_LOOP('',(#4065,#4073,#4074,#4075,#4081,#4082,#4088,#4089,
    #4095,#4096,#4102,#4103));
#4065 = ORIENTED_EDGE('',*,*,#4066,.T.);
#4066 = EDGE_CURVE('',#4067,#4038,#4069,.T.);
#4067 = VERTEX_POINT('',#4068);
#4068 = CARTESIAN_POINT('',(-1.847842035991,-2.149421017995,5.E-02));
#4069 = LINE('',#4070,#4071);
#4070 = CARTESIAN_POINT('',(-1.847842035991,-2.149421017995,5.E-02));
#4071 = VECTOR('',#4072,1.);
#4072 = DIRECTION('',(-1.110223024625E-16,1.,0.));
#4073 = ORIENTED_EDGE('',*,*,#4053,.T.);
#4074 = ORIENTED_EDGE('',*,*,#2034,.F.);
#4075 = ORIENTED_EDGE('',*,*,#4076,.F.);
#4076 = EDGE_CURVE('',#2917,#2027,#4077,.T.);
#4077 = LINE('',#4078,#4079);
#4078 = CARTESIAN_POINT('',(-1.95,-2.2005,0.695));
#4079 = VECTOR('',#4080,1.);
#4080 = DIRECTION('',(-1.110223024625E-16,1.,0.));
#4081 = ORIENTED_EDGE('',*,*,#2916,.F.);
#4082 = ORIENTED_EDGE('',*,*,#4083,.F.);
#4083 = EDGE_CURVE('',#2685,#2800,#4084,.T.);
#4084 = LINE('',#4085,#4086);
#4085 = CARTESIAN_POINT('',(-1.95,-2.2005,0.695));
#4086 = VECTOR('',#4087,1.);
#4087 = DIRECTION('',(-1.110223024625E-16,1.,0.));
#4088 = ORIENTED_EDGE('',*,*,#2684,.F.);
#4089 = ORIENTED_EDGE('',*,*,#4090,.F.);
#4090 = EDGE_CURVE('',#2453,#2568,#4091,.T.);
#4091 = LINE('',#4092,#4093);
#4092 = CARTESIAN_POINT('',(-1.95,-2.2005,0.695));
#4093 = VECTOR('',#4094,1.);
#4094 = DIRECTION('',(-1.110223024625E-16,1.,0.));
#4095 = ORIENTED_EDGE('',*,*,#2452,.F.);
#4096 = ORIENTED_EDGE('',*,*,#4097,.F.);
#4097 = EDGE_CURVE('',#2128,#2336,#4098,.T.);
#4098 = LINE('',#4099,#4100);
#4099 = CARTESIAN_POINT('',(-1.95,-2.2005,0.695));
#4100 = VECTOR('',#4101,1.);
#4101 = DIRECTION('',(-1.110223024625E-16,1.,0.));
#4102 = ORIENTED_EDGE('',*,*,#2127,.F.);
#4103 = ORIENTED_EDGE('',*,*,#4104,.F.);
#4104 = EDGE_CURVE('',#4067,#2121,#4105,.T.);
#4105 = B_SPLINE_CURVE_WITH_KNOTS('',1,(#4106,#4107),.UNSPECIFIED.,.F.,
  .F.,(2,2),(0.,1.),.PIECEWISE_BEZIER_KNOTS.);
#4106 = CARTESIAN_POINT('',(-1.847842035991,-2.149421017995,5.E-02));
#4107 = CARTESIAN_POINT('',(-1.95,-2.2005,0.695));
#4108 = B_SPLINE_SURFACE_WITH_KNOTS('',1,1,(
    (#4109,#4110)
    ,(#4111,#4112
    )),.UNSPECIFIED.,.F.,.F.,.F.,(2,2),(2,2),(0.,4.401),(0.,1.),
  .PIECEWISE_BEZIER_KNOTS.);
#4109 = CARTESIAN_POINT('',(-1.847842035991,-2.149421017995,5.E-02));
#4110 = CARTESIAN_POINT('',(-1.95,-2.2005,0.695));
#4111 = CARTESIAN_POINT('',(-1.847842035991,2.149421017995,5.E-02));
#4112 = CARTESIAN_POINT('',(-1.95,2.2005,0.695));
#4113 = ADVANCED_FACE('',(#4114),#4165,.F.);
#4114 = FACE_BOUND('',#4115,.F.);
#4115 = EDGE_LOOP('',(#4116,#4126,#4131,#4132,#4138,#4139,#4145,#4146,
    #4152,#4153,#4159,#4160));
#4116 = ORIENTED_EDGE('',*,*,#4117,.T.);
#4117 = EDGE_CURVE('',#4118,#4120,#4122,.T.);
#4118 = VERTEX_POINT('',#4119);
#4119 = CARTESIAN_POINT('',(1.847842035991,2.149421017995,5.E-02));
#4120 = VERTEX_POINT('',#4121);
#4121 = CARTESIAN_POINT('',(1.847842035991,-2.149421017995,5.E-02));
#4122 = LINE('',#4123,#4124);
#4123 = CARTESIAN_POINT('',(1.847842035991,2.149421017995,5.E-02));
#4124 = VECTOR('',#4125,1.);
#4125 = DIRECTION('',(1.110223024625E-16,-1.,0.));
#4126 = ORIENTED_EDGE('',*,*,#4127,.T.);
#4127 = EDGE_CURVE('',#4120,#2197,#4128,.T.);
#4128 = B_SPLINE_CURVE_WITH_KNOTS('',1,(#4129,#4130),.UNSPECIFIED.,.F.,
  .F.,(2,2),(0.,1.),.PIECEWISE_BEZIER_KNOTS.);
#4129 = CARTESIAN_POINT('',(1.847842035991,-2.149421017995,5.E-02));
#4130 = CARTESIAN_POINT('',(1.95,-2.2005,0.695));
#4131 = ORIENTED_EDGE('',*,*,#2227,.F.);
#4132 = ORIENTED_EDGE('',*,*,#4133,.F.);
#4133 = EDGE_CURVE('',#3814,#2220,#4134,.T.);
#4134 = LINE('',#4135,#4136);
#4135 = CARTESIAN_POINT('',(1.95,2.2005,0.695));
#4136 = VECTOR('',#4137,1.);
#4137 = DIRECTION('',(1.110223024625E-16,-1.,0.));
#4138 = ORIENTED_EDGE('',*,*,#3813,.F.);
#4139 = ORIENTED_EDGE('',*,*,#4140,.F.);
#4140 = EDGE_CURVE('',#3582,#3697,#4141,.T.);
#4141 = LINE('',#4142,#4143);
#4142 = CARTESIAN_POINT('',(1.95,2.2005,0.695));
#4143 = VECTOR('',#4144,1.);
#4144 = DIRECTION('',(1.110223024625E-16,-1.,0.));
#4145 = ORIENTED_EDGE('',*,*,#3581,.F.);
#4146 = ORIENTED_EDGE('',*,*,#4147,.F.);
#4147 = EDGE_CURVE('',#3350,#3465,#4148,.T.);
#4148 = LINE('',#4149,#4150);
#4149 = CARTESIAN_POINT('',(1.95,2.2005,0.695));
#4150 = VECTOR('',#4151,1.);
#4151 = DIRECTION('',(1.110223024625E-16,-1.,0.));
#4152 = ORIENTED_EDGE('',*,*,#3349,.F.);
#4153 = ORIENTED_EDGE('',*,*,#4154,.F.);
#4154 = EDGE_CURVE('',#2058,#3233,#4155,.T.);
#4155 = LINE('',#4156,#4157);
#4156 = CARTESIAN_POINT('',(1.95,2.2005,0.695));
#4157 = VECTOR('',#4158,1.);
#4158 = DIRECTION('',(1.110223024625E-16,-1.,0.));
#4159 = ORIENTED_EDGE('',*,*,#2057,.F.);
#4160 = ORIENTED_EDGE('',*,*,#4161,.F.);
#4161 = EDGE_CURVE('',#4118,#2051,#4162,.T.);
#4162 = B_SPLINE_CURVE_WITH_KNOTS('',1,(#4163,#4164),.UNSPECIFIED.,.F.,
  .F.,(2,2),(0.,1.),.PIECEWISE_BEZIER_KNOTS.);
#4163 = CARTESIAN_POINT('',(1.847842035991,2.149421017995,5.E-02));
#4164 = CARTESIAN_POINT('',(1.95,2.2005,0.695));
#4165 = B_SPLINE_SURFACE_WITH_KNOTS('',1,1,(
    (#4166,#4167)
    ,(#4168,#4169
    )),.UNSPECIFIED.,.F.,.F.,.F.,(2,2),(2,2),(0.,4.401),(0.,1.),
  .PIECEWISE_BEZIER_KNOTS.);
#4166 = CARTESIAN_POINT('',(1.847842035991,2.149421017995,5.E-02));
#4167 = CARTESIAN_POINT('',(1.95,2.2005,0.695));
#4168 = CARTESIAN_POINT('',(1.847842035991,-2.149421017995,5.E-02));
#4169 = CARTESIAN_POINT('',(1.95,-2.2005,0.695));
#4170 = ADVANCED_FACE('',(#4171),#4188,.F.);
#4171 = FACE_BOUND('',#4172,.F.);
#4172 = EDGE_LOOP('',(#4173,#4181,#4182,#4183));
#4173 = ORIENTED_EDGE('',*,*,#4174,.T.);
#4174 = EDGE_CURVE('',#4175,#4118,#4177,.T.);
#4175 = VERTEX_POINT('',#4176);
#4176 = CARTESIAN_POINT('',(1.649421017995,2.347842035991,5.E-02));
#4177 = LINE('',#4178,#4179);
#4178 = CARTESIAN_POINT('',(1.649421017995,2.347842035991,5.E-02));
#4179 = VECTOR('',#4180,1.);
#4180 = DIRECTION('',(0.707106781187,-0.707106781187,0.));
#4181 = ORIENTED_EDGE('',*,*,#4161,.T.);
#4182 = ORIENTED_EDGE('',*,*,#2080,.F.);
#4183 = ORIENTED_EDGE('',*,*,#4184,.F.);
#4184 = EDGE_CURVE('',#4175,#2081,#4185,.T.);
#4185 = B_SPLINE_CURVE_WITH_KNOTS('',1,(#4186,#4187),.UNSPECIFIED.,.F.,
  .F.,(2,2),(0.,1.),.PIECEWISE_BEZIER_KNOTS.);
#4186 = CARTESIAN_POINT('',(1.649421017995,2.347842035991,5.E-02));
#4187 = CARTESIAN_POINT('',(1.7005,2.45,0.695));
#4188 = B_SPLINE_SURFACE_WITH_KNOTS('',1,1,(
    (#4189,#4190)
    ,(#4191,#4192
    )),.UNSPECIFIED.,.F.,.F.,.F.,(2,2),(2,2),(0.,0.352846283812),(0.,1.)
  ,.PIECEWISE_BEZIER_KNOTS.);
#4189 = CARTESIAN_POINT('',(1.649421017995,2.347842035991,5.E-02));
#4190 = CARTESIAN_POINT('',(1.7005,2.45,0.695));
#4191 = CARTESIAN_POINT('',(1.847842035991,2.149421017995,5.E-02));
#4192 = CARTESIAN_POINT('',(1.95,2.2005,0.695));
#4193 = ADVANCED_FACE('',(#4194),#4205,.F.);
#4194 = FACE_BOUND('',#4195,.F.);
#4195 = EDGE_LOOP('',(#4196,#4202,#4203,#4204));
#4196 = ORIENTED_EDGE('',*,*,#4197,.T.);
#4197 = EDGE_CURVE('',#4040,#4175,#4198,.T.);
#4198 = LINE('',#4199,#4200);
#4199 = CARTESIAN_POINT('',(-1.649421017995,2.347842035991,5.E-02));
#4200 = VECTOR('',#4201,1.);
#4201 = DIRECTION('',(1.,1.110223024625E-16,0.));
#4202 = ORIENTED_EDGE('',*,*,#4184,.T.);
#4203 = ORIENTED_EDGE('',*,*,#2103,.F.);
#4204 = ORIENTED_EDGE('',*,*,#4047,.F.);
#4205 = B_SPLINE_SURFACE_WITH_KNOTS('',1,1,(
    (#4206,#4207)
    ,(#4208,#4209
    )),.UNSPECIFIED.,.F.,.F.,.F.,(2,2),(2,2),(0.,3.401),(0.,1.),
  .PIECEWISE_BEZIER_KNOTS.);
#4206 = CARTESIAN_POINT('',(-1.649421017995,2.347842035991,5.E-02));
#4207 = CARTESIAN_POINT('',(-1.7005,2.45,0.695));
#4208 = CARTESIAN_POINT('',(1.649421017995,2.347842035991,5.E-02));
#4209 = CARTESIAN_POINT('',(1.7005,2.45,0.695));
#4210 = ADVANCED_FACE('',(#4211),#4228,.F.);
#4211 = FACE_BOUND('',#4212,.F.);
#4212 = EDGE_LOOP('',(#4213,#4221,#4222,#4223));
#4213 = ORIENTED_EDGE('',*,*,#4214,.T.);
#4214 = EDGE_CURVE('',#4215,#4067,#4217,.T.);
#4215 = VERTEX_POINT('',#4216);
#4216 = CARTESIAN_POINT('',(-1.649421017995,-2.347842035991,5.E-02));
#4217 = LINE('',#4218,#4219);
#4218 = CARTESIAN_POINT('',(-1.649421017995,-2.347842035991,5.E-02));
#4219 = VECTOR('',#4220,1.);
#4220 = DIRECTION('',(-0.707106781187,0.707106781187,0.));
#4221 = ORIENTED_EDGE('',*,*,#4104,.T.);
#4222 = ORIENTED_EDGE('',*,*,#2150,.F.);
#4223 = ORIENTED_EDGE('',*,*,#4224,.F.);
#4224 = EDGE_CURVE('',#4215,#2151,#4225,.T.);
#4225 = B_SPLINE_CURVE_WITH_KNOTS('',1,(#4226,#4227),.UNSPECIFIED.,.F.,
  .F.,(2,2),(0.,1.),.PIECEWISE_BEZIER_KNOTS.);
#4226 = CARTESIAN_POINT('',(-1.649421017995,-2.347842035991,5.E-02));
#4227 = CARTESIAN_POINT('',(-1.7005,-2.45,0.695));
#4228 = B_SPLINE_SURFACE_WITH_KNOTS('',1,1,(
    (#4229,#4230)
    ,(#4231,#4232
    )),.UNSPECIFIED.,.F.,.F.,.F.,(2,2),(2,2),(0.,0.352846283812),(0.,1.)
  ,.PIECEWISE_BEZIER_KNOTS.);
#4229 = CARTESIAN_POINT('',(-1.649421017995,-2.347842035991,5.E-02));
#4230 = CARTESIAN_POINT('',(-1.7005,-2.45,0.695));
#4231 = CARTESIAN_POINT('',(-1.847842035991,-2.149421017995,5.E-02));
#4232 = CARTESIAN_POINT('',(-1.95,-2.2005,0.695));
#4233 = ADVANCED_FACE('',(#4234),#4251,.F.);
#4234 = FACE_BOUND('',#4235,.F.);
#4235 = EDGE_LOOP('',(#4236,#4244,#4245,#4246));
#4236 = ORIENTED_EDGE('',*,*,#4237,.T.);
#4237 = EDGE_CURVE('',#4238,#4215,#4240,.T.);
#4238 = VERTEX_POINT('',#4239);
#4239 = CARTESIAN_POINT('',(1.649421017995,-2.347842035991,5.E-02));
#4240 = LINE('',#4241,#4242);
#4241 = CARTESIAN_POINT('',(1.649421017995,-2.347842035991,5.E-02));
#4242 = VECTOR('',#4243,1.);
#4243 = DIRECTION('',(-1.,-1.110223024625E-16,0.));
#4244 = ORIENTED_EDGE('',*,*,#4224,.T.);
#4245 = ORIENTED_EDGE('',*,*,#2173,.F.);
#4246 = ORIENTED_EDGE('',*,*,#4247,.F.);
#4247 = EDGE_CURVE('',#4238,#2174,#4248,.T.);
#4248 = B_SPLINE_CURVE_WITH_KNOTS('',1,(#4249,#4250),.UNSPECIFIED.,.F.,
  .F.,(2,2),(0.,1.),.PIECEWISE_BEZIER_KNOTS.);
#4249 = CARTESIAN_POINT('',(1.649421017995,-2.347842035991,5.E-02));
#4250 = CARTESIAN_POINT('',(1.7005,-2.45,0.695));
#4251 = B_SPLINE_SURFACE_WITH_KNOTS('',1,1,(
    (#4252,#4253)
    ,(#4254,#4255
    )),.UNSPECIFIED.,.F.,.F.,.F.,(2,2),(2,2),(0.,3.401),(0.,1.),
  .PIECEWISE_BEZIER_KNOTS.);
#4252 = CARTESIAN_POINT('',(1.649421017995,-2.347842035991,5.E-02));
#4253 = CARTESIAN_POINT('',(1.7005,-2.45,0.695));
#4254 = CARTESIAN_POINT('',(-1.649421017995,-2.347842035991,5.E-02));
#4255 = CARTESIAN_POINT('',(-1.7005,-2.45,0.695));
#4256 = ADVANCED_FACE('',(#4257),#4268,.F.);
#4257 = FACE_BOUND('',#4258,.F.);
#4258 = EDGE_LOOP('',(#4259,#4265,#4266,#4267));
#4259 = ORIENTED_EDGE('',*,*,#4260,.T.);
#4260 = EDGE_CURVE('',#4120,#4238,#4261,.T.);
#4261 = LINE('',#4262,#4263);
#4262 = CARTESIAN_POINT('',(1.847842035991,-2.149421017995,5.E-02));
#4263 = VECTOR('',#4264,1.);
#4264 = DIRECTION('',(-0.707106781187,-0.707106781187,0.));
#4265 = ORIENTED_EDGE('',*,*,#4247,.T.);
#4266 = ORIENTED_EDGE('',*,*,#2196,.F.);
#4267 = ORIENTED_EDGE('',*,*,#4127,.F.);
#4268 = B_SPLINE_SURFACE_WITH_KNOTS('',1,1,(
    (#4269,#4270)
    ,(#4271,#4272
    )),.UNSPECIFIED.,.F.,.F.,.F.,(2,2),(2,2),(0.,0.352846283812),(0.,1.)
  ,.PIECEWISE_BEZIER_KNOTS.);
#4269 = CARTESIAN_POINT('',(1.847842035991,-2.149421017995,5.E-02));
#4270 = CARTESIAN_POINT('',(1.95,-2.2005,0.695));
#4271 = CARTESIAN_POINT('',(1.649421017995,-2.347842035991,5.E-02));
#4272 = CARTESIAN_POINT('',(1.7005,-2.45,0.695));
#4273 = ADVANCED_FACE('',(#4274),#4285,.F.);
#4274 = FACE_BOUND('',#4275,.F.);
#4275 = EDGE_LOOP('',(#4276,#4282,#4283,#4284));
#4276 = ORIENTED_EDGE('',*,*,#4277,.T.);
#4277 = EDGE_CURVE('',#2303,#2402,#4278,.T.);
#4278 = LINE('',#4279,#4280);
#4279 = CARTESIAN_POINT('',(-2.56,-2.11,0.31));
#4280 = VECTOR('',#4281,1.);
#4281 = DIRECTION('',(1.144237745222E-17,1.,0.));
#4282 = ORIENTED_EDGE('',*,*,#2410,.T.);
#4283 = ORIENTED_EDGE('',*,*,#2437,.F.);
#4284 = ORIENTED_EDGE('',*,*,#2311,.F.);
#4285 = PLANE('',#4286);
#4286 = AXIS2_PLACEMENT_3D('',#4287,#4288,#4289);
#4287 = CARTESIAN_POINT('',(-2.56,-2.11,0.31));
#4288 = DIRECTION('',(1.,-1.144237745222E-17,0.));
#4289 = DIRECTION('',(0.,0.,1.));
#4290 = ADVANCED_FACE('',(#4291),#4302,.F.);
#4291 = FACE_BOUND('',#4292,.F.);
#4292 = EDGE_LOOP('',(#4293,#4299,#4300,#4301));
#4293 = ORIENTED_EDGE('',*,*,#4294,.T.);
#4294 = EDGE_CURVE('',#2295,#2394,#4295,.T.);
#4295 = LINE('',#4296,#4297);
#4296 = CARTESIAN_POINT('',(-2.66,-2.11,0.21));
#4297 = VECTOR('',#4298,1.);
#4298 = DIRECTION('',(1.144237745222E-17,1.,0.));
#4299 = ORIENTED_EDGE('',*,*,#2401,.T.);
#4300 = ORIENTED_EDGE('',*,*,#4277,.F.);
#4301 = ORIENTED_EDGE('',*,*,#2302,.F.);
#4302 = CYLINDRICAL_SURFACE('',#4303,0.1);
#4303 = AXIS2_PLACEMENT_3D('',#4304,#4305,#4306);
#4304 = CARTESIAN_POINT('',(-2.66,-2.11,0.31));
#4305 = DIRECTION('',(-1.144237745222E-17,-1.,0.));
#4306 = DIRECTION('',(-0.,0.,-1.));
#4307 = ADVANCED_FACE('',(#4308),#4319,.F.);
#4308 = FACE_BOUND('',#4309,.F.);
#4309 = EDGE_LOOP('',(#4310,#4316,#4317,#4318));
#4310 = ORIENTED_EDGE('',*,*,#4311,.T.);
#4311 = EDGE_CURVE('',#2287,#2386,#4312,.T.);
#4312 = LINE('',#4313,#4314);
#4313 = CARTESIAN_POINT('',(-3.,-2.11,0.21));
#4314 = VECTOR('',#4315,1.);
#4315 = DIRECTION('',(1.144237745222E-17,1.,0.));
#4316 = ORIENTED_EDGE('',*,*,#2393,.T.);
#4317 = ORIENTED_EDGE('',*,*,#4294,.F.);
#4318 = ORIENTED_EDGE('',*,*,#2294,.F.);
#4319 = PLANE('',#4320);
#4320 = AXIS2_PLACEMENT_3D('',#4321,#4322,#4323);
#4321 = CARTESIAN_POINT('',(-3.,-2.11,0.21));
#4322 = DIRECTION('',(0.,0.,-1.));
#4323 = DIRECTION('',(1.,-1.144237745222E-17,0.));
#4324 = ADVANCED_FACE('',(#4325),#4336,.F.);
#4325 = FACE_BOUND('',#4326,.F.);
#4326 = EDGE_LOOP('',(#4327,#4333,#4334,#4335));
#4327 = ORIENTED_EDGE('',*,*,#4328,.T.);
#4328 = EDGE_CURVE('',#2279,#2378,#4329,.T.);
#4329 = LINE('',#4330,#4331);
#4330 = CARTESIAN_POINT('',(-3.,-2.11,5.551115123126E-17));
#4331 = VECTOR('',#4332,1.);
#4332 = DIRECTION('',(1.144237745222E-17,1.,0.));
#4333 = ORIENTED_EDGE('',*,*,#2385,.T.);
#4334 = ORIENTED_EDGE('',*,*,#4311,.F.);
#4335 = ORIENTED_EDGE('',*,*,#2286,.F.);
#4336 = PLANE('',#4337);
#4337 = AXIS2_PLACEMENT_3D('',#4338,#4339,#4340);
#4338 = CARTESIAN_POINT('',(-3.,-2.11,5.551115123126E-17));
#4339 = DIRECTION('',(1.,-1.144237745222E-17,0.));
#4340 = DIRECTION('',(0.,0.,1.));
#4341 = ADVANCED_FACE('',(#4342),#4353,.F.);
#4342 = FACE_BOUND('',#4343,.F.);
#4343 = EDGE_LOOP('',(#4344,#4350,#4351,#4352));
#4344 = ORIENTED_EDGE('',*,*,#4345,.T.);
#4345 = EDGE_CURVE('',#2270,#2369,#4346,.T.);
#4346 = LINE('',#4347,#4348);
#4347 = CARTESIAN_POINT('',(-2.66,-2.11,5.551115123126E-17));
#4348 = VECTOR('',#4349,1.);
#4349 = DIRECTION('',(1.144237745222E-17,1.,0.));
#4350 = ORIENTED_EDGE('',*,*,#2377,.T.);
#4351 = ORIENTED_EDGE('',*,*,#4328,.F.);
#4352 = ORIENTED_EDGE('',*,*,#2278,.F.);
#4353 = PLANE('',#4354);
#4354 = AXIS2_PLACEMENT_3D('',#4355,#4356,#4357);
#4355 = CARTESIAN_POINT('',(-2.66,-2.11,5.551115123126E-17));
#4356 = DIRECTION('',(0.,0.,1.));
#4357 = DIRECTION('',(-1.,1.144237745222E-17,0.));
#4358 = ADVANCED_FACE('',(#4359),#4370,.T.);
#4359 = FACE_BOUND('',#4360,.T.);
#4360 = EDGE_LOOP('',(#4361,#4362,#4363,#4364));
#4361 = ORIENTED_EDGE('',*,*,#2269,.T.);
#4362 = ORIENTED_EDGE('',*,*,#4345,.T.);
#4363 = ORIENTED_EDGE('',*,*,#2368,.F.);
#4364 = ORIENTED_EDGE('',*,*,#4365,.F.);
#4365 = EDGE_CURVE('',#2262,#2361,#4366,.T.);
#4366 = LINE('',#4367,#4368);
#4367 = CARTESIAN_POINT('',(-2.35,-2.11,0.31));
#4368 = VECTOR('',#4369,1.);
#4369 = DIRECTION('',(1.144237745222E-17,1.,0.));
#4370 = CYLINDRICAL_SURFACE('',#4371,0.31);
#4371 = AXIS2_PLACEMENT_3D('',#4372,#4373,#4374);
#4372 = CARTESIAN_POINT('',(-2.66,-2.11,0.31));
#4373 = DIRECTION('',(-1.144237745222E-17,-1.,0.));
#4374 = DIRECTION('',(1.,-1.144237745222E-17,8.953411488913E-16));
#4375 = ADVANCED_FACE('',(#4376),#4387,.F.);
#4376 = FACE_BOUND('',#4377,.F.);
#4377 = EDGE_LOOP('',(#4378,#4384,#4385,#4386));
#4378 = ORIENTED_EDGE('',*,*,#4379,.T.);
#4379 = EDGE_CURVE('',#2253,#2352,#4380,.T.);
#4380 = LINE('',#4381,#4382);
#4381 = CARTESIAN_POINT('',(-2.35,-2.11,0.595));
#4382 = VECTOR('',#4383,1.);
#4383 = DIRECTION('',(1.144237745222E-17,1.,0.));
#4384 = ORIENTED_EDGE('',*,*,#2360,.T.);
#4385 = ORIENTED_EDGE('',*,*,#4365,.F.);
#4386 = ORIENTED_EDGE('',*,*,#2261,.F.);
#4387 = PLANE('',#4388);
#4388 = AXIS2_PLACEMENT_3D('',#4389,#4390,#4391);
#4389 = CARTESIAN_POINT('',(-2.35,-2.11,0.595));
#4390 = DIRECTION('',(-1.,1.144237745222E-17,0.));
#4391 = DIRECTION('',(0.,0.,-1.));
#4392 = ADVANCED_FACE('',(#4393),#4404,.F.);
#4393 = FACE_BOUND('',#4394,.F.);
#4394 = EDGE_LOOP('',(#4395,#4401,#4402,#4403));
#4395 = ORIENTED_EDGE('',*,*,#4396,.T.);
#4396 = EDGE_CURVE('',#2245,#2344,#4397,.T.);
#4397 = LINE('',#4398,#4399);
#4398 = CARTESIAN_POINT('',(-2.25,-2.11,0.695));
#4399 = VECTOR('',#4400,1.);
#4400 = DIRECTION('',(1.144237745222E-17,1.,0.));
#4401 = ORIENTED_EDGE('',*,*,#2351,.T.);
#4402 = ORIENTED_EDGE('',*,*,#4379,.F.);
#4403 = ORIENTED_EDGE('',*,*,#2252,.F.);
#4404 = CYLINDRICAL_SURFACE('',#4405,0.1);
#4405 = AXIS2_PLACEMENT_3D('',#4406,#4407,#4408);
#4406 = CARTESIAN_POINT('',(-2.25,-2.11,0.595));
#4407 = DIRECTION('',(-1.144237745222E-17,-1.,0.));
#4408 = DIRECTION('',(-4.440892098501E-15,5.081436361563E-32,1.));
#4409 = ADVANCED_FACE('',(#4410),#4416,.F.);
#4410 = FACE_BOUND('',#4411,.F.);
#4411 = EDGE_LOOP('',(#4412,#4413,#4414,#4415));
#4412 = ORIENTED_EDGE('',*,*,#2244,.F.);
#4413 = ORIENTED_EDGE('',*,*,#4097,.T.);
#4414 = ORIENTED_EDGE('',*,*,#2343,.T.);
#4415 = ORIENTED_EDGE('',*,*,#4396,.F.);
#4416 = PLANE('',#4417);
#4417 = AXIS2_PLACEMENT_3D('',#4418,#4419,#4420);
#4418 = CARTESIAN_POINT('',(-1.949,-2.11,0.695));
#4419 = DIRECTION('',(0.,0.,1.));
#4420 = DIRECTION('',(-1.,1.144237745222E-17,0.));
#4421 = ADVANCED_FACE('',(#4422),#4433,.F.);
#4422 = FACE_BOUND('',#4423,.F.);
#4423 = EDGE_LOOP('',(#4424,#4430,#4431,#4432));
#4424 = ORIENTED_EDGE('',*,*,#4425,.T.);
#4425 = EDGE_CURVE('',#2535,#2634,#4426,.T.);
#4426 = LINE('',#4427,#4428);
#4427 = CARTESIAN_POINT('',(-2.56,-0.84,0.31));
#4428 = VECTOR('',#4429,1.);
#4429 = DIRECTION('',(1.144237745222E-17,1.,0.));
#4430 = ORIENTED_EDGE('',*,*,#2642,.T.);
#4431 = ORIENTED_EDGE('',*,*,#2669,.F.);
#4432 = ORIENTED_EDGE('',*,*,#2543,.F.);
#4433 = PLANE('',#4434);
#4434 = AXIS2_PLACEMENT_3D('',#4435,#4436,#4437);
#4435 = CARTESIAN_POINT('',(-2.56,-0.84,0.31));
#4436 = DIRECTION('',(1.,-1.144237745222E-17,0.));
#4437 = DIRECTION('',(0.,0.,1.));
#4438 = ADVANCED_FACE('',(#4439),#4450,.F.);
#4439 = FACE_BOUND('',#4440,.F.);
#4440 = EDGE_LOOP('',(#4441,#4447,#4448,#4449));
#4441 = ORIENTED_EDGE('',*,*,#4442,.T.);
#4442 = EDGE_CURVE('',#2527,#2626,#4443,.T.);
#4443 = LINE('',#4444,#4445);
#4444 = CARTESIAN_POINT('',(-2.66,-0.84,0.21));
#4445 = VECTOR('',#4446,1.);
#4446 = DIRECTION('',(1.144237745222E-17,1.,0.));
#4447 = ORIENTED_EDGE('',*,*,#2633,.T.);
#4448 = ORIENTED_EDGE('',*,*,#4425,.F.);
#4449 = ORIENTED_EDGE('',*,*,#2534,.F.);
#4450 = CYLINDRICAL_SURFACE('',#4451,0.1);
#4451 = AXIS2_PLACEMENT_3D('',#4452,#4453,#4454);
#4452 = CARTESIAN_POINT('',(-2.66,-0.84,0.31));
#4453 = DIRECTION('',(-1.144237745222E-17,-1.,0.));
#4454 = DIRECTION('',(-0.,0.,-1.));
#4455 = ADVANCED_FACE('',(#4456),#4467,.F.);
#4456 = FACE_BOUND('',#4457,.F.);
#4457 = EDGE_LOOP('',(#4458,#4464,#4465,#4466));
#4458 = ORIENTED_EDGE('',*,*,#4459,.T.);
#4459 = EDGE_CURVE('',#2519,#2618,#4460,.T.);
#4460 = LINE('',#4461,#4462);
#4461 = CARTESIAN_POINT('',(-3.,-0.84,0.21));
#4462 = VECTOR('',#4463,1.);
#4463 = DIRECTION('',(1.144237745222E-17,1.,0.));
#4464 = ORIENTED_EDGE('',*,*,#2625,.T.);
#4465 = ORIENTED_EDGE('',*,*,#4442,.F.);
#4466 = ORIENTED_EDGE('',*,*,#2526,.F.);
#4467 = PLANE('',#4468);
#4468 = AXIS2_PLACEMENT_3D('',#4469,#4470,#4471);
#4469 = CARTESIAN_POINT('',(-3.,-0.84,0.21));
#4470 = DIRECTION('',(0.,0.,-1.));
#4471 = DIRECTION('',(1.,-1.144237745222E-17,0.));
#4472 = ADVANCED_FACE('',(#4473),#4484,.F.);
#4473 = FACE_BOUND('',#4474,.F.);
#4474 = EDGE_LOOP('',(#4475,#4481,#4482,#4483));
#4475 = ORIENTED_EDGE('',*,*,#4476,.T.);
#4476 = EDGE_CURVE('',#2511,#2610,#4477,.T.);
#4477 = LINE('',#4478,#4479);
#4478 = CARTESIAN_POINT('',(-3.,-0.84,5.551115123126E-17));
#4479 = VECTOR('',#4480,1.);
#4480 = DIRECTION('',(1.144237745222E-17,1.,0.));
#4481 = ORIENTED_EDGE('',*,*,#2617,.T.);
#4482 = ORIENTED_EDGE('',*,*,#4459,.F.);
#4483 = ORIENTED_EDGE('',*,*,#2518,.F.);
#4484 = PLANE('',#4485);
#4485 = AXIS2_PLACEMENT_3D('',#4486,#4487,#4488);
#4486 = CARTESIAN_POINT('',(-3.,-0.84,5.551115123126E-17));
#4487 = DIRECTION('',(1.,-1.144237745222E-17,0.));
#4488 = DIRECTION('',(0.,0.,1.));
#4489 = ADVANCED_FACE('',(#4490),#4501,.F.);
#4490 = FACE_BOUND('',#4491,.F.);
#4491 = EDGE_LOOP('',(#4492,#4498,#4499,#4500));
#4492 = ORIENTED_EDGE('',*,*,#4493,.T.);
#4493 = EDGE_CURVE('',#2502,#2601,#4494,.T.);
#4494 = LINE('',#4495,#4496);
#4495 = CARTESIAN_POINT('',(-2.66,-0.84,5.551115123126E-17));
#4496 = VECTOR('',#4497,1.);
#4497 = DIRECTION('',(1.144237745222E-17,1.,0.));
#4498 = ORIENTED_EDGE('',*,*,#2609,.T.);
#4499 = ORIENTED_EDGE('',*,*,#4476,.F.);
#4500 = ORIENTED_EDGE('',*,*,#2510,.F.);
#4501 = PLANE('',#4502);
#4502 = AXIS2_PLACEMENT_3D('',#4503,#4504,#4505);
#4503 = CARTESIAN_POINT('',(-2.66,-0.84,5.551115123126E-17));
#4504 = DIRECTION('',(0.,0.,1.));
#4505 = DIRECTION('',(-1.,1.144237745222E-17,0.));
#4506 = ADVANCED_FACE('',(#4507),#4518,.T.);
#4507 = FACE_BOUND('',#4508,.T.);
#4508 = EDGE_LOOP('',(#4509,#4510,#4511,#4512));
#4509 = ORIENTED_EDGE('',*,*,#2501,.T.);
#4510 = ORIENTED_EDGE('',*,*,#4493,.T.);
#4511 = ORIENTED_EDGE('',*,*,#2600,.F.);
#4512 = ORIENTED_EDGE('',*,*,#4513,.F.);
#4513 = EDGE_CURVE('',#2494,#2593,#4514,.T.);
#4514 = LINE('',#4515,#4516);
#4515 = CARTESIAN_POINT('',(-2.35,-0.84,0.31));
#4516 = VECTOR('',#4517,1.);
#4517 = DIRECTION('',(1.144237745222E-17,1.,0.));
#4518 = CYLINDRICAL_SURFACE('',#4519,0.31);
#4519 = AXIS2_PLACEMENT_3D('',#4520,#4521,#4522);
#4520 = CARTESIAN_POINT('',(-2.66,-0.84,0.31));
#4521 = DIRECTION('',(-1.144237745222E-17,-1.,0.));
#4522 = DIRECTION('',(1.,-1.144237745222E-17,8.953411488913E-16));
#4523 = ADVANCED_FACE('',(#4524),#4535,.F.);
#4524 = FACE_BOUND('',#4525,.F.);
#4525 = EDGE_LOOP('',(#4526,#4532,#4533,#4534));
#4526 = ORIENTED_EDGE('',*,*,#4527,.T.);
#4527 = EDGE_CURVE('',#2485,#2584,#4528,.T.);
#4528 = LINE('',#4529,#4530);
#4529 = CARTESIAN_POINT('',(-2.35,-0.84,0.595));
#4530 = VECTOR('',#4531,1.);
#4531 = DIRECTION('',(1.144237745222E-17,1.,0.));
#4532 = ORIENTED_EDGE('',*,*,#2592,.T.);
#4533 = ORIENTED_EDGE('',*,*,#4513,.F.);
#4534 = ORIENTED_EDGE('',*,*,#2493,.F.);
#4535 = PLANE('',#4536);
#4536 = AXIS2_PLACEMENT_3D('',#4537,#4538,#4539);
#4537 = CARTESIAN_POINT('',(-2.35,-0.84,0.595));
#4538 = DIRECTION('',(-1.,1.144237745222E-17,0.));
#4539 = DIRECTION('',(0.,0.,-1.));
#4540 = ADVANCED_FACE('',(#4541),#4552,.F.);
#4541 = FACE_BOUND('',#4542,.F.);
#4542 = EDGE_LOOP('',(#4543,#4549,#4550,#4551));
#4543 = ORIENTED_EDGE('',*,*,#4544,.T.);
#4544 = EDGE_CURVE('',#2477,#2576,#4545,.T.);
#4545 = LINE('',#4546,#4547);
#4546 = CARTESIAN_POINT('',(-2.25,-0.84,0.695));
#4547 = VECTOR('',#4548,1.);
#4548 = DIRECTION('',(1.144237745222E-17,1.,0.));
#4549 = ORIENTED_EDGE('',*,*,#2583,.T.);
#4550 = ORIENTED_EDGE('',*,*,#4527,.F.);
#4551 = ORIENTED_EDGE('',*,*,#2484,.F.);
#4552 = CYLINDRICAL_SURFACE('',#4553,0.1);
#4553 = AXIS2_PLACEMENT_3D('',#4554,#4555,#4556);
#4554 = CARTESIAN_POINT('',(-2.25,-0.84,0.595));
#4555 = DIRECTION('',(-1.144237745222E-17,-1.,0.));
#4556 = DIRECTION('',(-4.440892098501E-15,5.081436361563E-32,1.));
#4557 = ADVANCED_FACE('',(#4558),#4564,.F.);
#4558 = FACE_BOUND('',#4559,.F.);
#4559 = EDGE_LOOP('',(#4560,#4561,#4562,#4563));
#4560 = ORIENTED_EDGE('',*,*,#2476,.F.);
#4561 = ORIENTED_EDGE('',*,*,#4090,.T.);
#4562 = ORIENTED_EDGE('',*,*,#2575,.T.);
#4563 = ORIENTED_EDGE('',*,*,#4544,.F.);
#4564 = PLANE('',#4565);
#4565 = AXIS2_PLACEMENT_3D('',#4566,#4567,#4568);
#4566 = CARTESIAN_POINT('',(-1.949,-0.84,0.695));
#4567 = DIRECTION('',(0.,0.,1.));
#4568 = DIRECTION('',(-1.,1.144237745222E-17,0.));
#4569 = ADVANCED_FACE('',(#4570),#4581,.F.);
#4570 = FACE_BOUND('',#4571,.F.);
#4571 = EDGE_LOOP('',(#4572,#4578,#4579,#4580));
#4572 = ORIENTED_EDGE('',*,*,#4573,.T.);
#4573 = EDGE_CURVE('',#2767,#2866,#4574,.T.);
#4574 = LINE('',#4575,#4576);
#4575 = CARTESIAN_POINT('',(-2.56,0.43,0.31));
#4576 = VECTOR('',#4577,1.);
#4577 = DIRECTION('',(1.144237745222E-17,1.,0.));
#4578 = ORIENTED_EDGE('',*,*,#2874,.T.);
#4579 = ORIENTED_EDGE('',*,*,#2901,.F.);
#4580 = ORIENTED_EDGE('',*,*,#2775,.F.);
#4581 = PLANE('',#4582);
#4582 = AXIS2_PLACEMENT_3D('',#4583,#4584,#4585);
#4583 = CARTESIAN_POINT('',(-2.56,0.43,0.31));
#4584 = DIRECTION('',(1.,-1.144237745222E-17,0.));
#4585 = DIRECTION('',(0.,0.,1.));
#4586 = ADVANCED_FACE('',(#4587),#4598,.F.);
#4587 = FACE_BOUND('',#4588,.F.);
#4588 = EDGE_LOOP('',(#4589,#4595,#4596,#4597));
#4589 = ORIENTED_EDGE('',*,*,#4590,.T.);
#4590 = EDGE_CURVE('',#2759,#2858,#4591,.T.);
#4591 = LINE('',#4592,#4593);
#4592 = CARTESIAN_POINT('',(-2.66,0.43,0.21));
#4593 = VECTOR('',#4594,1.);
#4594 = DIRECTION('',(1.144237745222E-17,1.,0.));
#4595 = ORIENTED_EDGE('',*,*,#2865,.T.);
#4596 = ORIENTED_EDGE('',*,*,#4573,.F.);
#4597 = ORIENTED_EDGE('',*,*,#2766,.F.);
#4598 = CYLINDRICAL_SURFACE('',#4599,0.1);
#4599 = AXIS2_PLACEMENT_3D('',#4600,#4601,#4602);
#4600 = CARTESIAN_POINT('',(-2.66,0.43,0.31));
#4601 = DIRECTION('',(-1.144237745222E-17,-1.,0.));
#4602 = DIRECTION('',(-0.,0.,-1.));
#4603 = ADVANCED_FACE('',(#4604),#4615,.F.);
#4604 = FACE_BOUND('',#4605,.F.);
#4605 = EDGE_LOOP('',(#4606,#4612,#4613,#4614));
#4606 = ORIENTED_EDGE('',*,*,#4607,.T.);
#4607 = EDGE_CURVE('',#2751,#2850,#4608,.T.);
#4608 = LINE('',#4609,#4610);
#4609 = CARTESIAN_POINT('',(-3.,0.43,0.21));
#4610 = VECTOR('',#4611,1.);
#4611 = DIRECTION('',(1.144237745222E-17,1.,0.));
#4612 = ORIENTED_EDGE('',*,*,#2857,.T.);
#4613 = ORIENTED_EDGE('',*,*,#4590,.F.);
#4614 = ORIENTED_EDGE('',*,*,#2758,.F.);
#4615 = PLANE('',#4616);
#4616 = AXIS2_PLACEMENT_3D('',#4617,#4618,#4619);
#4617 = CARTESIAN_POINT('',(-3.,0.43,0.21));
#4618 = DIRECTION('',(0.,0.,-1.));
#4619 = DIRECTION('',(1.,-1.144237745222E-17,0.));
#4620 = ADVANCED_FACE('',(#4621),#4632,.F.);
#4621 = FACE_BOUND('',#4622,.F.);
#4622 = EDGE_LOOP('',(#4623,#4629,#4630,#4631));
#4623 = ORIENTED_EDGE('',*,*,#4624,.T.);
#4624 = EDGE_CURVE('',#2743,#2842,#4625,.T.);
#4625 = LINE('',#4626,#4627);
#4626 = CARTESIAN_POINT('',(-3.,0.43,5.551115123126E-17));
#4627 = VECTOR('',#4628,1.);
#4628 = DIRECTION('',(1.144237745222E-17,1.,0.));
#4629 = ORIENTED_EDGE('',*,*,#2849,.T.);
#4630 = ORIENTED_EDGE('',*,*,#4607,.F.);
#4631 = ORIENTED_EDGE('',*,*,#2750,.F.);
#4632 = PLANE('',#4633);
#4633 = AXIS2_PLACEMENT_3D('',#4634,#4635,#4636);
#4634 = CARTESIAN_POINT('',(-3.,0.43,5.551115123126E-17));
#4635 = DIRECTION('',(1.,-1.144237745222E-17,0.));
#4636 = DIRECTION('',(0.,0.,1.));
#4637 = ADVANCED_FACE('',(#4638),#4649,.F.);
#4638 = FACE_BOUND('',#4639,.F.);
#4639 = EDGE_LOOP('',(#4640,#4646,#4647,#4648));
#4640 = ORIENTED_EDGE('',*,*,#4641,.T.);
#4641 = EDGE_CURVE('',#2734,#2833,#4642,.T.);
#4642 = LINE('',#4643,#4644);
#4643 = CARTESIAN_POINT('',(-2.66,0.43,5.551115123126E-17));
#4644 = VECTOR('',#4645,1.);
#4645 = DIRECTION('',(1.144237745222E-17,1.,0.));
#4646 = ORIENTED_EDGE('',*,*,#2841,.T.);
#4647 = ORIENTED_EDGE('',*,*,#4624,.F.);
#4648 = ORIENTED_EDGE('',*,*,#2742,.F.);
#4649 = PLANE('',#4650);
#4650 = AXIS2_PLACEMENT_3D('',#4651,#4652,#4653);
#4651 = CARTESIAN_POINT('',(-2.66,0.43,5.551115123126E-17));
#4652 = DIRECTION('',(0.,0.,1.));
#4653 = DIRECTION('',(-1.,1.144237745222E-17,0.));
#4654 = ADVANCED_FACE('',(#4655),#4666,.T.);
#4655 = FACE_BOUND('',#4656,.T.);
#4656 = EDGE_LOOP('',(#4657,#4658,#4659,#4660));
#4657 = ORIENTED_EDGE('',*,*,#2733,.T.);
#4658 = ORIENTED_EDGE('',*,*,#4641,.T.);
#4659 = ORIENTED_EDGE('',*,*,#2832,.F.);
#4660 = ORIENTED_EDGE('',*,*,#4661,.F.);
#4661 = EDGE_CURVE('',#2726,#2825,#4662,.T.);
#4662 = LINE('',#4663,#4664);
#4663 = CARTESIAN_POINT('',(-2.35,0.43,0.31));
#4664 = VECTOR('',#4665,1.);
#4665 = DIRECTION('',(1.144237745222E-17,1.,0.));
#4666 = CYLINDRICAL_SURFACE('',#4667,0.31);
#4667 = AXIS2_PLACEMENT_3D('',#4668,#4669,#4670);
#4668 = CARTESIAN_POINT('',(-2.66,0.43,0.31));
#4669 = DIRECTION('',(-1.144237745222E-17,-1.,0.));
#4670 = DIRECTION('',(1.,-1.144237745222E-17,8.953411488913E-16));
#4671 = ADVANCED_FACE('',(#4672),#4683,.F.);
#4672 = FACE_BOUND('',#4673,.F.);
#4673 = EDGE_LOOP('',(#4674,#4680,#4681,#4682));
#4674 = ORIENTED_EDGE('',*,*,#4675,.T.);
#4675 = EDGE_CURVE('',#2717,#2816,#4676,.T.);
#4676 = LINE('',#4677,#4678);
#4677 = CARTESIAN_POINT('',(-2.35,0.43,0.595));
#4678 = VECTOR('',#4679,1.);
#4679 = DIRECTION('',(1.144237745222E-17,1.,0.));
#4680 = ORIENTED_EDGE('',*,*,#2824,.T.);
#4681 = ORIENTED_EDGE('',*,*,#4661,.F.);
#4682 = ORIENTED_EDGE('',*,*,#2725,.F.);
#4683 = PLANE('',#4684);
#4684 = AXIS2_PLACEMENT_3D('',#4685,#4686,#4687);
#4685 = CARTESIAN_POINT('',(-2.35,0.43,0.595));
#4686 = DIRECTION('',(-1.,1.144237745222E-17,0.));
#4687 = DIRECTION('',(0.,0.,-1.));
#4688 = ADVANCED_FACE('',(#4689),#4700,.F.);
#4689 = FACE_BOUND('',#4690,.F.);
#4690 = EDGE_LOOP('',(#4691,#4697,#4698,#4699));
#4691 = ORIENTED_EDGE('',*,*,#4692,.T.);
#4692 = EDGE_CURVE('',#2709,#2808,#4693,.T.);
#4693 = LINE('',#4694,#4695);
#4694 = CARTESIAN_POINT('',(-2.25,0.43,0.695));
#4695 = VECTOR('',#4696,1.);
#4696 = DIRECTION('',(1.144237745222E-17,1.,0.));
#4697 = ORIENTED_EDGE('',*,*,#2815,.T.);
#4698 = ORIENTED_EDGE('',*,*,#4675,.F.);
#4699 = ORIENTED_EDGE('',*,*,#2716,.F.);
#4700 = CYLINDRICAL_SURFACE('',#4701,0.1);
#4701 = AXIS2_PLACEMENT_3D('',#4702,#4703,#4704);
#4702 = CARTESIAN_POINT('',(-2.25,0.43,0.595));
#4703 = DIRECTION('',(-1.144237745222E-17,-1.,0.));
#4704 = DIRECTION('',(-4.440892098501E-15,5.081436361563E-32,1.));
#4705 = ADVANCED_FACE('',(#4706),#4712,.F.);
#4706 = FACE_BOUND('',#4707,.F.);
#4707 = EDGE_LOOP('',(#4708,#4709,#4710,#4711));
#4708 = ORIENTED_EDGE('',*,*,#2708,.F.);
#4709 = ORIENTED_EDGE('',*,*,#4083,.T.);
#4710 = ORIENTED_EDGE('',*,*,#2807,.T.);
#4711 = ORIENTED_EDGE('',*,*,#4692,.F.);
#4712 = PLANE('',#4713);
#4713 = AXIS2_PLACEMENT_3D('',#4714,#4715,#4716);
#4714 = CARTESIAN_POINT('',(-1.949,0.43,0.695));
#4715 = DIRECTION('',(0.,0.,1.));
#4716 = DIRECTION('',(-1.,1.144237745222E-17,0.));
#4717 = ADVANCED_FACE('',(#4718),#4729,.F.);
#4718 = FACE_BOUND('',#4719,.F.);
#4719 = EDGE_LOOP('',(#4720,#4726,#4727,#4728));
#4720 = ORIENTED_EDGE('',*,*,#4721,.T.);
#4721 = EDGE_CURVE('',#2999,#3091,#4722,.T.);
#4722 = LINE('',#4723,#4724);
#4723 = CARTESIAN_POINT('',(-2.56,1.7,0.31));
#4724 = VECTOR('',#4725,1.);
#4725 = DIRECTION('',(1.144237745222E-17,1.,0.));
#4726 = ORIENTED_EDGE('',*,*,#3099,.T.);
#4727 = ORIENTED_EDGE('',*,*,#3126,.F.);
#4728 = ORIENTED_EDGE('',*,*,#3007,.F.);
#4729 = PLANE('',#4730);
#4730 = AXIS2_PLACEMENT_3D('',#4731,#4732,#4733);
#4731 = CARTESIAN_POINT('',(-2.56,1.7,0.31));
#4732 = DIRECTION('',(1.,-1.144237745222E-17,0.));
#4733 = DIRECTION('',(0.,0.,1.));
#4734 = ADVANCED_FACE('',(#4735),#4746,.F.);
#4735 = FACE_BOUND('',#4736,.F.);
#4736 = EDGE_LOOP('',(#4737,#4743,#4744,#4745));
#4737 = ORIENTED_EDGE('',*,*,#4738,.T.);
#4738 = EDGE_CURVE('',#2991,#3083,#4739,.T.);
#4739 = LINE('',#4740,#4741);
#4740 = CARTESIAN_POINT('',(-2.66,1.7,0.21));
#4741 = VECTOR('',#4742,1.);
#4742 = DIRECTION('',(1.144237745222E-17,1.,0.));
#4743 = ORIENTED_EDGE('',*,*,#3090,.T.);
#4744 = ORIENTED_EDGE('',*,*,#4721,.F.);
#4745 = ORIENTED_EDGE('',*,*,#2998,.F.);
#4746 = CYLINDRICAL_SURFACE('',#4747,0.1);
#4747 = AXIS2_PLACEMENT_3D('',#4748,#4749,#4750);
#4748 = CARTESIAN_POINT('',(-2.66,1.7,0.31));
#4749 = DIRECTION('',(-1.144237745222E-17,-1.,0.));
#4750 = DIRECTION('',(-0.,0.,-1.));
#4751 = ADVANCED_FACE('',(#4752),#4763,.F.);
#4752 = FACE_BOUND('',#4753,.F.);
#4753 = EDGE_LOOP('',(#4754,#4760,#4761,#4762));
#4754 = ORIENTED_EDGE('',*,*,#4755,.T.);
#4755 = EDGE_CURVE('',#2983,#3075,#4756,.T.);
#4756 = LINE('',#4757,#4758);
#4757 = CARTESIAN_POINT('',(-3.,1.7,0.21));
#4758 = VECTOR('',#4759,1.);
#4759 = DIRECTION('',(1.144237745222E-17,1.,0.));
#4760 = ORIENTED_EDGE('',*,*,#3082,.T.);
#4761 = ORIENTED_EDGE('',*,*,#4738,.F.);
#4762 = ORIENTED_EDGE('',*,*,#2990,.F.);
#4763 = PLANE('',#4764);
#4764 = AXIS2_PLACEMENT_3D('',#4765,#4766,#4767);
#4765 = CARTESIAN_POINT('',(-3.,1.7,0.21));
#4766 = DIRECTION('',(0.,0.,-1.));
#4767 = DIRECTION('',(1.,-1.144237745222E-17,0.));
#4768 = ADVANCED_FACE('',(#4769),#4780,.F.);
#4769 = FACE_BOUND('',#4770,.F.);
#4770 = EDGE_LOOP('',(#4771,#4777,#4778,#4779));
#4771 = ORIENTED_EDGE('',*,*,#4772,.T.);
#4772 = EDGE_CURVE('',#2975,#3067,#4773,.T.);
#4773 = LINE('',#4774,#4775);
#4774 = CARTESIAN_POINT('',(-3.,1.7,5.551115123126E-17));
#4775 = VECTOR('',#4776,1.);
#4776 = DIRECTION('',(1.144237745222E-17,1.,0.));
#4777 = ORIENTED_EDGE('',*,*,#3074,.T.);
#4778 = ORIENTED_EDGE('',*,*,#4755,.F.);
#4779 = ORIENTED_EDGE('',*,*,#2982,.F.);
#4780 = PLANE('',#4781);
#4781 = AXIS2_PLACEMENT_3D('',#4782,#4783,#4784);
#4782 = CARTESIAN_POINT('',(-3.,1.7,5.551115123126E-17));
#4783 = DIRECTION('',(1.,-1.144237745222E-17,0.));
#4784 = DIRECTION('',(0.,0.,1.));
#4785 = ADVANCED_FACE('',(#4786),#4797,.F.);
#4786 = FACE_BOUND('',#4787,.F.);
#4787 = EDGE_LOOP('',(#4788,#4794,#4795,#4796));
#4788 = ORIENTED_EDGE('',*,*,#4789,.T.);
#4789 = EDGE_CURVE('',#2966,#3058,#4790,.T.);
#4790 = LINE('',#4791,#4792);
#4791 = CARTESIAN_POINT('',(-2.66,1.7,5.551115123126E-17));
#4792 = VECTOR('',#4793,1.);
#4793 = DIRECTION('',(1.144237745222E-17,1.,0.));
#4794 = ORIENTED_EDGE('',*,*,#3066,.T.);
#4795 = ORIENTED_EDGE('',*,*,#4772,.F.);
#4796 = ORIENTED_EDGE('',*,*,#2974,.F.);
#4797 = PLANE('',#4798);
#4798 = AXIS2_PLACEMENT_3D('',#4799,#4800,#4801);
#4799 = CARTESIAN_POINT('',(-2.66,1.7,5.551115123126E-17));
#4800 = DIRECTION('',(0.,0.,1.));
#4801 = DIRECTION('',(-1.,1.144237745222E-17,0.));
#4802 = ADVANCED_FACE('',(#4803),#4814,.T.);
#4803 = FACE_BOUND('',#4804,.T.);
#4804 = EDGE_LOOP('',(#4805,#4806,#4807,#4808));
#4805 = ORIENTED_EDGE('',*,*,#2965,.T.);
#4806 = ORIENTED_EDGE('',*,*,#4789,.T.);
#4807 = ORIENTED_EDGE('',*,*,#3057,.F.);
#4808 = ORIENTED_EDGE('',*,*,#4809,.F.);
#4809 = EDGE_CURVE('',#2958,#3050,#4810,.T.);
#4810 = LINE('',#4811,#4812);
#4811 = CARTESIAN_POINT('',(-2.35,1.7,0.31));
#4812 = VECTOR('',#4813,1.);
#4813 = DIRECTION('',(1.144237745222E-17,1.,0.));
#4814 = CYLINDRICAL_SURFACE('',#4815,0.31);
#4815 = AXIS2_PLACEMENT_3D('',#4816,#4817,#4818);
#4816 = CARTESIAN_POINT('',(-2.66,1.7,0.31));
#4817 = DIRECTION('',(-1.144237745222E-17,-1.,0.));
#4818 = DIRECTION('',(1.,-1.144237745222E-17,8.953411488913E-16));
#4819 = ADVANCED_FACE('',(#4820),#4831,.F.);
#4820 = FACE_BOUND('',#4821,.F.);
#4821 = EDGE_LOOP('',(#4822,#4828,#4829,#4830));
#4822 = ORIENTED_EDGE('',*,*,#4823,.T.);
#4823 = EDGE_CURVE('',#2949,#3041,#4824,.T.);
#4824 = LINE('',#4825,#4826);
#4825 = CARTESIAN_POINT('',(-2.35,1.7,0.595));
#4826 = VECTOR('',#4827,1.);
#4827 = DIRECTION('',(1.144237745222E-17,1.,0.));
#4828 = ORIENTED_EDGE('',*,*,#3049,.T.);
#4829 = ORIENTED_EDGE('',*,*,#4809,.F.);
#4830 = ORIENTED_EDGE('',*,*,#2957,.F.);
#4831 = PLANE('',#4832);
#4832 = AXIS2_PLACEMENT_3D('',#4833,#4834,#4835);
#4833 = CARTESIAN_POINT('',(-2.35,1.7,0.595));
#4834 = DIRECTION('',(-1.,1.144237745222E-17,0.));
#4835 = DIRECTION('',(0.,0.,-1.));
#4836 = ADVANCED_FACE('',(#4837),#4848,.F.);
#4837 = FACE_BOUND('',#4838,.F.);
#4838 = EDGE_LOOP('',(#4839,#4845,#4846,#4847));
#4839 = ORIENTED_EDGE('',*,*,#4840,.T.);
#4840 = EDGE_CURVE('',#2941,#3033,#4841,.T.);
#4841 = LINE('',#4842,#4843);
#4842 = CARTESIAN_POINT('',(-2.25,1.7,0.695));
#4843 = VECTOR('',#4844,1.);
#4844 = DIRECTION('',(1.144237745222E-17,1.,0.));
#4845 = ORIENTED_EDGE('',*,*,#3040,.T.);
#4846 = ORIENTED_EDGE('',*,*,#4823,.F.);
#4847 = ORIENTED_EDGE('',*,*,#2948,.F.);
#4848 = CYLINDRICAL_SURFACE('',#4849,0.1);
#4849 = AXIS2_PLACEMENT_3D('',#4850,#4851,#4852);
#4850 = CARTESIAN_POINT('',(-2.25,1.7,0.595));
#4851 = DIRECTION('',(-1.144237745222E-17,-1.,0.));
#4852 = DIRECTION('',(-4.440892098501E-15,5.081436361563E-32,1.));
#4853 = ADVANCED_FACE('',(#4854),#4860,.F.);
#4854 = FACE_BOUND('',#4855,.F.);
#4855 = EDGE_LOOP('',(#4856,#4857,#4858,#4859));
#4856 = ORIENTED_EDGE('',*,*,#2940,.F.);
#4857 = ORIENTED_EDGE('',*,*,#4076,.T.);
#4858 = ORIENTED_EDGE('',*,*,#3032,.T.);
#4859 = ORIENTED_EDGE('',*,*,#4840,.F.);
#4860 = PLANE('',#4861);
#4861 = AXIS2_PLACEMENT_3D('',#4862,#4863,#4864);
#4862 = CARTESIAN_POINT('',(-1.949,1.7,0.695));
#4863 = DIRECTION('',(0.,0.,1.));
#4864 = DIRECTION('',(-1.,1.144237745222E-17,0.));
#4865 = ADVANCED_FACE('',(#4866),#4877,.F.);
#4866 = FACE_BOUND('',#4867,.F.);
#4867 = EDGE_LOOP('',(#4868,#4874,#4875,#4876));
#4868 = ORIENTED_EDGE('',*,*,#4869,.T.);
#4869 = EDGE_CURVE('',#3200,#3299,#4870,.T.);
#4870 = LINE('',#4871,#4872);
#4871 = CARTESIAN_POINT('',(2.56,2.11,0.31));
#4872 = VECTOR('',#4873,1.);
#4873 = DIRECTION('',(1.110223024625E-16,-1.,0.));
#4874 = ORIENTED_EDGE('',*,*,#3307,.T.);
#4875 = ORIENTED_EDGE('',*,*,#3334,.F.);
#4876 = ORIENTED_EDGE('',*,*,#3208,.F.);
#4877 = PLANE('',#4878);
#4878 = AXIS2_PLACEMENT_3D('',#4879,#4880,#4881);
#4879 = CARTESIAN_POINT('',(2.56,2.11,0.31));
#4880 = DIRECTION('',(-1.,-1.110223024625E-16,0.));
#4881 = DIRECTION('',(0.,0.,1.));
#4882 = ADVANCED_FACE('',(#4883),#4894,.F.);
#4883 = FACE_BOUND('',#4884,.F.);
#4884 = EDGE_LOOP('',(#4885,#4891,#4892,#4893));
#4885 = ORIENTED_EDGE('',*,*,#4886,.T.);
#4886 = EDGE_CURVE('',#3192,#3291,#4887,.T.);
#4887 = LINE('',#4888,#4889);
#4888 = CARTESIAN_POINT('',(2.66,2.11,0.21));
#4889 = VECTOR('',#4890,1.);
#4890 = DIRECTION('',(1.110223024625E-16,-1.,0.));
#4891 = ORIENTED_EDGE('',*,*,#3298,.T.);
#4892 = ORIENTED_EDGE('',*,*,#4869,.F.);
#4893 = ORIENTED_EDGE('',*,*,#3199,.F.);
#4894 = CYLINDRICAL_SURFACE('',#4895,0.1);
#4895 = AXIS2_PLACEMENT_3D('',#4896,#4897,#4898);
#4896 = CARTESIAN_POINT('',(2.66,2.11,0.31));
#4897 = DIRECTION('',(-1.110223024625E-16,1.,0.));
#4898 = DIRECTION('',(0.,0.,-1.));
#4899 = ADVANCED_FACE('',(#4900),#4911,.F.);
#4900 = FACE_BOUND('',#4901,.F.);
#4901 = EDGE_LOOP('',(#4902,#4908,#4909,#4910));
#4902 = ORIENTED_EDGE('',*,*,#4903,.T.);
#4903 = EDGE_CURVE('',#3184,#3283,#4904,.T.);
#4904 = LINE('',#4905,#4906);
#4905 = CARTESIAN_POINT('',(3.,2.11,0.21));
#4906 = VECTOR('',#4907,1.);
#4907 = DIRECTION('',(1.110223024625E-16,-1.,0.));
#4908 = ORIENTED_EDGE('',*,*,#3290,.T.);
#4909 = ORIENTED_EDGE('',*,*,#4886,.F.);
#4910 = ORIENTED_EDGE('',*,*,#3191,.F.);
#4911 = PLANE('',#4912);
#4912 = AXIS2_PLACEMENT_3D('',#4913,#4914,#4915);
#4913 = CARTESIAN_POINT('',(3.,2.11,0.21));
#4914 = DIRECTION('',(0.,0.,-1.));
#4915 = DIRECTION('',(-1.,-1.110223024625E-16,-0.));
#4916 = ADVANCED_FACE('',(#4917),#4928,.F.);
#4917 = FACE_BOUND('',#4918,.F.);
#4918 = EDGE_LOOP('',(#4919,#4925,#4926,#4927));
#4919 = ORIENTED_EDGE('',*,*,#4920,.T.);
#4920 = EDGE_CURVE('',#3176,#3275,#4921,.T.);
#4921 = LINE('',#4922,#4923);
#4922 = CARTESIAN_POINT('',(3.,2.11,5.551115123126E-17));
#4923 = VECTOR('',#4924,1.);
#4924 = DIRECTION('',(1.110223024625E-16,-1.,0.));
#4925 = ORIENTED_EDGE('',*,*,#3282,.T.);
#4926 = ORIENTED_EDGE('',*,*,#4903,.F.);
#4927 = ORIENTED_EDGE('',*,*,#3183,.F.);
#4928 = PLANE('',#4929);
#4929 = AXIS2_PLACEMENT_3D('',#4930,#4931,#4932);
#4930 = CARTESIAN_POINT('',(3.,2.11,5.551115123126E-17));
#4931 = DIRECTION('',(-1.,-1.110223024625E-16,0.));
#4932 = DIRECTION('',(0.,0.,1.));
#4933 = ADVANCED_FACE('',(#4934),#4945,.F.);
#4934 = FACE_BOUND('',#4935,.F.);
#4935 = EDGE_LOOP('',(#4936,#4942,#4943,#4944));
#4936 = ORIENTED_EDGE('',*,*,#4937,.T.);
#4937 = EDGE_CURVE('',#3167,#3266,#4938,.T.);
#4938 = LINE('',#4939,#4940);
#4939 = CARTESIAN_POINT('',(2.66,2.11,5.551115123126E-17));
#4940 = VECTOR('',#4941,1.);
#4941 = DIRECTION('',(1.110223024625E-16,-1.,0.));
#4942 = ORIENTED_EDGE('',*,*,#3274,.T.);
#4943 = ORIENTED_EDGE('',*,*,#4920,.F.);
#4944 = ORIENTED_EDGE('',*,*,#3175,.F.);
#4945 = PLANE('',#4946);
#4946 = AXIS2_PLACEMENT_3D('',#4947,#4948,#4949);
#4947 = CARTESIAN_POINT('',(2.66,2.11,5.551115123126E-17));
#4948 = DIRECTION('',(0.,0.,1.));
#4949 = DIRECTION('',(1.,1.110223024625E-16,-0.));
#4950 = ADVANCED_FACE('',(#4951),#4962,.T.);
#4951 = FACE_BOUND('',#4952,.T.);
#4952 = EDGE_LOOP('',(#4953,#4954,#4955,#4956));
#4953 = ORIENTED_EDGE('',*,*,#3166,.T.);
#4954 = ORIENTED_EDGE('',*,*,#4937,.T.);
#4955 = ORIENTED_EDGE('',*,*,#3265,.F.);
#4956 = ORIENTED_EDGE('',*,*,#4957,.F.);
#4957 = EDGE_CURVE('',#3159,#3258,#4958,.T.);
#4958 = LINE('',#4959,#4960);
#4959 = CARTESIAN_POINT('',(2.35,2.11,0.31));
#4960 = VECTOR('',#4961,1.);
#4961 = DIRECTION('',(1.110223024625E-16,-1.,0.));
#4962 = CYLINDRICAL_SURFACE('',#4963,0.31);
#4963 = AXIS2_PLACEMENT_3D('',#4964,#4965,#4966);
#4964 = CARTESIAN_POINT('',(2.66,2.11,0.31));
#4965 = DIRECTION('',(-1.110223024625E-16,1.,-0.));
#4966 = DIRECTION('',(-1.,-1.110223024625E-16,8.953411488913E-16));
#4967 = ADVANCED_FACE('',(#4968),#4979,.F.);
#4968 = FACE_BOUND('',#4969,.F.);
#4969 = EDGE_LOOP('',(#4970,#4976,#4977,#4978));
#4970 = ORIENTED_EDGE('',*,*,#4971,.T.);
#4971 = EDGE_CURVE('',#3150,#3249,#4972,.T.);
#4972 = LINE('',#4973,#4974);
#4973 = CARTESIAN_POINT('',(2.35,2.11,0.595));
#4974 = VECTOR('',#4975,1.);
#4975 = DIRECTION('',(1.110223024625E-16,-1.,0.));
#4976 = ORIENTED_EDGE('',*,*,#3257,.T.);
#4977 = ORIENTED_EDGE('',*,*,#4957,.F.);
#4978 = ORIENTED_EDGE('',*,*,#3158,.F.);
#4979 = PLANE('',#4980);
#4980 = AXIS2_PLACEMENT_3D('',#4981,#4982,#4983);
#4981 = CARTESIAN_POINT('',(2.35,2.11,0.595));
#4982 = DIRECTION('',(1.,1.110223024625E-16,0.));
#4983 = DIRECTION('',(0.,0.,-1.));
#4984 = ADVANCED_FACE('',(#4985),#4996,.F.);
#4985 = FACE_BOUND('',#4986,.F.);
#4986 = EDGE_LOOP('',(#4987,#4993,#4994,#4995));
#4987 = ORIENTED_EDGE('',*,*,#4988,.T.);
#4988 = EDGE_CURVE('',#3142,#3241,#4989,.T.);
#4989 = LINE('',#4990,#4991);
#4990 = CARTESIAN_POINT('',(2.25,2.11,0.695));
#4991 = VECTOR('',#4992,1.);
#4992 = DIRECTION('',(1.110223024625E-16,-1.,0.));
#4993 = ORIENTED_EDGE('',*,*,#3248,.T.);
#4994 = ORIENTED_EDGE('',*,*,#4971,.F.);
#4995 = ORIENTED_EDGE('',*,*,#3149,.F.);
#4996 = CYLINDRICAL_SURFACE('',#4997,0.1);
#4997 = AXIS2_PLACEMENT_3D('',#4998,#4999,#5000);
#4998 = CARTESIAN_POINT('',(2.25,2.11,0.595));
#4999 = DIRECTION('',(-1.110223024625E-16,1.,0.));
#5000 = DIRECTION('',(4.440892098501E-15,4.930380657631E-31,1.));
#5001 = ADVANCED_FACE('',(#5002),#5008,.F.);
#5002 = FACE_BOUND('',#5003,.F.);
#5003 = EDGE_LOOP('',(#5004,#5005,#5006,#5007));
#5004 = ORIENTED_EDGE('',*,*,#3141,.F.);
#5005 = ORIENTED_EDGE('',*,*,#4154,.T.);
#5006 = ORIENTED_EDGE('',*,*,#3240,.T.);
#5007 = ORIENTED_EDGE('',*,*,#4988,.F.);
#5008 = PLANE('',#5009);
#5009 = AXIS2_PLACEMENT_3D('',#5010,#5011,#5012);
#5010 = CARTESIAN_POINT('',(1.949,2.11,0.695));
#5011 = DIRECTION('',(0.,0.,1.));
#5012 = DIRECTION('',(1.,1.110223024625E-16,-0.));
#5013 = ADVANCED_FACE('',(#5014),#5025,.F.);
#5014 = FACE_BOUND('',#5015,.F.);
#5015 = EDGE_LOOP('',(#5016,#5022,#5023,#5024));
#5016 = ORIENTED_EDGE('',*,*,#5017,.T.);
#5017 = EDGE_CURVE('',#3432,#3531,#5018,.T.);
#5018 = LINE('',#5019,#5020);
#5019 = CARTESIAN_POINT('',(2.56,0.84,0.31));
#5020 = VECTOR('',#5021,1.);
#5021 = DIRECTION('',(1.110223024625E-16,-1.,0.));
#5022 = ORIENTED_EDGE('',*,*,#3539,.T.);
#5023 = ORIENTED_EDGE('',*,*,#3566,.F.);
#5024 = ORIENTED_EDGE('',*,*,#3440,.F.);
#5025 = PLANE('',#5026);
#5026 = AXIS2_PLACEMENT_3D('',#5027,#5028,#5029);
#5027 = CARTESIAN_POINT('',(2.56,0.84,0.31));
#5028 = DIRECTION('',(-1.,-1.110223024625E-16,0.));
#5029 = DIRECTION('',(0.,0.,1.));
#5030 = ADVANCED_FACE('',(#5031),#5042,.F.);
#5031 = FACE_BOUND('',#5032,.F.);
#5032 = EDGE_LOOP('',(#5033,#5039,#5040,#5041));
#5033 = ORIENTED_EDGE('',*,*,#5034,.T.);
#5034 = EDGE_CURVE('',#3424,#3523,#5035,.T.);
#5035 = LINE('',#5036,#5037);
#5036 = CARTESIAN_POINT('',(2.66,0.84,0.21));
#5037 = VECTOR('',#5038,1.);
#5038 = DIRECTION('',(1.110223024625E-16,-1.,0.));
#5039 = ORIENTED_EDGE('',*,*,#3530,.T.);
#5040 = ORIENTED_EDGE('',*,*,#5017,.F.);
#5041 = ORIENTED_EDGE('',*,*,#3431,.F.);
#5042 = CYLINDRICAL_SURFACE('',#5043,0.1);
#5043 = AXIS2_PLACEMENT_3D('',#5044,#5045,#5046);
#5044 = CARTESIAN_POINT('',(2.66,0.84,0.31));
#5045 = DIRECTION('',(-1.110223024625E-16,1.,0.));
#5046 = DIRECTION('',(0.,0.,-1.));
#5047 = ADVANCED_FACE('',(#5048),#5059,.F.);
#5048 = FACE_BOUND('',#5049,.F.);
#5049 = EDGE_LOOP('',(#5050,#5056,#5057,#5058));
#5050 = ORIENTED_EDGE('',*,*,#5051,.T.);
#5051 = EDGE_CURVE('',#3416,#3515,#5052,.T.);
#5052 = LINE('',#5053,#5054);
#5053 = CARTESIAN_POINT('',(3.,0.84,0.21));
#5054 = VECTOR('',#5055,1.);
#5055 = DIRECTION('',(1.110223024625E-16,-1.,0.));
#5056 = ORIENTED_EDGE('',*,*,#3522,.T.);
#5057 = ORIENTED_EDGE('',*,*,#5034,.F.);
#5058 = ORIENTED_EDGE('',*,*,#3423,.F.);
#5059 = PLANE('',#5060);
#5060 = AXIS2_PLACEMENT_3D('',#5061,#5062,#5063);
#5061 = CARTESIAN_POINT('',(3.,0.84,0.21));
#5062 = DIRECTION('',(0.,0.,-1.));
#5063 = DIRECTION('',(-1.,-1.110223024625E-16,-0.));
#5064 = ADVANCED_FACE('',(#5065),#5076,.F.);
#5065 = FACE_BOUND('',#5066,.F.);
#5066 = EDGE_LOOP('',(#5067,#5073,#5074,#5075));
#5067 = ORIENTED_EDGE('',*,*,#5068,.T.);
#5068 = EDGE_CURVE('',#3408,#3507,#5069,.T.);
#5069 = LINE('',#5070,#5071);
#5070 = CARTESIAN_POINT('',(3.,0.84,5.551115123126E-17));
#5071 = VECTOR('',#5072,1.);
#5072 = DIRECTION('',(1.110223024625E-16,-1.,0.));
#5073 = ORIENTED_EDGE('',*,*,#3514,.T.);
#5074 = ORIENTED_EDGE('',*,*,#5051,.F.);
#5075 = ORIENTED_EDGE('',*,*,#3415,.F.);
#5076 = PLANE('',#5077);
#5077 = AXIS2_PLACEMENT_3D('',#5078,#5079,#5080);
#5078 = CARTESIAN_POINT('',(3.,0.84,5.551115123126E-17));
#5079 = DIRECTION('',(-1.,-1.110223024625E-16,0.));
#5080 = DIRECTION('',(0.,0.,1.));
#5081 = ADVANCED_FACE('',(#5082),#5093,.F.);
#5082 = FACE_BOUND('',#5083,.F.);
#5083 = EDGE_LOOP('',(#5084,#5090,#5091,#5092));
#5084 = ORIENTED_EDGE('',*,*,#5085,.T.);
#5085 = EDGE_CURVE('',#3399,#3498,#5086,.T.);
#5086 = LINE('',#5087,#5088);
#5087 = CARTESIAN_POINT('',(2.66,0.84,5.551115123126E-17));
#5088 = VECTOR('',#5089,1.);
#5089 = DIRECTION('',(1.110223024625E-16,-1.,0.));
#5090 = ORIENTED_EDGE('',*,*,#3506,.T.);
#5091 = ORIENTED_EDGE('',*,*,#5068,.F.);
#5092 = ORIENTED_EDGE('',*,*,#3407,.F.);
#5093 = PLANE('',#5094);
#5094 = AXIS2_PLACEMENT_3D('',#5095,#5096,#5097);
#5095 = CARTESIAN_POINT('',(2.66,0.84,5.551115123126E-17));
#5096 = DIRECTION('',(0.,0.,1.));
#5097 = DIRECTION('',(1.,1.110223024625E-16,-0.));
#5098 = ADVANCED_FACE('',(#5099),#5110,.T.);
#5099 = FACE_BOUND('',#5100,.T.);
#5100 = EDGE_LOOP('',(#5101,#5102,#5103,#5104));
#5101 = ORIENTED_EDGE('',*,*,#3398,.T.);
#5102 = ORIENTED_EDGE('',*,*,#5085,.T.);
#5103 = ORIENTED_EDGE('',*,*,#3497,.F.);
#5104 = ORIENTED_EDGE('',*,*,#5105,.F.);
#5105 = EDGE_CURVE('',#3391,#3490,#5106,.T.);
#5106 = LINE('',#5107,#5108);
#5107 = CARTESIAN_POINT('',(2.35,0.84,0.31));
#5108 = VECTOR('',#5109,1.);
#5109 = DIRECTION('',(1.110223024625E-16,-1.,0.));
#5110 = CYLINDRICAL_SURFACE('',#5111,0.31);
#5111 = AXIS2_PLACEMENT_3D('',#5112,#5113,#5114);
#5112 = CARTESIAN_POINT('',(2.66,0.84,0.31));
#5113 = DIRECTION('',(-1.110223024625E-16,1.,-0.));
#5114 = DIRECTION('',(-1.,-1.110223024625E-16,8.953411488913E-16));
#5115 = ADVANCED_FACE('',(#5116),#5127,.F.);
#5116 = FACE_BOUND('',#5117,.F.);
#5117 = EDGE_LOOP('',(#5118,#5124,#5125,#5126));
#5118 = ORIENTED_EDGE('',*,*,#5119,.T.);
#5119 = EDGE_CURVE('',#3382,#3481,#5120,.T.);
#5120 = LINE('',#5121,#5122);
#5121 = CARTESIAN_POINT('',(2.35,0.84,0.595));
#5122 = VECTOR('',#5123,1.);
#5123 = DIRECTION('',(1.110223024625E-16,-1.,0.));
#5124 = ORIENTED_EDGE('',*,*,#3489,.T.);
#5125 = ORIENTED_EDGE('',*,*,#5105,.F.);
#5126 = ORIENTED_EDGE('',*,*,#3390,.F.);
#5127 = PLANE('',#5128);
#5128 = AXIS2_PLACEMENT_3D('',#5129,#5130,#5131);
#5129 = CARTESIAN_POINT('',(2.35,0.84,0.595));
#5130 = DIRECTION('',(1.,1.110223024625E-16,0.));
#5131 = DIRECTION('',(0.,0.,-1.));
#5132 = ADVANCED_FACE('',(#5133),#5144,.F.);
#5133 = FACE_BOUND('',#5134,.F.);
#5134 = EDGE_LOOP('',(#5135,#5141,#5142,#5143));
#5135 = ORIENTED_EDGE('',*,*,#5136,.T.);
#5136 = EDGE_CURVE('',#3374,#3473,#5137,.T.);
#5137 = LINE('',#5138,#5139);
#5138 = CARTESIAN_POINT('',(2.25,0.84,0.695));
#5139 = VECTOR('',#5140,1.);
#5140 = DIRECTION('',(1.110223024625E-16,-1.,0.));
#5141 = ORIENTED_EDGE('',*,*,#3480,.T.);
#5142 = ORIENTED_EDGE('',*,*,#5119,.F.);
#5143 = ORIENTED_EDGE('',*,*,#3381,.F.);
#5144 = CYLINDRICAL_SURFACE('',#5145,0.1);
#5145 = AXIS2_PLACEMENT_3D('',#5146,#5147,#5148);
#5146 = CARTESIAN_POINT('',(2.25,0.84,0.595));
#5147 = DIRECTION('',(-1.110223024625E-16,1.,0.));
#5148 = DIRECTION('',(4.440892098501E-15,4.930380657631E-31,1.));
#5149 = ADVANCED_FACE('',(#5150),#5156,.F.);
#5150 = FACE_BOUND('',#5151,.F.);
#5151 = EDGE_LOOP('',(#5152,#5153,#5154,#5155));
#5152 = ORIENTED_EDGE('',*,*,#3373,.F.);
#5153 = ORIENTED_EDGE('',*,*,#4147,.T.);
#5154 = ORIENTED_EDGE('',*,*,#3472,.T.);
#5155 = ORIENTED_EDGE('',*,*,#5136,.F.);
#5156 = PLANE('',#5157);
#5157 = AXIS2_PLACEMENT_3D('',#5158,#5159,#5160);
#5158 = CARTESIAN_POINT('',(1.949,0.84,0.695));
#5159 = DIRECTION('',(0.,0.,1.));
#5160 = DIRECTION('',(1.,1.110223024625E-16,-0.));
#5161 = ADVANCED_FACE('',(#5162),#5173,.F.);
#5162 = FACE_BOUND('',#5163,.F.);
#5163 = EDGE_LOOP('',(#5164,#5170,#5171,#5172));
#5164 = ORIENTED_EDGE('',*,*,#5165,.T.);
#5165 = EDGE_CURVE('',#3664,#3763,#5166,.T.);
#5166 = LINE('',#5167,#5168);
#5167 = CARTESIAN_POINT('',(2.56,-0.43,0.31));
#5168 = VECTOR('',#5169,1.);
#5169 = DIRECTION('',(1.110223024625E-16,-1.,0.));
#5170 = ORIENTED_EDGE('',*,*,#3771,.T.);
#5171 = ORIENTED_EDGE('',*,*,#3798,.F.);
#5172 = ORIENTED_EDGE('',*,*,#3672,.F.);
#5173 = PLANE('',#5174);
#5174 = AXIS2_PLACEMENT_3D('',#5175,#5176,#5177);
#5175 = CARTESIAN_POINT('',(2.56,-0.43,0.31));
#5176 = DIRECTION('',(-1.,-1.110223024625E-16,0.));
#5177 = DIRECTION('',(0.,0.,1.));
#5178 = ADVANCED_FACE('',(#5179),#5190,.F.);
#5179 = FACE_BOUND('',#5180,.F.);
#5180 = EDGE_LOOP('',(#5181,#5187,#5188,#5189));
#5181 = ORIENTED_EDGE('',*,*,#5182,.T.);
#5182 = EDGE_CURVE('',#3656,#3755,#5183,.T.);
#5183 = LINE('',#5184,#5185);
#5184 = CARTESIAN_POINT('',(2.66,-0.43,0.21));
#5185 = VECTOR('',#5186,1.);
#5186 = DIRECTION('',(1.110223024625E-16,-1.,0.));
#5187 = ORIENTED_EDGE('',*,*,#3762,.T.);
#5188 = ORIENTED_EDGE('',*,*,#5165,.F.);
#5189 = ORIENTED_EDGE('',*,*,#3663,.F.);
#5190 = CYLINDRICAL_SURFACE('',#5191,0.1);
#5191 = AXIS2_PLACEMENT_3D('',#5192,#5193,#5194);
#5192 = CARTESIAN_POINT('',(2.66,-0.43,0.31));
#5193 = DIRECTION('',(-1.110223024625E-16,1.,0.));
#5194 = DIRECTION('',(0.,0.,-1.));
#5195 = ADVANCED_FACE('',(#5196),#5207,.F.);
#5196 = FACE_BOUND('',#5197,.F.);
#5197 = EDGE_LOOP('',(#5198,#5204,#5205,#5206));
#5198 = ORIENTED_EDGE('',*,*,#5199,.T.);
#5199 = EDGE_CURVE('',#3648,#3747,#5200,.T.);
#5200 = LINE('',#5201,#5202);
#5201 = CARTESIAN_POINT('',(3.,-0.43,0.21));
#5202 = VECTOR('',#5203,1.);
#5203 = DIRECTION('',(1.110223024625E-16,-1.,0.));
#5204 = ORIENTED_EDGE('',*,*,#3754,.T.);
#5205 = ORIENTED_EDGE('',*,*,#5182,.F.);
#5206 = ORIENTED_EDGE('',*,*,#3655,.F.);
#5207 = PLANE('',#5208);
#5208 = AXIS2_PLACEMENT_3D('',#5209,#5210,#5211);
#5209 = CARTESIAN_POINT('',(3.,-0.43,0.21));
#5210 = DIRECTION('',(0.,0.,-1.));
#5211 = DIRECTION('',(-1.,-1.110223024625E-16,-0.));
#5212 = ADVANCED_FACE('',(#5213),#5224,.F.);
#5213 = FACE_BOUND('',#5214,.F.);
#5214 = EDGE_LOOP('',(#5215,#5221,#5222,#5223));
#5215 = ORIENTED_EDGE('',*,*,#5216,.T.);
#5216 = EDGE_CURVE('',#3640,#3739,#5217,.T.);
#5217 = LINE('',#5218,#5219);
#5218 = CARTESIAN_POINT('',(3.,-0.43,5.551115123126E-17));
#5219 = VECTOR('',#5220,1.);
#5220 = DIRECTION('',(1.110223024625E-16,-1.,0.));
#5221 = ORIENTED_EDGE('',*,*,#3746,.T.);
#5222 = ORIENTED_EDGE('',*,*,#5199,.F.);
#5223 = ORIENTED_EDGE('',*,*,#3647,.F.);
#5224 = PLANE('',#5225);
#5225 = AXIS2_PLACEMENT_3D('',#5226,#5227,#5228);
#5226 = CARTESIAN_POINT('',(3.,-0.43,5.551115123126E-17));
#5227 = DIRECTION('',(-1.,-1.110223024625E-16,0.));
#5228 = DIRECTION('',(0.,0.,1.));
#5229 = ADVANCED_FACE('',(#5230),#5241,.F.);
#5230 = FACE_BOUND('',#5231,.F.);
#5231 = EDGE_LOOP('',(#5232,#5238,#5239,#5240));
#5232 = ORIENTED_EDGE('',*,*,#5233,.T.);
#5233 = EDGE_CURVE('',#3631,#3730,#5234,.T.);
#5234 = LINE('',#5235,#5236);
#5235 = CARTESIAN_POINT('',(2.66,-0.43,5.551115123126E-17));
#5236 = VECTOR('',#5237,1.);
#5237 = DIRECTION('',(1.110223024625E-16,-1.,0.));
#5238 = ORIENTED_EDGE('',*,*,#3738,.T.);
#5239 = ORIENTED_EDGE('',*,*,#5216,.F.);
#5240 = ORIENTED_EDGE('',*,*,#3639,.F.);
#5241 = PLANE('',#5242);
#5242 = AXIS2_PLACEMENT_3D('',#5243,#5244,#5245);
#5243 = CARTESIAN_POINT('',(2.66,-0.43,5.551115123126E-17));
#5244 = DIRECTION('',(0.,0.,1.));
#5245 = DIRECTION('',(1.,1.110223024625E-16,-0.));
#5246 = ADVANCED_FACE('',(#5247),#5258,.T.);
#5247 = FACE_BOUND('',#5248,.T.);
#5248 = EDGE_LOOP('',(#5249,#5250,#5251,#5252));
#5249 = ORIENTED_EDGE('',*,*,#3630,.T.);
#5250 = ORIENTED_EDGE('',*,*,#5233,.T.);
#5251 = ORIENTED_EDGE('',*,*,#3729,.F.);
#5252 = ORIENTED_EDGE('',*,*,#5253,.F.);
#5253 = EDGE_CURVE('',#3623,#3722,#5254,.T.);
#5254 = LINE('',#5255,#5256);
#5255 = CARTESIAN_POINT('',(2.35,-0.43,0.31));
#5256 = VECTOR('',#5257,1.);
#5257 = DIRECTION('',(1.110223024625E-16,-1.,0.));
#5258 = CYLINDRICAL_SURFACE('',#5259,0.31);
#5259 = AXIS2_PLACEMENT_3D('',#5260,#5261,#5262);
#5260 = CARTESIAN_POINT('',(2.66,-0.43,0.31));
#5261 = DIRECTION('',(-1.110223024625E-16,1.,-0.));
#5262 = DIRECTION('',(-1.,-1.110223024625E-16,8.953411488913E-16));
#5263 = ADVANCED_FACE('',(#5264),#5275,.F.);
#5264 = FACE_BOUND('',#5265,.F.);
#5265 = EDGE_LOOP('',(#5266,#5272,#5273,#5274));
#5266 = ORIENTED_EDGE('',*,*,#5267,.T.);
#5267 = EDGE_CURVE('',#3614,#3713,#5268,.T.);
#5268 = LINE('',#5269,#5270);
#5269 = CARTESIAN_POINT('',(2.35,-0.43,0.595));
#5270 = VECTOR('',#5271,1.);
#5271 = DIRECTION('',(1.110223024625E-16,-1.,0.));
#5272 = ORIENTED_EDGE('',*,*,#3721,.T.);
#5273 = ORIENTED_EDGE('',*,*,#5253,.F.);
#5274 = ORIENTED_EDGE('',*,*,#3622,.F.);
#5275 = PLANE('',#5276);
#5276 = AXIS2_PLACEMENT_3D('',#5277,#5278,#5279);
#5277 = CARTESIAN_POINT('',(2.35,-0.43,0.595));
#5278 = DIRECTION('',(1.,1.110223024625E-16,0.));
#5279 = DIRECTION('',(0.,0.,-1.));
#5280 = ADVANCED_FACE('',(#5281),#5292,.F.);
#5281 = FACE_BOUND('',#5282,.F.);
#5282 = EDGE_LOOP('',(#5283,#5289,#5290,#5291));
#5283 = ORIENTED_EDGE('',*,*,#5284,.T.);
#5284 = EDGE_CURVE('',#3606,#3705,#5285,.T.);
#5285 = LINE('',#5286,#5287);
#5286 = CARTESIAN_POINT('',(2.25,-0.43,0.695));
#5287 = VECTOR('',#5288,1.);
#5288 = DIRECTION('',(1.110223024625E-16,-1.,0.));
#5289 = ORIENTED_EDGE('',*,*,#3712,.T.);
#5290 = ORIENTED_EDGE('',*,*,#5267,.F.);
#5291 = ORIENTED_EDGE('',*,*,#3613,.F.);
#5292 = CYLINDRICAL_SURFACE('',#5293,0.1);
#5293 = AXIS2_PLACEMENT_3D('',#5294,#5295,#5296);
#5294 = CARTESIAN_POINT('',(2.25,-0.43,0.595));
#5295 = DIRECTION('',(-1.110223024625E-16,1.,0.));
#5296 = DIRECTION('',(4.440892098501E-15,4.930380657631E-31,1.));
#5297 = ADVANCED_FACE('',(#5298),#5304,.F.);
#5298 = FACE_BOUND('',#5299,.F.);
#5299 = EDGE_LOOP('',(#5300,#5301,#5302,#5303));
#5300 = ORIENTED_EDGE('',*,*,#3605,.F.);
#5301 = ORIENTED_EDGE('',*,*,#4140,.T.);
#5302 = ORIENTED_EDGE('',*,*,#3704,.T.);
#5303 = ORIENTED_EDGE('',*,*,#5284,.F.);
#5304 = PLANE('',#5305);
#5305 = AXIS2_PLACEMENT_3D('',#5306,#5307,#5308);
#5306 = CARTESIAN_POINT('',(1.949,-0.43,0.695));
#5307 = DIRECTION('',(0.,0.,1.));
#5308 = DIRECTION('',(1.,1.110223024625E-16,-0.));
#5309 = ADVANCED_FACE('',(#5310),#5321,.F.);
#5310 = FACE_BOUND('',#5311,.F.);
#5311 = EDGE_LOOP('',(#5312,#5318,#5319,#5320));
#5312 = ORIENTED_EDGE('',*,*,#5313,.T.);
#5313 = EDGE_CURVE('',#3896,#3988,#5314,.T.);
#5314 = LINE('',#5315,#5316);
#5315 = CARTESIAN_POINT('',(2.56,-1.7,0.31));
#5316 = VECTOR('',#5317,1.);
#5317 = DIRECTION('',(1.110223024625E-16,-1.,0.));
#5318 = ORIENTED_EDGE('',*,*,#3996,.T.);
#5319 = ORIENTED_EDGE('',*,*,#4023,.F.);
#5320 = ORIENTED_EDGE('',*,*,#3904,.F.);
#5321 = PLANE('',#5322);
#5322 = AXIS2_PLACEMENT_3D('',#5323,#5324,#5325);
#5323 = CARTESIAN_POINT('',(2.56,-1.7,0.31));
#5324 = DIRECTION('',(-1.,-1.110223024625E-16,0.));
#5325 = DIRECTION('',(0.,0.,1.));
#5326 = ADVANCED_FACE('',(#5327),#5338,.F.);
#5327 = FACE_BOUND('',#5328,.F.);
#5328 = EDGE_LOOP('',(#5329,#5335,#5336,#5337));
#5329 = ORIENTED_EDGE('',*,*,#5330,.T.);
#5330 = EDGE_CURVE('',#3888,#3980,#5331,.T.);
#5331 = LINE('',#5332,#5333);
#5332 = CARTESIAN_POINT('',(2.66,-1.7,0.21));
#5333 = VECTOR('',#5334,1.);
#5334 = DIRECTION('',(1.110223024625E-16,-1.,0.));
#5335 = ORIENTED_EDGE('',*,*,#3987,.T.);
#5336 = ORIENTED_EDGE('',*,*,#5313,.F.);
#5337 = ORIENTED_EDGE('',*,*,#3895,.F.);
#5338 = CYLINDRICAL_SURFACE('',#5339,0.1);
#5339 = AXIS2_PLACEMENT_3D('',#5340,#5341,#5342);
#5340 = CARTESIAN_POINT('',(2.66,-1.7,0.31));
#5341 = DIRECTION('',(-1.110223024625E-16,1.,0.));
#5342 = DIRECTION('',(0.,0.,-1.));
#5343 = ADVANCED_FACE('',(#5344),#5355,.F.);
#5344 = FACE_BOUND('',#5345,.F.);
#5345 = EDGE_LOOP('',(#5346,#5352,#5353,#5354));
#5346 = ORIENTED_EDGE('',*,*,#5347,.T.);
#5347 = EDGE_CURVE('',#3880,#3972,#5348,.T.);
#5348 = LINE('',#5349,#5350);
#5349 = CARTESIAN_POINT('',(3.,-1.7,0.21));
#5350 = VECTOR('',#5351,1.);
#5351 = DIRECTION('',(1.110223024625E-16,-1.,0.));
#5352 = ORIENTED_EDGE('',*,*,#3979,.T.);
#5353 = ORIENTED_EDGE('',*,*,#5330,.F.);
#5354 = ORIENTED_EDGE('',*,*,#3887,.F.);
#5355 = PLANE('',#5356);
#5356 = AXIS2_PLACEMENT_3D('',#5357,#5358,#5359);
#5357 = CARTESIAN_POINT('',(3.,-1.7,0.21));
#5358 = DIRECTION('',(0.,0.,-1.));
#5359 = DIRECTION('',(-1.,-1.110223024625E-16,-0.));
#5360 = ADVANCED_FACE('',(#5361),#5372,.F.);
#5361 = FACE_BOUND('',#5362,.F.);
#5362 = EDGE_LOOP('',(#5363,#5369,#5370,#5371));
#5363 = ORIENTED_EDGE('',*,*,#5364,.T.);
#5364 = EDGE_CURVE('',#3872,#3964,#5365,.T.);
#5365 = LINE('',#5366,#5367);
#5366 = CARTESIAN_POINT('',(3.,-1.7,5.551115123126E-17));
#5367 = VECTOR('',#5368,1.);
#5368 = DIRECTION('',(1.110223024625E-16,-1.,0.));
#5369 = ORIENTED_EDGE('',*,*,#3971,.T.);
#5370 = ORIENTED_EDGE('',*,*,#5347,.F.);
#5371 = ORIENTED_EDGE('',*,*,#3879,.F.);
#5372 = PLANE('',#5373);
#5373 = AXIS2_PLACEMENT_3D('',#5374,#5375,#5376);
#5374 = CARTESIAN_POINT('',(3.,-1.7,5.551115123126E-17));
#5375 = DIRECTION('',(-1.,-1.110223024625E-16,0.));
#5376 = DIRECTION('',(0.,0.,1.));
#5377 = ADVANCED_FACE('',(#5378),#5389,.F.);
#5378 = FACE_BOUND('',#5379,.F.);
#5379 = EDGE_LOOP('',(#5380,#5386,#5387,#5388));
#5380 = ORIENTED_EDGE('',*,*,#5381,.T.);
#5381 = EDGE_CURVE('',#3863,#3955,#5382,.T.);
#5382 = LINE('',#5383,#5384);
#5383 = CARTESIAN_POINT('',(2.66,-1.7,5.551115123126E-17));
#5384 = VECTOR('',#5385,1.);
#5385 = DIRECTION('',(1.110223024625E-16,-1.,0.));
#5386 = ORIENTED_EDGE('',*,*,#3963,.T.);
#5387 = ORIENTED_EDGE('',*,*,#5364,.F.);
#5388 = ORIENTED_EDGE('',*,*,#3871,.F.);
#5389 = PLANE('',#5390);
#5390 = AXIS2_PLACEMENT_3D('',#5391,#5392,#5393);
#5391 = CARTESIAN_POINT('',(2.66,-1.7,5.551115123126E-17));
#5392 = DIRECTION('',(0.,0.,1.));
#5393 = DIRECTION('',(1.,1.110223024625E-16,-0.));
#5394 = ADVANCED_FACE('',(#5395),#5406,.T.);
#5395 = FACE_BOUND('',#5396,.T.);
#5396 = EDGE_LOOP('',(#5397,#5398,#5399,#5400));
#5397 = ORIENTED_EDGE('',*,*,#3862,.T.);
#5398 = ORIENTED_EDGE('',*,*,#5381,.T.);
#5399 = ORIENTED_EDGE('',*,*,#3954,.F.);
#5400 = ORIENTED_EDGE('',*,*,#5401,.F.);
#5401 = EDGE_CURVE('',#3855,#3947,#5402,.T.);
#5402 = LINE('',#5403,#5404);
#5403 = CARTESIAN_POINT('',(2.35,-1.7,0.31));
#5404 = VECTOR('',#5405,1.);
#5405 = DIRECTION('',(1.110223024625E-16,-1.,0.));
#5406 = CYLINDRICAL_SURFACE('',#5407,0.31);
#5407 = AXIS2_PLACEMENT_3D('',#5408,#5409,#5410);
#5408 = CARTESIAN_POINT('',(2.66,-1.7,0.31));
#5409 = DIRECTION('',(-1.110223024625E-16,1.,-0.));
#5410 = DIRECTION('',(-1.,-1.110223024625E-16,8.953411488913E-16));
#5411 = ADVANCED_FACE('',(#5412),#5423,.F.);
#5412 = FACE_BOUND('',#5413,.F.);
#5413 = EDGE_LOOP('',(#5414,#5420,#5421,#5422));
#5414 = ORIENTED_EDGE('',*,*,#5415,.T.);
#5415 = EDGE_CURVE('',#3846,#3938,#5416,.T.);
#5416 = LINE('',#5417,#5418);
#5417 = CARTESIAN_POINT('',(2.35,-1.7,0.595));
#5418 = VECTOR('',#5419,1.);
#5419 = DIRECTION('',(1.110223024625E-16,-1.,0.));
#5420 = ORIENTED_EDGE('',*,*,#3946,.T.);
#5421 = ORIENTED_EDGE('',*,*,#5401,.F.);
#5422 = ORIENTED_EDGE('',*,*,#3854,.F.);
#5423 = PLANE('',#5424);
#5424 = AXIS2_PLACEMENT_3D('',#5425,#5426,#5427);
#5425 = CARTESIAN_POINT('',(2.35,-1.7,0.595));
#5426 = DIRECTION('',(1.,1.110223024625E-16,0.));
#5427 = DIRECTION('',(0.,0.,-1.));
#5428 = ADVANCED_FACE('',(#5429),#5440,.F.);
#5429 = FACE_BOUND('',#5430,.F.);
#5430 = EDGE_LOOP('',(#5431,#5437,#5438,#5439));
#5431 = ORIENTED_EDGE('',*,*,#5432,.T.);
#5432 = EDGE_CURVE('',#3838,#3930,#5433,.T.);
#5433 = LINE('',#5434,#5435);
#5434 = CARTESIAN_POINT('',(2.25,-1.7,0.695));
#5435 = VECTOR('',#5436,1.);
#5436 = DIRECTION('',(1.110223024625E-16,-1.,0.));
#5437 = ORIENTED_EDGE('',*,*,#3937,.T.);
#5438 = ORIENTED_EDGE('',*,*,#5415,.F.);
#5439 = ORIENTED_EDGE('',*,*,#3845,.F.);
#5440 = CYLINDRICAL_SURFACE('',#5441,0.1);
#5441 = AXIS2_PLACEMENT_3D('',#5442,#5443,#5444);
#5442 = CARTESIAN_POINT('',(2.25,-1.7,0.595));
#5443 = DIRECTION('',(-1.110223024625E-16,1.,0.));
#5444 = DIRECTION('',(4.440892098501E-15,4.930380657631E-31,1.));
#5445 = ADVANCED_FACE('',(#5446),#5452,.F.);
#5446 = FACE_BOUND('',#5447,.F.);
#5447 = EDGE_LOOP('',(#5448,#5449,#5450,#5451));
#5448 = ORIENTED_EDGE('',*,*,#3837,.F.);
#5449 = ORIENTED_EDGE('',*,*,#4133,.T.);
#5450 = ORIENTED_EDGE('',*,*,#3929,.T.);
#5451 = ORIENTED_EDGE('',*,*,#5432,.F.);
#5452 = PLANE('',#5453);
#5453 = AXIS2_PLACEMENT_3D('',#5454,#5455,#5456);
#5454 = CARTESIAN_POINT('',(1.949,-1.7,0.695));
#5455 = DIRECTION('',(0.,0.,1.));
#5456 = DIRECTION('',(1.,1.110223024625E-16,-0.));
#5457 = ADVANCED_FACE('',(#5458,#5468),#5502,.T.);
#5458 = FACE_BOUND('',#5459,.T.);
#5459 = EDGE_LOOP('',(#5460,#5461,#5462,#5463,#5464,#5465,#5466,#5467));
#5460 = ORIENTED_EDGE('',*,*,#4197,.T.);
#5461 = ORIENTED_EDGE('',*,*,#4174,.T.);
#5462 = ORIENTED_EDGE('',*,*,#4117,.T.);
#5463 = ORIENTED_EDGE('',*,*,#4260,.T.);
#5464 = ORIENTED_EDGE('',*,*,#4237,.T.);
#5465 = ORIENTED_EDGE('',*,*,#4214,.T.);
#5466 = ORIENTED_EDGE('',*,*,#4066,.T.);
#5467 = ORIENTED_EDGE('',*,*,#4037,.T.);
#5468 = FACE_BOUND('',#5469,.T.);
#5469 = EDGE_LOOP('',(#5470,#5480,#5488,#5496));
#5470 = ORIENTED_EDGE('',*,*,#5471,.F.);
#5471 = EDGE_CURVE('',#5472,#5474,#5476,.T.);
#5472 = VERTEX_POINT('',#5473);
#5473 = CARTESIAN_POINT('',(1.205,1.905,5.E-02));
#5474 = VERTEX_POINT('',#5475);
#5475 = CARTESIAN_POINT('',(1.205,-1.905,5.E-02));
#5476 = LINE('',#5477,#5478);
#5477 = CARTESIAN_POINT('',(1.205,1.905,5.E-02));
#5478 = VECTOR('',#5479,1.);
#5479 = DIRECTION('',(1.110223024625E-16,-1.,0.));
#5480 = ORIENTED_EDGE('',*,*,#5481,.F.);
#5481 = EDGE_CURVE('',#5482,#5472,#5484,.T.);
#5482 = VERTEX_POINT('',#5483);
#5483 = CARTESIAN_POINT('',(-1.205,1.905,5.E-02));
#5484 = LINE('',#5485,#5486);
#5485 = CARTESIAN_POINT('',(-1.205,1.905,5.E-02));
#5486 = VECTOR('',#5487,1.);
#5487 = DIRECTION('',(1.,1.110223024625E-16,0.));
#5488 = ORIENTED_EDGE('',*,*,#5489,.T.);
#5489 = EDGE_CURVE('',#5482,#5490,#5492,.T.);
#5490 = VERTEX_POINT('',#5491);
#5491 = CARTESIAN_POINT('',(-1.205,-1.905,5.E-02));
#5492 = LINE('',#5493,#5494);
#5493 = CARTESIAN_POINT('',(-1.205,1.905,5.E-02));
#5494 = VECTOR('',#5495,1.);
#5495 = DIRECTION('',(1.110223024625E-16,-1.,0.));
#5496 = ORIENTED_EDGE('',*,*,#5497,.T.);
#5497 = EDGE_CURVE('',#5490,#5474,#5498,.T.);
#5498 = LINE('',#5499,#5500);
#5499 = CARTESIAN_POINT('',(-1.205,-1.905,5.E-02));
#5500 = VECTOR('',#5501,1.);
#5501 = DIRECTION('',(1.,1.110223024625E-16,0.));
#5502 = PLANE('',#5503);
#5503 = AXIS2_PLACEMENT_3D('',#5504,#5505,#5506);
#5504 = CARTESIAN_POINT('',(-1.649421017995,2.347842035991,5.E-02));
#5505 = DIRECTION('',(0.,0.,-1.));
#5506 = DIRECTION('',(0.574848939807,-0.8182595532,0.));
#5507 = ADVANCED_FACE('',(#5508),#5533,.T.);
#5508 = FACE_BOUND('',#5509,.T.);
#5509 = EDGE_LOOP('',(#5510,#5520,#5526,#5527));
#5510 = ORIENTED_EDGE('',*,*,#5511,.F.);
#5511 = EDGE_CURVE('',#5512,#5514,#5516,.T.);
#5512 = VERTEX_POINT('',#5513);
#5513 = CARTESIAN_POINT('',(1.205,1.905,0.));
#5514 = VERTEX_POINT('',#5515);
#5515 = CARTESIAN_POINT('',(1.205,-1.905,0.));
#5516 = LINE('',#5517,#5518);
#5517 = CARTESIAN_POINT('',(1.205,1.905,0.));
#5518 = VECTOR('',#5519,1.);
#5519 = DIRECTION('',(1.110223024625E-16,-1.,0.));
#5520 = ORIENTED_EDGE('',*,*,#5521,.T.);
#5521 = EDGE_CURVE('',#5512,#5472,#5522,.T.);
#5522 = LINE('',#5523,#5524);
#5523 = CARTESIAN_POINT('',(1.205,1.905,0.));
#5524 = VECTOR('',#5525,1.);
#5525 = DIRECTION('',(0.,0.,1.));
#5526 = ORIENTED_EDGE('',*,*,#5471,.T.);
#5527 = ORIENTED_EDGE('',*,*,#5528,.F.);
#5528 = EDGE_CURVE('',#5514,#5474,#5529,.T.);
#5529 = LINE('',#5530,#5531);
#5530 = CARTESIAN_POINT('',(1.205,-1.905,0.));
#5531 = VECTOR('',#5532,1.);
#5532 = DIRECTION('',(0.,0.,1.));
#5533 = PLANE('',#5534);
#5534 = AXIS2_PLACEMENT_3D('',#5535,#5536,#5537);
#5535 = CARTESIAN_POINT('',(1.205,1.905,0.));
#5536 = DIRECTION('',(1.,1.110223024625E-16,0.));
#5537 = DIRECTION('',(0.,-0.,1.));
#5538 = ADVANCED_FACE('',(#5539),#5557,.T.);
#5539 = FACE_BOUND('',#5540,.T.);
#5540 = EDGE_LOOP('',(#5541,#5549,#5555,#5556));
#5541 = ORIENTED_EDGE('',*,*,#5542,.F.);
#5542 = EDGE_CURVE('',#5543,#5490,#5545,.T.);
#5543 = VERTEX_POINT('',#5544);
#5544 = CARTESIAN_POINT('',(-1.205,-1.905,0.));
#5545 = LINE('',#5546,#5547);
#5546 = CARTESIAN_POINT('',(-1.205,-1.905,0.));
#5547 = VECTOR('',#5548,1.);
#5548 = DIRECTION('',(0.,0.,1.));
#5549 = ORIENTED_EDGE('',*,*,#5550,.T.);
#5550 = EDGE_CURVE('',#5543,#5514,#5551,.T.);
#5551 = LINE('',#5552,#5553);
#5552 = CARTESIAN_POINT('',(-1.205,-1.905,0.));
#5553 = VECTOR('',#5554,1.);
#5554 = DIRECTION('',(1.,1.110223024625E-16,0.));
#5555 = ORIENTED_EDGE('',*,*,#5528,.T.);
#5556 = ORIENTED_EDGE('',*,*,#5497,.F.);
#5557 = PLANE('',#5558);
#5558 = AXIS2_PLACEMENT_3D('',#5559,#5560,#5561);
#5559 = CARTESIAN_POINT('',(-1.205,-1.905,0.));
#5560 = DIRECTION('',(1.110223024625E-16,-1.,0.));
#5561 = DIRECTION('',(0.,0.,1.));
#5562 = ADVANCED_FACE('',(#5563),#5581,.F.);
#5563 = FACE_BOUND('',#5564,.F.);
#5564 = EDGE_LOOP('',(#5565,#5573,#5579,#5580));
#5565 = ORIENTED_EDGE('',*,*,#5566,.F.);
#5566 = EDGE_CURVE('',#5567,#5543,#5569,.T.);
#5567 = VERTEX_POINT('',#5568);
#5568 = CARTESIAN_POINT('',(-1.205,1.905,0.));
#5569 = LINE('',#5570,#5571);
#5570 = CARTESIAN_POINT('',(-1.205,1.905,0.));
#5571 = VECTOR('',#5572,1.);
#5572 = DIRECTION('',(1.110223024625E-16,-1.,0.));
#5573 = ORIENTED_EDGE('',*,*,#5574,.T.);
#5574 = EDGE_CURVE('',#5567,#5482,#5575,.T.);
#5575 = LINE('',#5576,#5577);
#5576 = CARTESIAN_POINT('',(-1.205,1.905,0.));
#5577 = VECTOR('',#5578,1.);
#5578 = DIRECTION('',(0.,0.,1.));
#5579 = ORIENTED_EDGE('',*,*,#5489,.T.);
#5580 = ORIENTED_EDGE('',*,*,#5542,.F.);
#5581 = PLANE('',#5582);
#5582 = AXIS2_PLACEMENT_3D('',#5583,#5584,#5585);
#5583 = CARTESIAN_POINT('',(-1.205,1.905,0.));
#5584 = DIRECTION('',(1.,1.110223024625E-16,0.));
#5585 = DIRECTION('',(0.,-0.,1.));
#5586 = ADVANCED_FACE('',(#5587),#5598,.F.);
#5587 = FACE_BOUND('',#5588,.F.);
#5588 = EDGE_LOOP('',(#5589,#5590,#5596,#5597));
#5589 = ORIENTED_EDGE('',*,*,#5574,.F.);
#5590 = ORIENTED_EDGE('',*,*,#5591,.T.);
#5591 = EDGE_CURVE('',#5567,#5512,#5592,.T.);
#5592 = LINE('',#5593,#5594);
#5593 = CARTESIAN_POINT('',(-1.205,1.905,0.));
#5594 = VECTOR('',#5595,1.);
#5595 = DIRECTION('',(1.,1.110223024625E-16,0.));
#5596 = ORIENTED_EDGE('',*,*,#5521,.T.);
#5597 = ORIENTED_EDGE('',*,*,#5481,.F.);
#5598 = PLANE('',#5599);
#5599 = AXIS2_PLACEMENT_3D('',#5600,#5601,#5602);
#5600 = CARTESIAN_POINT('',(-1.205,1.905,0.));
#5601 = DIRECTION('',(1.110223024625E-16,-1.,0.));
#5602 = DIRECTION('',(0.,0.,1.));
#5603 = ADVANCED_FACE('',(#5604),#5610,.F.);
#5604 = FACE_BOUND('',#5605,.F.);
#5605 = EDGE_LOOP('',(#5606,#5607,#5608,#5609));
#5606 = ORIENTED_EDGE('',*,*,#5591,.F.);
#5607 = ORIENTED_EDGE('',*,*,#5566,.T.);
#5608 = ORIENTED_EDGE('',*,*,#5550,.T.);
#5609 = ORIENTED_EDGE('',*,*,#5511,.F.);
#5610 = PLANE('',#5611);
#5611 = AXIS2_PLACEMENT_3D('',#5612,#5613,#5614);
#5612 = CARTESIAN_POINT('',(-1.205,1.905,0.));
#5613 = DIRECTION('',(0.,0.,1.));
#5614 = DIRECTION('',(1.110223024625E-16,-1.,0.));
#5615 = ( GEOMETRIC_REPRESENTATION_CONTEXT(3) 
GLOBAL_UNCERTAINTY_ASSIGNED_CONTEXT((#5619)) 
GLOBAL_UNIT_ASSIGNED_CONTEXT((#5616,#5617,#5618)) REPRESENTATION_CONTEXT
('Context #1','3D Context with UNIT and UNCERTAINTY') );
#5616 = ( LENGTH_UNIT() NAMED_UNIT(*) SI_UNIT(.MILLI.,.METRE.) );
#5617 = ( NAMED_UNIT(*) PLANE_ANGLE_UNIT() SI_UNIT($,.RADIAN.) );
#5618 = ( NAMED_UNIT(*) SI_UNIT($,.STERADIAN.) SOLID_ANGLE_UNIT() );
#5619 = UNCERTAINTY_MEASURE_WITH_UNIT(LENGTH_MEASURE(1.E-07),#5616,
  'distance_accuracy_value','confusion accuracy');
#5620 = CONTEXT_DEPENDENT_SHAPE_REPRESENTATION(#5621,#5623);
#5621 = ( REPRESENTATION_RELATIONSHIP('','',#1002,#979) 
REPRESENTATION_RELATIONSHIP_WITH_TRANSFORMATION(#5622) 
SHAPE_REPRESENTATION_RELATIONSHIP() );
#5622 = ITEM_DEFINED_TRANSFORMATION('','',#11,#980);
#5623 = PRODUCT_DEFINITION_SHAPE('Placement','Placement of an item',
  #5624);
#5624 = NEXT_ASSEMBLY_USAGE_OCCURRENCE('6','=>[0:1:1:5]','',#974,#997,$
  );
#5625 = PRODUCT_RELATED_PRODUCT_CATEGORY('part',$,(#999));
#5626 = CONTEXT_DEPENDENT_SHAPE_REPRESENTATION(#5627,#5629);
#5627 = ( REPRESENTATION_RELATIONSHIP('','',#68,#10) 
REPRESENTATION_RELATIONSHIP_WITH_TRANSFORMATION(#5628) 
SHAPE_REPRESENTATION_RELATIONSHIP() );
#5628 = ITEM_DEFINED_TRANSFORMATION('','',#11,#35);
#5629 = PRODUCT_DEFINITION_SHAPE('Placement','Placement of an item',
  #5630);
#5630 = NEXT_ASSEMBLY_USAGE_OCCURRENCE('8','C1','',#5,#63,$);
#5631 = CONTEXT_DEPENDENT_SHAPE_REPRESENTATION(#5632,#5634);
#5632 = ( REPRESENTATION_RELATIONSHIP('','',#68,#10) 
REPRESENTATION_RELATIONSHIP_WITH_TRANSFORMATION(#5633) 
SHAPE_REPRESENTATION_RELATIONSHIP() );
#5633 = ITEM_DEFINED_TRANSFORMATION('','',#11,#39);
#5634 = PRODUCT_DEFINITION_SHAPE('Placement','Placement of an item',
  #5635);
#5635 = NEXT_ASSEMBLY_USAGE_OCCURRENCE('9','R5','',#5,#63,$);
#5636 = CONTEXT_DEPENDENT_SHAPE_REPRESENTATION(#5637,#5639);
#5637 = ( REPRESENTATION_RELATIONSHIP('','',#68,#10) 
REPRESENTATION_RELATIONSHIP_WITH_TRANSFORMATION(#5638) 
SHAPE_REPRESENTATION_RELATIONSHIP() );
#5638 = ITEM_DEFINED_TRANSFORMATION('','',#11,#43);
#5639 = PRODUCT_DEFINITION_SHAPE('Placement','Placement of an item',
  #5640);
#5640 = NEXT_ASSEMBLY_USAGE_OCCURRENCE('10','C2','',#5,#63,$);
#5641 = SHAPE_DEFINITION_REPRESENTATION(#5642,#5648);
#5642 = PRODUCT_DEFINITION_SHAPE('','',#5643);
#5643 = PRODUCT_DEFINITION('design','',#5644,#5647);
#5644 = PRODUCT_DEFINITION_FORMATION('','',#5645);
#5645 = PRODUCT('JST_GH_SM05B-GHS-TB_1x05-1MP_P1.25mm_Horizontal',
  'JST_GH_SM05B-GHS-TB_1x05-1MP_P1.25mm_Horizontal','',(#5646));
#5646 = PRODUCT_CONTEXT('',#2,'mechanical');
#5647 = PRODUCT_DEFINITION_CONTEXT('part definition',#2,'design');
#5648 = SHAPE_REPRESENTATION('',(#11,#5649),#5653);
#5649 = AXIS2_PLACEMENT_3D('',#5650,#5651,#5652);
#5650 = CARTESIAN_POINT('',(0.,0.,0.));
#5651 = DIRECTION('',(0.,0.,1.));
#5652 = DIRECTION('',(1.,0.,-0.));
#5653 = ( GEOMETRIC_REPRESENTATION_CONTEXT(3) 
GLOBAL_UNCERTAINTY_ASSIGNED_CONTEXT((#5657)) 
GLOBAL_UNIT_ASSIGNED_CONTEXT((#5654,#5655,#5656)) REPRESENTATION_CONTEXT
('Context #1','3D Context with UNIT and UNCERTAINTY') );
#5654 = ( LENGTH_UNIT() NAMED_UNIT(*) SI_UNIT(.MILLI.,.METRE.) );
#5655 = ( NAMED_UNIT(*) PLANE_ANGLE_UNIT() SI_UNIT($,.RADIAN.) );
#5656 = ( NAMED_UNIT(*) SI_UNIT($,.STERADIAN.) SOLID_ANGLE_UNIT() );
#5657 = UNCERTAINTY_MEASURE_WITH_UNIT(LENGTH_MEASURE(1.E-07),#5654,
  'distance_accuracy_value','confusion accuracy');
#5658 = CONTEXT_DEPENDENT_SHAPE_REPRESENTATION(#5659,#5661);
#5659 = ( REPRESENTATION_RELATIONSHIP('','',#5648,#10) 
REPRESENTATION_RELATIONSHIP_WITH_TRANSFORMATION(#5660) 
SHAPE_REPRESENTATION_RELATIONSHIP() );
#5660 = ITEM_DEFINED_TRANSFORMATION('','',#11,#47);
#5661 = PRODUCT_DEFINITION_SHAPE('Placement','Placement of an item',
  #5662);
#5662 = NEXT_ASSEMBLY_USAGE_OCCURRENCE('12','J1','',#5,#5643,$);
#5663 = PRODUCT_RELATED_PRODUCT_CATEGORY('part',$,(#5645));
#5664 = SHAPE_DEFINITION_REPRESENTATION(#5665,#5671);
#5665 = PRODUCT_DEFINITION_SHAPE('','',#5666);
#5666 = PRODUCT_DEFINITION('design','',#5667,#5670);
#5667 = PRODUCT_DEFINITION_FORMATION('','',#5668);
#5668 = PRODUCT('JST_SM05B_GHS_TB','JST_SM05B_GHS_TB','',(#5669));
#5669 = PRODUCT_CONTEXT('',#2,'mechanical');
#5670 = PRODUCT_DEFINITION_CONTEXT('part definition',#2,'design');
#5671 = ADVANCED_BREP_SHAPE_REPRESENTATION('',(#11,#5672),#13053);
#5672 = MANIFOLD_SOLID_BREP('',#5673);
#5673 = CLOSED_SHELL('',(#5674,#5810,#5873,#5913,#5937,#5993,#6017,#6616
    ,#6672,#6696,#6720,#6744,#6768,#6849,#7033,#7057,#7081,#7258,#7346,
    #7386,#7419,#7452,#7476,#7543,#7567,#7591,#7608,#7632,#7727,#7751,
    #7776,#7808,#7825,#7847,#7864,#7915,#7927,#7958,#7982,#8006,#8030,
    #8054,#8078,#8102,#8126,#8150,#8174,#8206,#8230,#8270,#8302,#8326,
    #8366,#8406,#8430,#8462,#8502,#8526,#8558,#8582,#8606,#8630,#8654,
    #8686,#8710,#8750,#8782,#8806,#8846,#8886,#8910,#8942,#8982,#9006,
    #9038,#9062,#9086,#9110,#9134,#9166,#9190,#9230,#9262,#9286,#9319,
    #9350,#9374,#9398,#9415,#9446,#9470,#9494,#9511,#9551,#9568,#9582,
    #9599,#9657,#9681,#9744,#9768,#9831,#9855,#9918,#9942,#10005,#10029,
    #10092,#10116,#10179,#10203,#10266,#10290,#10353,#10377,#10440,
    #10457,#10469,#10486,#10498,#10515,#10527,#10544,#10556,#10573,
    #10585,#10602,#10619,#10654,#10671,#10683,#10700,#10717,#10735,
    #10752,#10770,#10782,#10794,#10818,#10842,#10859,#10871,#10894,
    #10918,#10934,#10946,#11267,#11299,#11316,#11333,#11359,#11391,
    #11422,#11439,#11451,#11476,#11501,#11533,#11550,#11567,#11593,
    #11625,#11656,#11673,#11685,#11710,#11735,#11767,#11784,#11801,
    #11827,#11852,#11864,#11876,#11893,#11910,#11927,#11939,#11956,
    #11973,#11990,#12002,#12019,#12036,#12053,#12065,#12082,#12099,
    #12116,#12128,#12145,#12162,#12179,#12191,#12203,#12220,#12237,
    #12254,#12271,#12288,#12327,#12351,#12383,#12400,#12439,#12463,
    #12495,#12512,#12543,#12575,#12599,#12624,#12663,#12687,#12719,
    #12736,#12775,#12799,#12831,#12848,#12860,#12872,#12884,#12896,
    #12908,#12925,#12937,#12954,#12966,#12983,#12995,#13012,#13024,
    #13041));
#5674 = ADVANCED_FACE('',(#5675),#5805,.F.);
#5675 = FACE_BOUND('',#5676,.F.);
#5676 = EDGE_LOOP('',(#5677,#5687,#5695,#5703,#5711,#5719,#5727,#5735,
    #5743,#5751,#5759,#5767,#5775,#5783,#5791,#5799));
#5677 = ORIENTED_EDGE('',*,*,#5678,.F.);
#5678 = EDGE_CURVE('',#5679,#5681,#5683,.T.);
#5679 = VERTEX_POINT('',#5680);
#5680 = CARTESIAN_POINT('',(-4.75,0.93,-5.E-03));
#5681 = VERTEX_POINT('',#5682);
#5682 = CARTESIAN_POINT('',(-4.75,-0.22,-4.999999999999E-03));
#5683 = LINE('',#5684,#5685);
#5684 = CARTESIAN_POINT('',(-4.75,1.58,-5.E-03));
#5685 = VECTOR('',#5686,1.);
#5686 = DIRECTION('',(0.,-1.,2.22044604925E-16));
#5687 = ORIENTED_EDGE('',*,*,#5688,.F.);
#5688 = EDGE_CURVE('',#5689,#5679,#5691,.T.);
#5689 = VERTEX_POINT('',#5690);
#5690 = CARTESIAN_POINT('',(-4.75,0.93,0.195));
#5691 = LINE('',#5692,#5693);
#5692 = CARTESIAN_POINT('',(-4.75,0.93,0.195));
#5693 = VECTOR('',#5694,1.);
#5694 = DIRECTION('',(0.,-2.22044604925E-16,-1.));
#5695 = ORIENTED_EDGE('',*,*,#5696,.F.);
#5696 = EDGE_CURVE('',#5697,#5689,#5699,.T.);
#5697 = VERTEX_POINT('',#5698);
#5698 = CARTESIAN_POINT('',(-4.75,1.08,0.195));
#5699 = LINE('',#5700,#5701);
#5700 = CARTESIAN_POINT('',(-4.75,1.08,0.195));
#5701 = VECTOR('',#5702,1.);
#5702 = DIRECTION('',(0.,-1.,2.22044604925E-16));
#5703 = ORIENTED_EDGE('',*,*,#5704,.F.);
#5704 = EDGE_CURVE('',#5705,#5697,#5707,.T.);
#5705 = VERTEX_POINT('',#5706);
#5706 = CARTESIAN_POINT('',(-4.75,1.08,0.945));
#5707 = LINE('',#5708,#5709);
#5708 = CARTESIAN_POINT('',(-4.75,1.08,0.945));
#5709 = VECTOR('',#5710,1.);
#5710 = DIRECTION('',(0.,-2.22044604925E-16,-1.));
#5711 = ORIENTED_EDGE('',*,*,#5712,.F.);
#5712 = EDGE_CURVE('',#5713,#5705,#5715,.T.);
#5713 = VERTEX_POINT('',#5714);
#5714 = CARTESIAN_POINT('',(-4.75,1.58,0.945));
#5715 = LINE('',#5716,#5717);
#5716 = CARTESIAN_POINT('',(-4.75,1.58,0.945));
#5717 = VECTOR('',#5718,1.);
#5718 = DIRECTION('',(0.,-1.,2.22044604925E-16));
#5719 = ORIENTED_EDGE('',*,*,#5720,.T.);
#5720 = EDGE_CURVE('',#5713,#5721,#5723,.T.);
#5721 = VERTEX_POINT('',#5722);
#5722 = CARTESIAN_POINT('',(-4.75,1.58,1.995));
#5723 = LINE('',#5724,#5725);
#5724 = CARTESIAN_POINT('',(-4.75,1.58,-5.E-03));
#5725 = VECTOR('',#5726,1.);
#5726 = DIRECTION('',(0.,2.22044604925E-16,1.));
#5727 = ORIENTED_EDGE('',*,*,#5728,.T.);
#5728 = EDGE_CURVE('',#5721,#5729,#5731,.T.);
#5729 = VERTEX_POINT('',#5730);
#5730 = CARTESIAN_POINT('',(-4.75,0.98,1.995));
#5731 = LINE('',#5732,#5733);
#5732 = CARTESIAN_POINT('',(-4.75,1.58,1.995));
#5733 = VECTOR('',#5734,1.);
#5734 = DIRECTION('',(0.,-1.,2.22044604925E-16));
#5735 = ORIENTED_EDGE('',*,*,#5736,.T.);
#5736 = EDGE_CURVE('',#5729,#5737,#5739,.T.);
#5737 = VERTEX_POINT('',#5738);
#5738 = CARTESIAN_POINT('',(-4.75,0.98,3.595));
#5739 = LINE('',#5740,#5741);
#5740 = CARTESIAN_POINT('',(-4.75,0.98,1.995));
#5741 = VECTOR('',#5742,1.);
#5742 = DIRECTION('',(0.,2.22044604925E-16,1.));
#5743 = ORIENTED_EDGE('',*,*,#5744,.T.);
#5744 = EDGE_CURVE('',#5737,#5745,#5747,.T.);
#5745 = VERTEX_POINT('',#5746);
#5746 = CARTESIAN_POINT('',(-4.75,-0.32,3.595));
#5747 = LINE('',#5748,#5749);
#5748 = CARTESIAN_POINT('',(-4.75,0.98,3.595));
#5749 = VECTOR('',#5750,1.);
#5750 = DIRECTION('',(0.,-1.,2.22044604925E-16));
#5751 = ORIENTED_EDGE('',*,*,#5752,.T.);
#5752 = EDGE_CURVE('',#5745,#5753,#5755,.T.);
#5753 = VERTEX_POINT('',#5754);
#5754 = CARTESIAN_POINT('',(-4.75,-0.32,4.245));
#5755 = LINE('',#5756,#5757);
#5756 = CARTESIAN_POINT('',(-4.75,-0.32,3.595));
#5757 = VECTOR('',#5758,1.);
#5758 = DIRECTION('',(0.,2.22044604925E-16,1.));
#5759 = ORIENTED_EDGE('',*,*,#5760,.T.);
#5760 = EDGE_CURVE('',#5753,#5761,#5763,.T.);
#5761 = VERTEX_POINT('',#5762);
#5762 = CARTESIAN_POINT('',(-4.75,-2.47,4.245));
#5763 = LINE('',#5764,#5765);
#5764 = CARTESIAN_POINT('',(-4.75,1.58,4.245));
#5765 = VECTOR('',#5766,1.);
#5766 = DIRECTION('',(0.,-1.,2.22044604925E-16));
#5767 = ORIENTED_EDGE('',*,*,#5768,.F.);
#5768 = EDGE_CURVE('',#5769,#5761,#5771,.T.);
#5769 = VERTEX_POINT('',#5770);
#5770 = CARTESIAN_POINT('',(-4.75,-2.47,1.945));
#5771 = LINE('',#5772,#5773);
#5772 = CARTESIAN_POINT('',(-4.75,-2.47,-4.999999999999E-03));
#5773 = VECTOR('',#5774,1.);
#5774 = DIRECTION('',(0.,2.22044604925E-16,1.));
#5775 = ORIENTED_EDGE('',*,*,#5776,.T.);
#5776 = EDGE_CURVE('',#5769,#5777,#5779,.T.);
#5777 = VERTEX_POINT('',#5778);
#5778 = CARTESIAN_POINT('',(-4.75,-1.82,1.945));
#5779 = LINE('',#5780,#5781);
#5780 = CARTESIAN_POINT('',(-4.75,-2.47,1.945));
#5781 = VECTOR('',#5782,1.);
#5782 = DIRECTION('',(0.,1.,-2.22044604925E-16));
#5783 = ORIENTED_EDGE('',*,*,#5784,.T.);
#5784 = EDGE_CURVE('',#5777,#5785,#5787,.T.);
#5785 = VERTEX_POINT('',#5786);
#5786 = CARTESIAN_POINT('',(-4.75,-1.82,0.595));
#5787 = LINE('',#5788,#5789);
#5788 = CARTESIAN_POINT('',(-4.75,-1.82,1.945));
#5789 = VECTOR('',#5790,1.);
#5790 = DIRECTION('',(0.,-2.22044604925E-16,-1.));
#5791 = ORIENTED_EDGE('',*,*,#5792,.T.);
#5792 = EDGE_CURVE('',#5785,#5793,#5795,.T.);
#5793 = VERTEX_POINT('',#5794);
#5794 = CARTESIAN_POINT('',(-4.75,-0.22,0.595));
#5795 = LINE('',#5796,#5797);
#5796 = CARTESIAN_POINT('',(-4.75,-1.82,0.595));
#5797 = VECTOR('',#5798,1.);
#5798 = DIRECTION('',(0.,1.,-2.22044604925E-16));
#5799 = ORIENTED_EDGE('',*,*,#5800,.T.);
#5800 = EDGE_CURVE('',#5793,#5681,#5801,.T.);
#5801 = LINE('',#5802,#5803);
#5802 = CARTESIAN_POINT('',(-4.75,-0.22,0.595));
#5803 = VECTOR('',#5804,1.);
#5804 = DIRECTION('',(0.,-2.22044604925E-16,-1.));
#5805 = PLANE('',#5806);
#5806 = AXIS2_PLACEMENT_3D('',#5807,#5808,#5809);
#5807 = CARTESIAN_POINT('',(-4.75,1.58,-5.E-03));
#5808 = DIRECTION('',(1.,0.,0.));
#5809 = DIRECTION('',(0.,-1.,2.22044604925E-16));
#5810 = ADVANCED_FACE('',(#5811),#5868,.F.);
#5811 = FACE_BOUND('',#5812,.F.);
#5812 = EDGE_LOOP('',(#5813,#5821,#5822,#5830,#5838,#5846,#5854,#5862));
#5813 = ORIENTED_EDGE('',*,*,#5814,.F.);
#5814 = EDGE_CURVE('',#5679,#5815,#5817,.T.);
#5815 = VERTEX_POINT('',#5816);
#5816 = CARTESIAN_POINT('',(4.75,0.93,-5.E-03));
#5817 = LINE('',#5818,#5819);
#5818 = CARTESIAN_POINT('',(-4.75,0.93,-5.E-03));
#5819 = VECTOR('',#5820,1.);
#5820 = DIRECTION('',(1.,0.,0.));
#5821 = ORIENTED_EDGE('',*,*,#5678,.T.);
#5822 = ORIENTED_EDGE('',*,*,#5823,.T.);
#5823 = EDGE_CURVE('',#5681,#5824,#5826,.T.);
#5824 = VERTEX_POINT('',#5825);
#5825 = CARTESIAN_POINT('',(-4.25,-0.22,-4.999999999999E-03));
#5826 = LINE('',#5827,#5828);
#5827 = CARTESIAN_POINT('',(-4.75,-0.22,-4.999999999999E-03));
#5828 = VECTOR('',#5829,1.);
#5829 = DIRECTION('',(1.,0.,0.));
#5830 = ORIENTED_EDGE('',*,*,#5831,.T.);
#5831 = EDGE_CURVE('',#5824,#5832,#5834,.T.);
#5832 = VERTEX_POINT('',#5833);
#5833 = CARTESIAN_POINT('',(-4.25,-2.47,-4.999999999999E-03));
#5834 = LINE('',#5835,#5836);
#5835 = CARTESIAN_POINT('',(-4.25,-0.22,-4.999999999999E-03));
#5836 = VECTOR('',#5837,1.);
#5837 = DIRECTION('',(0.,-1.,2.22044604925E-16));
#5838 = ORIENTED_EDGE('',*,*,#5839,.T.);
#5839 = EDGE_CURVE('',#5832,#5840,#5842,.T.);
#5840 = VERTEX_POINT('',#5841);
#5841 = CARTESIAN_POINT('',(4.25,-2.47,-4.999999999999E-03));
#5842 = LINE('',#5843,#5844);
#5843 = CARTESIAN_POINT('',(-4.75,-2.47,-4.999999999999E-03));
#5844 = VECTOR('',#5845,1.);
#5845 = DIRECTION('',(1.,0.,0.));
#5846 = ORIENTED_EDGE('',*,*,#5847,.F.);
#5847 = EDGE_CURVE('',#5848,#5840,#5850,.T.);
#5848 = VERTEX_POINT('',#5849);
#5849 = CARTESIAN_POINT('',(4.25,-0.22,-4.999999999999E-03));
#5850 = LINE('',#5851,#5852);
#5851 = CARTESIAN_POINT('',(4.25,-0.22,-4.999999999999E-03));
#5852 = VECTOR('',#5853,1.);
#5853 = DIRECTION('',(0.,-1.,2.22044604925E-16));
#5854 = ORIENTED_EDGE('',*,*,#5855,.T.);
#5855 = EDGE_CURVE('',#5848,#5856,#5858,.T.);
#5856 = VERTEX_POINT('',#5857);
#5857 = CARTESIAN_POINT('',(4.75,-0.22,-4.999999999999E-03));
#5858 = LINE('',#5859,#5860);
#5859 = CARTESIAN_POINT('',(4.25,-0.22,-4.999999999999E-03));
#5860 = VECTOR('',#5861,1.);
#5861 = DIRECTION('',(1.,0.,0.));
#5862 = ORIENTED_EDGE('',*,*,#5863,.F.);
#5863 = EDGE_CURVE('',#5815,#5856,#5864,.T.);
#5864 = LINE('',#5865,#5866);
#5865 = CARTESIAN_POINT('',(4.75,1.58,-5.E-03));
#5866 = VECTOR('',#5867,1.);
#5867 = DIRECTION('',(0.,-1.,2.22044604925E-16));
#5868 = PLANE('',#5869);
#5869 = AXIS2_PLACEMENT_3D('',#5870,#5871,#5872);
#5870 = CARTESIAN_POINT('',(-4.75,1.58,-5.E-03));
#5871 = DIRECTION('',(0.,2.22044604925E-16,1.));
#5872 = DIRECTION('',(0.,-1.,2.22044604925E-16));
#5873 = ADVANCED_FACE('',(#5874),#5908,.F.);
#5874 = FACE_BOUND('',#5875,.F.);
#5875 = EDGE_LOOP('',(#5876,#5877,#5885,#5893,#5901,#5907));
#5876 = ORIENTED_EDGE('',*,*,#5800,.F.);
#5877 = ORIENTED_EDGE('',*,*,#5878,.T.);
#5878 = EDGE_CURVE('',#5793,#5879,#5881,.T.);
#5879 = VERTEX_POINT('',#5880);
#5880 = CARTESIAN_POINT('',(-4.45,-0.22,0.595));
#5881 = LINE('',#5882,#5883);
#5882 = CARTESIAN_POINT('',(-4.75,-0.22,0.595));
#5883 = VECTOR('',#5884,1.);
#5884 = DIRECTION('',(1.,0.,0.));
#5885 = ORIENTED_EDGE('',*,*,#5886,.F.);
#5886 = EDGE_CURVE('',#5887,#5879,#5889,.T.);
#5887 = VERTEX_POINT('',#5888);
#5888 = CARTESIAN_POINT('',(-4.45,-0.22,0.37));
#5889 = LINE('',#5890,#5891);
#5890 = CARTESIAN_POINT('',(-4.45,-0.22,0.807892234548));
#5891 = VECTOR('',#5892,1.);
#5892 = DIRECTION('',(0.,2.22044604925E-16,1.));
#5893 = ORIENTED_EDGE('',*,*,#5894,.F.);
#5894 = EDGE_CURVE('',#5895,#5887,#5897,.T.);
#5895 = VERTEX_POINT('',#5896);
#5896 = CARTESIAN_POINT('',(-4.25,-0.22,0.37));
#5897 = LINE('',#5898,#5899);
#5898 = CARTESIAN_POINT('',(-4.6,-0.22,0.37));
#5899 = VECTOR('',#5900,1.);
#5900 = DIRECTION('',(-1.,0.,0.));
#5901 = ORIENTED_EDGE('',*,*,#5902,.T.);
#5902 = EDGE_CURVE('',#5895,#5824,#5903,.T.);
#5903 = LINE('',#5904,#5905);
#5904 = CARTESIAN_POINT('',(-4.25,-0.22,0.595));
#5905 = VECTOR('',#5906,1.);
#5906 = DIRECTION('',(0.,-2.22044604925E-16,-1.));
#5907 = ORIENTED_EDGE('',*,*,#5823,.F.);
#5908 = PLANE('',#5909);
#5909 = AXIS2_PLACEMENT_3D('',#5910,#5911,#5912);
#5910 = CARTESIAN_POINT('',(-4.75,-0.22,0.595));
#5911 = DIRECTION('',(0.,1.,-2.22044604925E-16));
#5912 = DIRECTION('',(0.,-2.22044604925E-16,-1.));
#5913 = ADVANCED_FACE('',(#5914),#5932,.F.);
#5914 = FACE_BOUND('',#5915,.F.);
#5915 = EDGE_LOOP('',(#5916,#5917,#5925,#5931));
#5916 = ORIENTED_EDGE('',*,*,#5792,.F.);
#5917 = ORIENTED_EDGE('',*,*,#5918,.T.);
#5918 = EDGE_CURVE('',#5785,#5919,#5921,.T.);
#5919 = VERTEX_POINT('',#5920);
#5920 = CARTESIAN_POINT('',(-4.45,-1.82,0.595));
#5921 = LINE('',#5922,#5923);
#5922 = CARTESIAN_POINT('',(-4.75,-1.82,0.595));
#5923 = VECTOR('',#5924,1.);
#5924 = DIRECTION('',(1.,0.,0.));
#5925 = ORIENTED_EDGE('',*,*,#5926,.F.);
#5926 = EDGE_CURVE('',#5879,#5919,#5927,.T.);
#5927 = LINE('',#5928,#5929);
#5928 = CARTESIAN_POINT('',(-4.45,-1.537444532488,0.595));
#5929 = VECTOR('',#5930,1.);
#5930 = DIRECTION('',(0.,-1.,2.22044604925E-16));
#5931 = ORIENTED_EDGE('',*,*,#5878,.F.);
#5932 = PLANE('',#5933);
#5933 = AXIS2_PLACEMENT_3D('',#5934,#5935,#5936);
#5934 = CARTESIAN_POINT('',(-4.75,-1.82,0.595));
#5935 = DIRECTION('',(0.,2.22044604925E-16,1.));
#5936 = DIRECTION('',(0.,1.,-2.22044604925E-16));
#5937 = ADVANCED_FACE('',(#5938),#5988,.F.);
#5938 = FACE_BOUND('',#5939,.F.);
#5939 = EDGE_LOOP('',(#5940,#5941,#5949,#5957,#5965,#5973,#5981,#5987));
#5940 = ORIENTED_EDGE('',*,*,#5784,.F.);
#5941 = ORIENTED_EDGE('',*,*,#5942,.T.);
#5942 = EDGE_CURVE('',#5777,#5943,#5945,.T.);
#5943 = VERTEX_POINT('',#5944);
#5944 = CARTESIAN_POINT('',(-4.45,-1.82,1.945));
#5945 = LINE('',#5946,#5947);
#5946 = CARTESIAN_POINT('',(-4.75,-1.82,1.945));
#5947 = VECTOR('',#5948,1.);
#5948 = DIRECTION('',(1.,0.,0.));
#5949 = ORIENTED_EDGE('',*,*,#5950,.F.);
#5950 = EDGE_CURVE('',#5951,#5943,#5953,.T.);
#5951 = VERTEX_POINT('',#5952);
#5952 = CARTESIAN_POINT('',(-4.45,-1.82,1.51));
#5953 = LINE('',#5954,#5955);
#5954 = CARTESIAN_POINT('',(-4.45,-1.82,1.482892234548));
#5955 = VECTOR('',#5956,1.);
#5956 = DIRECTION('',(0.,2.22044604925E-16,1.));
#5957 = ORIENTED_EDGE('',*,*,#5958,.F.);
#5958 = EDGE_CURVE('',#5959,#5951,#5961,.T.);
#5959 = VERTEX_POINT('',#5960);
#5960 = CARTESIAN_POINT('',(-4.25,-1.82,1.51));
#5961 = LINE('',#5962,#5963);
#5962 = CARTESIAN_POINT('',(-4.6,-1.82,1.51));
#5963 = VECTOR('',#5964,1.);
#5964 = DIRECTION('',(-1.,0.,0.));
#5965 = ORIENTED_EDGE('',*,*,#5966,.T.);
#5966 = EDGE_CURVE('',#5959,#5967,#5969,.T.);
#5967 = VERTEX_POINT('',#5968);
#5968 = CARTESIAN_POINT('',(-4.25,-1.82,0.8));
#5969 = LINE('',#5970,#5971);
#5970 = CARTESIAN_POINT('',(-4.25,-1.82,1.945));
#5971 = VECTOR('',#5972,1.);
#5972 = DIRECTION('',(0.,-2.22044604925E-16,-1.));
#5973 = ORIENTED_EDGE('',*,*,#5974,.F.);
#5974 = EDGE_CURVE('',#5975,#5967,#5977,.T.);
#5975 = VERTEX_POINT('',#5976);
#5976 = CARTESIAN_POINT('',(-4.45,-1.82,0.8));
#5977 = LINE('',#5978,#5979);
#5978 = CARTESIAN_POINT('',(-4.6,-1.82,0.8));
#5979 = VECTOR('',#5980,1.);
#5980 = DIRECTION('',(1.,0.,0.));
#5981 = ORIENTED_EDGE('',*,*,#5982,.F.);
#5982 = EDGE_CURVE('',#5919,#5975,#5983,.T.);
#5983 = LINE('',#5984,#5985);
#5984 = CARTESIAN_POINT('',(-4.45,-1.82,1.482892234548));
#5985 = VECTOR('',#5986,1.);
#5986 = DIRECTION('',(0.,2.22044604925E-16,1.));
#5987 = ORIENTED_EDGE('',*,*,#5918,.F.);
#5988 = PLANE('',#5989);
#5989 = AXIS2_PLACEMENT_3D('',#5990,#5991,#5992);
#5990 = CARTESIAN_POINT('',(-4.75,-1.82,1.945));
#5991 = DIRECTION('',(0.,1.,-2.22044604925E-16));
#5992 = DIRECTION('',(0.,-2.22044604925E-16,-1.));
#5993 = ADVANCED_FACE('',(#5994),#6012,.F.);
#5994 = FACE_BOUND('',#5995,.F.);
#5995 = EDGE_LOOP('',(#5996,#5997,#6005,#6011));
#5996 = ORIENTED_EDGE('',*,*,#5776,.F.);
#5997 = ORIENTED_EDGE('',*,*,#5998,.T.);
#5998 = EDGE_CURVE('',#5769,#5999,#6001,.T.);
#5999 = VERTEX_POINT('',#6000);
#6000 = CARTESIAN_POINT('',(-4.45,-2.47,1.945));
#6001 = LINE('',#6002,#6003);
#6002 = CARTESIAN_POINT('',(-4.75,-2.47,1.945));
#6003 = VECTOR('',#6004,1.);
#6004 = DIRECTION('',(1.,0.,0.));
#6005 = ORIENTED_EDGE('',*,*,#6006,.F.);
#6006 = EDGE_CURVE('',#5943,#5999,#6007,.T.);
#6007 = LINE('',#6008,#6009);
#6008 = CARTESIAN_POINT('',(-4.45,-1.862444532488,1.945));
#6009 = VECTOR('',#6010,1.);
#6010 = DIRECTION('',(0.,-1.,2.22044604925E-16));
#6011 = ORIENTED_EDGE('',*,*,#5942,.F.);
#6012 = PLANE('',#6013);
#6013 = AXIS2_PLACEMENT_3D('',#6014,#6015,#6016);
#6014 = CARTESIAN_POINT('',(-4.75,-2.47,1.945));
#6015 = DIRECTION('',(0.,2.22044604925E-16,1.));
#6016 = DIRECTION('',(0.,1.,-2.22044604925E-16));
#6017 = ADVANCED_FACE('',(#6018,#6123,#6157,#6543,#6577),#6611,.T.);
#6018 = FACE_BOUND('',#6019,.T.);
#6019 = EDGE_LOOP('',(#6020,#6021,#6022,#6030,#6038,#6046,#6054,#6060,
    #6061,#6069,#6077,#6085,#6093,#6101,#6109,#6117));
#6020 = ORIENTED_EDGE('',*,*,#5768,.F.);
#6021 = ORIENTED_EDGE('',*,*,#5998,.T.);
#6022 = ORIENTED_EDGE('',*,*,#6023,.F.);
#6023 = EDGE_CURVE('',#6024,#5999,#6026,.T.);
#6024 = VERTEX_POINT('',#6025);
#6025 = CARTESIAN_POINT('',(-4.45,-2.47,2.05));
#6026 = LINE('',#6027,#6028);
#6027 = CARTESIAN_POINT('',(-4.45,-2.47,0.507892234548));
#6028 = VECTOR('',#6029,1.);
#6029 = DIRECTION('',(0.,-2.22044604925E-16,-1.));
#6030 = ORIENTED_EDGE('',*,*,#6031,.F.);
#6031 = EDGE_CURVE('',#6032,#6024,#6034,.T.);
#6032 = VERTEX_POINT('',#6033);
#6033 = CARTESIAN_POINT('',(-4.25,-2.47,2.05));
#6034 = LINE('',#6035,#6036);
#6035 = CARTESIAN_POINT('',(-4.6,-2.47,2.05));
#6036 = VECTOR('',#6037,1.);
#6037 = DIRECTION('',(-1.,0.,0.));
#6038 = ORIENTED_EDGE('',*,*,#6039,.T.);
#6039 = EDGE_CURVE('',#6032,#6040,#6042,.T.);
#6040 = VERTEX_POINT('',#6041);
#6041 = CARTESIAN_POINT('',(-4.25,-2.47,1.945));
#6042 = LINE('',#6043,#6044);
#6043 = CARTESIAN_POINT('',(-4.25,-2.47,0.507892234548));
#6044 = VECTOR('',#6045,1.);
#6045 = DIRECTION('',(0.,-2.22044604925E-16,-1.));
#6046 = ORIENTED_EDGE('',*,*,#6047,.F.);
#6047 = EDGE_CURVE('',#6048,#6040,#6050,.T.);
#6048 = VERTEX_POINT('',#6049);
#6049 = CARTESIAN_POINT('',(-4.25,-2.47,-1.875376730785E-19));
#6050 = LINE('',#6051,#6052);
#6051 = CARTESIAN_POINT('',(-4.25,-2.47,-4.999999999999E-03));
#6052 = VECTOR('',#6053,1.);
#6053 = DIRECTION('',(0.,2.22044604925E-16,1.));
#6054 = ORIENTED_EDGE('',*,*,#6055,.F.);
#6055 = EDGE_CURVE('',#5832,#6048,#6056,.T.);
#6056 = LINE('',#6057,#6058);
#6057 = CARTESIAN_POINT('',(-4.25,-2.47,-4.999999999999E-03));
#6058 = VECTOR('',#6059,1.);
#6059 = DIRECTION('',(0.,2.22044604925E-16,1.));
#6060 = ORIENTED_EDGE('',*,*,#5839,.T.);
#6061 = ORIENTED_EDGE('',*,*,#6062,.T.);
#6062 = EDGE_CURVE('',#5840,#6063,#6065,.T.);
#6063 = VERTEX_POINT('',#6064);
#6064 = CARTESIAN_POINT('',(4.25,-2.47,-1.875376730785E-19));
#6065 = LINE('',#6066,#6067);
#6066 = CARTESIAN_POINT('',(4.25,-2.47,-4.999999999999E-03));
#6067 = VECTOR('',#6068,1.);
#6068 = DIRECTION('',(0.,2.22044604925E-16,1.));
#6069 = ORIENTED_EDGE('',*,*,#6070,.T.);
#6070 = EDGE_CURVE('',#6063,#6071,#6073,.T.);
#6071 = VERTEX_POINT('',#6072);
#6072 = CARTESIAN_POINT('',(4.25,-2.47,1.945));
#6073 = LINE('',#6074,#6075);
#6074 = CARTESIAN_POINT('',(4.25,-2.47,-4.999999999999E-03));
#6075 = VECTOR('',#6076,1.);
#6076 = DIRECTION('',(0.,2.22044604925E-16,1.));
#6077 = ORIENTED_EDGE('',*,*,#6078,.F.);
#6078 = EDGE_CURVE('',#6079,#6071,#6081,.T.);
#6079 = VERTEX_POINT('',#6080);
#6080 = CARTESIAN_POINT('',(4.25,-2.47,2.05));
#6081 = LINE('',#6082,#6083);
#6082 = CARTESIAN_POINT('',(4.25,-2.47,0.507892234548));
#6083 = VECTOR('',#6084,1.);
#6084 = DIRECTION('',(0.,-2.22044604925E-16,-1.));
#6085 = ORIENTED_EDGE('',*,*,#6086,.F.);
#6086 = EDGE_CURVE('',#6087,#6079,#6089,.T.);
#6087 = VERTEX_POINT('',#6088);
#6088 = CARTESIAN_POINT('',(4.45,-2.47,2.05));
#6089 = LINE('',#6090,#6091);
#6090 = CARTESIAN_POINT('',(-0.25,-2.47,2.05));
#6091 = VECTOR('',#6092,1.);
#6092 = DIRECTION('',(-1.,0.,0.));
#6093 = ORIENTED_EDGE('',*,*,#6094,.T.);
#6094 = EDGE_CURVE('',#6087,#6095,#6097,.T.);
#6095 = VERTEX_POINT('',#6096);
#6096 = CARTESIAN_POINT('',(4.45,-2.47,1.945));
#6097 = LINE('',#6098,#6099);
#6098 = CARTESIAN_POINT('',(4.45,-2.47,0.507892234548));
#6099 = VECTOR('',#6100,1.);
#6100 = DIRECTION('',(0.,-2.22044604925E-16,-1.));
#6101 = ORIENTED_EDGE('',*,*,#6102,.T.);
#6102 = EDGE_CURVE('',#6095,#6103,#6105,.T.);
#6103 = VERTEX_POINT('',#6104);
#6104 = CARTESIAN_POINT('',(4.75,-2.47,1.945));
#6105 = LINE('',#6106,#6107);
#6106 = CARTESIAN_POINT('',(4.25,-2.47,1.945));
#6107 = VECTOR('',#6108,1.);
#6108 = DIRECTION('',(1.,0.,0.));
#6109 = ORIENTED_EDGE('',*,*,#6110,.T.);
#6110 = EDGE_CURVE('',#6103,#6111,#6113,.T.);
#6111 = VERTEX_POINT('',#6112);
#6112 = CARTESIAN_POINT('',(4.75,-2.47,4.245));
#6113 = LINE('',#6114,#6115);
#6114 = CARTESIAN_POINT('',(4.75,-2.47,-4.999999999999E-03));
#6115 = VECTOR('',#6116,1.);
#6116 = DIRECTION('',(0.,2.22044604925E-16,1.));
#6117 = ORIENTED_EDGE('',*,*,#6118,.F.);
#6118 = EDGE_CURVE('',#5761,#6111,#6119,.T.);
#6119 = LINE('',#6120,#6121);
#6120 = CARTESIAN_POINT('',(-4.75,-2.47,4.245));
#6121 = VECTOR('',#6122,1.);
#6122 = DIRECTION('',(1.,0.,0.));
#6123 = FACE_BOUND('',#6124,.T.);
#6124 = EDGE_LOOP('',(#6125,#6135,#6143,#6151));
#6125 = ORIENTED_EDGE('',*,*,#6126,.T.);
#6126 = EDGE_CURVE('',#6127,#6129,#6131,.T.);
#6127 = VERTEX_POINT('',#6128);
#6128 = CARTESIAN_POINT('',(-2.225,-2.47,2.44));
#6129 = VERTEX_POINT('',#6130);
#6130 = CARTESIAN_POINT('',(-2.225,-2.47,3.84));
#6131 = LINE('',#6132,#6133);
#6132 = CARTESIAN_POINT('',(-2.225,-2.47,2.44));
#6133 = VECTOR('',#6134,1.);
#6134 = DIRECTION('',(0.,2.22044604925E-16,1.));
#6135 = ORIENTED_EDGE('',*,*,#6136,.T.);
#6136 = EDGE_CURVE('',#6129,#6137,#6139,.T.);
#6137 = VERTEX_POINT('',#6138);
#6138 = CARTESIAN_POINT('',(2.225,-2.47,3.84));
#6139 = LINE('',#6140,#6141);
#6140 = CARTESIAN_POINT('',(-2.225,-2.47,3.84));
#6141 = VECTOR('',#6142,1.);
#6142 = DIRECTION('',(1.,0.,0.));
#6143 = ORIENTED_EDGE('',*,*,#6144,.F.);
#6144 = EDGE_CURVE('',#6145,#6137,#6147,.T.);
#6145 = VERTEX_POINT('',#6146);
#6146 = CARTESIAN_POINT('',(2.225,-2.47,2.44));
#6147 = LINE('',#6148,#6149);
#6148 = CARTESIAN_POINT('',(2.225,-2.47,2.44));
#6149 = VECTOR('',#6150,1.);
#6150 = DIRECTION('',(0.,2.22044604925E-16,1.));
#6151 = ORIENTED_EDGE('',*,*,#6152,.F.);
#6152 = EDGE_CURVE('',#6127,#6145,#6153,.T.);
#6153 = LINE('',#6154,#6155);
#6154 = CARTESIAN_POINT('',(-2.225,-2.47,2.44));
#6155 = VECTOR('',#6156,1.);
#6156 = DIRECTION('',(1.,0.,0.));
#6157 = FACE_BOUND('',#6158,.T.);
#6158 = EDGE_LOOP('',(#6159,#6169,#6177,#6185,#6193,#6201,#6209,#6217,
    #6225,#6233,#6241,#6249,#6257,#6265,#6273,#6281,#6289,#6297,#6305,
    #6313,#6321,#6329,#6337,#6345,#6353,#6361,#6369,#6377,#6385,#6393,
    #6401,#6409,#6417,#6425,#6433,#6441,#6449,#6457,#6465,#6473,#6481,
    #6489,#6497,#6505,#6513,#6521,#6529,#6537));
#6159 = ORIENTED_EDGE('',*,*,#6160,.F.);
#6160 = EDGE_CURVE('',#6161,#6163,#6165,.T.);
#6161 = VERTEX_POINT('',#6162);
#6162 = CARTESIAN_POINT('',(3.75,-2.47,0.595));
#6163 = VERTEX_POINT('',#6164);
#6164 = CARTESIAN_POINT('',(3.75,-2.47,2.645));
#6165 = LINE('',#6166,#6167);
#6166 = CARTESIAN_POINT('',(3.75,-2.47,0.595));
#6167 = VECTOR('',#6168,1.);
#6168 = DIRECTION('',(0.,2.22044604925E-16,1.));
#6169 = ORIENTED_EDGE('',*,*,#6170,.F.);
#6170 = EDGE_CURVE('',#6171,#6161,#6173,.T.);
#6171 = VERTEX_POINT('',#6172);
#6172 = CARTESIAN_POINT('',(-3.75,-2.47,0.595));
#6173 = LINE('',#6174,#6175);
#6174 = CARTESIAN_POINT('',(-3.75,-2.47,0.595));
#6175 = VECTOR('',#6176,1.);
#6176 = DIRECTION('',(1.,0.,0.));
#6177 = ORIENTED_EDGE('',*,*,#6178,.F.);
#6178 = EDGE_CURVE('',#6179,#6171,#6181,.T.);
#6179 = VERTEX_POINT('',#6180);
#6180 = CARTESIAN_POINT('',(-3.75,-2.47,2.645));
#6181 = LINE('',#6182,#6183);
#6182 = CARTESIAN_POINT('',(-3.75,-2.47,2.645));
#6183 = VECTOR('',#6184,1.);
#6184 = DIRECTION('',(0.,-2.22044604925E-16,-1.));
#6185 = ORIENTED_EDGE('',*,*,#6186,.F.);
#6186 = EDGE_CURVE('',#6187,#6179,#6189,.T.);
#6187 = VERTEX_POINT('',#6188);
#6188 = CARTESIAN_POINT('',(-3.25,-2.47,2.645));
#6189 = LINE('',#6190,#6191);
#6190 = CARTESIAN_POINT('',(-3.25,-2.47,2.645));
#6191 = VECTOR('',#6192,1.);
#6192 = DIRECTION('',(-1.,0.,0.));
#6193 = ORIENTED_EDGE('',*,*,#6194,.F.);
#6194 = EDGE_CURVE('',#6195,#6187,#6197,.T.);
#6195 = VERTEX_POINT('',#6196);
#6196 = CARTESIAN_POINT('',(-3.25,-2.47,2.145));
#6197 = LINE('',#6198,#6199);
#6198 = CARTESIAN_POINT('',(-3.25,-2.47,2.145));
#6199 = VECTOR('',#6200,1.);
#6200 = DIRECTION('',(0.,2.22044604925E-16,1.));
#6201 = ORIENTED_EDGE('',*,*,#6202,.F.);
#6202 = EDGE_CURVE('',#6203,#6195,#6205,.T.);
#6203 = VERTEX_POINT('',#6204);
#6204 = CARTESIAN_POINT('',(-2.75,-2.47,2.145));
#6205 = LINE('',#6206,#6207);
#6206 = CARTESIAN_POINT('',(-2.75,-2.47,2.145));
#6207 = VECTOR('',#6208,1.);
#6208 = DIRECTION('',(-1.,0.,0.));
#6209 = ORIENTED_EDGE('',*,*,#6210,.F.);
#6210 = EDGE_CURVE('',#6211,#6203,#6213,.T.);
#6211 = VERTEX_POINT('',#6212);
#6212 = CARTESIAN_POINT('',(-2.75,-2.47,1.945));
#6213 = LINE('',#6214,#6215);
#6214 = CARTESIAN_POINT('',(-2.75,-2.47,1.945));
#6215 = VECTOR('',#6216,1.);
#6216 = DIRECTION('',(0.,2.22044604925E-16,1.));
#6217 = ORIENTED_EDGE('',*,*,#6218,.F.);
#6218 = EDGE_CURVE('',#6219,#6211,#6221,.T.);
#6219 = VERTEX_POINT('',#6220);
#6220 = CARTESIAN_POINT('',(-2.6,-2.47,1.945));
#6221 = LINE('',#6222,#6223);
#6222 = CARTESIAN_POINT('',(-2.6,-2.47,1.945));
#6223 = VECTOR('',#6224,1.);
#6224 = DIRECTION('',(-1.,0.,0.));
#6225 = ORIENTED_EDGE('',*,*,#6226,.F.);
#6226 = EDGE_CURVE('',#6227,#6219,#6229,.T.);
#6227 = VERTEX_POINT('',#6228);
#6228 = CARTESIAN_POINT('',(-2.6,-2.47,2.145));
#6229 = LINE('',#6230,#6231);
#6230 = CARTESIAN_POINT('',(-2.6,-2.47,2.145));
#6231 = VECTOR('',#6232,1.);
#6232 = DIRECTION('',(0.,-2.22044604925E-16,-1.));
#6233 = ORIENTED_EDGE('',*,*,#6234,.F.);
#6234 = EDGE_CURVE('',#6235,#6227,#6237,.T.);
#6235 = VERTEX_POINT('',#6236);
#6236 = CARTESIAN_POINT('',(-2.4,-2.47,2.145));
#6237 = LINE('',#6238,#6239);
#6238 = CARTESIAN_POINT('',(-2.4,-2.47,2.145));
#6239 = VECTOR('',#6240,1.);
#6240 = DIRECTION('',(-1.,0.,0.));
#6241 = ORIENTED_EDGE('',*,*,#6242,.F.);
#6242 = EDGE_CURVE('',#6243,#6235,#6245,.T.);
#6243 = VERTEX_POINT('',#6244);
#6244 = CARTESIAN_POINT('',(-2.4,-2.47,1.945));
#6245 = LINE('',#6246,#6247);
#6246 = CARTESIAN_POINT('',(-2.4,-2.47,1.945));
#6247 = VECTOR('',#6248,1.);
#6248 = DIRECTION('',(0.,2.22044604925E-16,1.));
#6249 = ORIENTED_EDGE('',*,*,#6250,.F.);
#6250 = EDGE_CURVE('',#6251,#6243,#6253,.T.);
#6251 = VERTEX_POINT('',#6252);
#6252 = CARTESIAN_POINT('',(-2.25,-2.47,1.945));
#6253 = LINE('',#6254,#6255);
#6254 = CARTESIAN_POINT('',(-2.25,-2.47,1.945));
#6255 = VECTOR('',#6256,1.);
#6256 = DIRECTION('',(-1.,0.,0.));
#6257 = ORIENTED_EDGE('',*,*,#6258,.F.);
#6258 = EDGE_CURVE('',#6259,#6251,#6261,.T.);
#6259 = VERTEX_POINT('',#6260);
#6260 = CARTESIAN_POINT('',(-2.25,-2.47,2.145));
#6261 = LINE('',#6262,#6263);
#6262 = CARTESIAN_POINT('',(-2.25,-2.47,2.145));
#6263 = VECTOR('',#6264,1.);
#6264 = DIRECTION('',(0.,-2.22044604925E-16,-1.));
#6265 = ORIENTED_EDGE('',*,*,#6266,.F.);
#6266 = EDGE_CURVE('',#6267,#6259,#6269,.T.);
#6267 = VERTEX_POINT('',#6268);
#6268 = CARTESIAN_POINT('',(-1.5,-2.47,2.145));
#6269 = LINE('',#6270,#6271);
#6270 = CARTESIAN_POINT('',(-1.5,-2.47,2.145));
#6271 = VECTOR('',#6272,1.);
#6272 = DIRECTION('',(-1.,0.,0.));
#6273 = ORIENTED_EDGE('',*,*,#6274,.F.);
#6274 = EDGE_CURVE('',#6275,#6267,#6277,.T.);
#6275 = VERTEX_POINT('',#6276);
#6276 = CARTESIAN_POINT('',(-1.5,-2.47,1.945));
#6277 = LINE('',#6278,#6279);
#6278 = CARTESIAN_POINT('',(-1.5,-2.47,1.945));
#6279 = VECTOR('',#6280,1.);
#6280 = DIRECTION('',(0.,2.22044604925E-16,1.));
#6281 = ORIENTED_EDGE('',*,*,#6282,.F.);
#6282 = EDGE_CURVE('',#6283,#6275,#6285,.T.);
#6283 = VERTEX_POINT('',#6284);
#6284 = CARTESIAN_POINT('',(-1.35,-2.47,1.945));
#6285 = LINE('',#6286,#6287);
#6286 = CARTESIAN_POINT('',(-1.35,-2.47,1.945));
#6287 = VECTOR('',#6288,1.);
#6288 = DIRECTION('',(-1.,0.,0.));
#6289 = ORIENTED_EDGE('',*,*,#6290,.F.);
#6290 = EDGE_CURVE('',#6291,#6283,#6293,.T.);
#6291 = VERTEX_POINT('',#6292);
#6292 = CARTESIAN_POINT('',(-1.35,-2.47,2.145));
#6293 = LINE('',#6294,#6295);
#6294 = CARTESIAN_POINT('',(-1.35,-2.47,2.145));
#6295 = VECTOR('',#6296,1.);
#6296 = DIRECTION('',(0.,-2.22044604925E-16,-1.));
#6297 = ORIENTED_EDGE('',*,*,#6298,.F.);
#6298 = EDGE_CURVE('',#6299,#6291,#6301,.T.);
#6299 = VERTEX_POINT('',#6300);
#6300 = CARTESIAN_POINT('',(-1.15,-2.47,2.145));
#6301 = LINE('',#6302,#6303);
#6302 = CARTESIAN_POINT('',(-1.15,-2.47,2.145));
#6303 = VECTOR('',#6304,1.);
#6304 = DIRECTION('',(-1.,0.,0.));
#6305 = ORIENTED_EDGE('',*,*,#6306,.F.);
#6306 = EDGE_CURVE('',#6307,#6299,#6309,.T.);
#6307 = VERTEX_POINT('',#6308);
#6308 = CARTESIAN_POINT('',(-1.15,-2.47,1.945));
#6309 = LINE('',#6310,#6311);
#6310 = CARTESIAN_POINT('',(-1.15,-2.47,1.945));
#6311 = VECTOR('',#6312,1.);
#6312 = DIRECTION('',(0.,2.22044604925E-16,1.));
#6313 = ORIENTED_EDGE('',*,*,#6314,.F.);
#6314 = EDGE_CURVE('',#6315,#6307,#6317,.T.);
#6315 = VERTEX_POINT('',#6316);
#6316 = CARTESIAN_POINT('',(-1.,-2.47,1.945));
#6317 = LINE('',#6318,#6319);
#6318 = CARTESIAN_POINT('',(-1.,-2.47,1.945));
#6319 = VECTOR('',#6320,1.);
#6320 = DIRECTION('',(-1.,0.,0.));
#6321 = ORIENTED_EDGE('',*,*,#6322,.F.);
#6322 = EDGE_CURVE('',#6323,#6315,#6325,.T.);
#6323 = VERTEX_POINT('',#6324);
#6324 = CARTESIAN_POINT('',(-1.,-2.47,2.145));
#6325 = LINE('',#6326,#6327);
#6326 = CARTESIAN_POINT('',(-1.,-2.47,2.145));
#6327 = VECTOR('',#6328,1.);
#6328 = DIRECTION('',(0.,-2.22044604925E-16,-1.));
#6329 = ORIENTED_EDGE('',*,*,#6330,.F.);
#6330 = EDGE_CURVE('',#6331,#6323,#6333,.T.);
#6331 = VERTEX_POINT('',#6332);
#6332 = CARTESIAN_POINT('',(-0.25,-2.47,2.145));
#6333 = LINE('',#6334,#6335);
#6334 = CARTESIAN_POINT('',(-0.25,-2.47,2.145));
#6335 = VECTOR('',#6336,1.);
#6336 = DIRECTION('',(-1.,0.,0.));
#6337 = ORIENTED_EDGE('',*,*,#6338,.F.);
#6338 = EDGE_CURVE('',#6339,#6331,#6341,.T.);
#6339 = VERTEX_POINT('',#6340);
#6340 = CARTESIAN_POINT('',(-0.25,-2.47,1.945));
#6341 = LINE('',#6342,#6343);
#6342 = CARTESIAN_POINT('',(-0.25,-2.47,1.945));
#6343 = VECTOR('',#6344,1.);
#6344 = DIRECTION('',(0.,2.22044604925E-16,1.));
#6345 = ORIENTED_EDGE('',*,*,#6346,.F.);
#6346 = EDGE_CURVE('',#6347,#6339,#6349,.T.);
#6347 = VERTEX_POINT('',#6348);
#6348 = CARTESIAN_POINT('',(-0.1,-2.47,1.945));
#6349 = LINE('',#6350,#6351);
#6350 = CARTESIAN_POINT('',(-0.1,-2.47,1.945));
#6351 = VECTOR('',#6352,1.);
#6352 = DIRECTION('',(-1.,0.,0.));
#6353 = ORIENTED_EDGE('',*,*,#6354,.F.);
#6354 = EDGE_CURVE('',#6355,#6347,#6357,.T.);
#6355 = VERTEX_POINT('',#6356);
#6356 = CARTESIAN_POINT('',(-0.1,-2.47,2.145));
#6357 = LINE('',#6358,#6359);
#6358 = CARTESIAN_POINT('',(-0.1,-2.47,2.145));
#6359 = VECTOR('',#6360,1.);
#6360 = DIRECTION('',(0.,-2.22044604925E-16,-1.));
#6361 = ORIENTED_EDGE('',*,*,#6362,.F.);
#6362 = EDGE_CURVE('',#6363,#6355,#6365,.T.);
#6363 = VERTEX_POINT('',#6364);
#6364 = CARTESIAN_POINT('',(0.1,-2.47,2.145));
#6365 = LINE('',#6366,#6367);
#6366 = CARTESIAN_POINT('',(0.1,-2.47,2.145));
#6367 = VECTOR('',#6368,1.);
#6368 = DIRECTION('',(-1.,0.,0.));
#6369 = ORIENTED_EDGE('',*,*,#6370,.F.);
#6370 = EDGE_CURVE('',#6371,#6363,#6373,.T.);
#6371 = VERTEX_POINT('',#6372);
#6372 = CARTESIAN_POINT('',(0.1,-2.47,1.945));
#6373 = LINE('',#6374,#6375);
#6374 = CARTESIAN_POINT('',(0.1,-2.47,1.945));
#6375 = VECTOR('',#6376,1.);
#6376 = DIRECTION('',(0.,2.22044604925E-16,1.));
#6377 = ORIENTED_EDGE('',*,*,#6378,.F.);
#6378 = EDGE_CURVE('',#6379,#6371,#6381,.T.);
#6379 = VERTEX_POINT('',#6380);
#6380 = CARTESIAN_POINT('',(0.25,-2.47,1.945));
#6381 = LINE('',#6382,#6383);
#6382 = CARTESIAN_POINT('',(0.25,-2.47,1.945));
#6383 = VECTOR('',#6384,1.);
#6384 = DIRECTION('',(-1.,0.,0.));
#6385 = ORIENTED_EDGE('',*,*,#6386,.F.);
#6386 = EDGE_CURVE('',#6387,#6379,#6389,.T.);
#6387 = VERTEX_POINT('',#6388);
#6388 = CARTESIAN_POINT('',(0.25,-2.47,2.145));
#6389 = LINE('',#6390,#6391);
#6390 = CARTESIAN_POINT('',(0.25,-2.47,2.145));
#6391 = VECTOR('',#6392,1.);
#6392 = DIRECTION('',(0.,-2.22044604925E-16,-1.));
#6393 = ORIENTED_EDGE('',*,*,#6394,.F.);
#6394 = EDGE_CURVE('',#6395,#6387,#6397,.T.);
#6395 = VERTEX_POINT('',#6396);
#6396 = CARTESIAN_POINT('',(1.,-2.47,2.145));
#6397 = LINE('',#6398,#6399);
#6398 = CARTESIAN_POINT('',(1.,-2.47,2.145));
#6399 = VECTOR('',#6400,1.);
#6400 = DIRECTION('',(-1.,0.,0.));
#6401 = ORIENTED_EDGE('',*,*,#6402,.F.);
#6402 = EDGE_CURVE('',#6403,#6395,#6405,.T.);
#6403 = VERTEX_POINT('',#6404);
#6404 = CARTESIAN_POINT('',(1.,-2.47,1.945));
#6405 = LINE('',#6406,#6407);
#6406 = CARTESIAN_POINT('',(1.,-2.47,1.945));
#6407 = VECTOR('',#6408,1.);
#6408 = DIRECTION('',(0.,2.22044604925E-16,1.));
#6409 = ORIENTED_EDGE('',*,*,#6410,.F.);
#6410 = EDGE_CURVE('',#6411,#6403,#6413,.T.);
#6411 = VERTEX_POINT('',#6412);
#6412 = CARTESIAN_POINT('',(1.15,-2.47,1.945));
#6413 = LINE('',#6414,#6415);
#6414 = CARTESIAN_POINT('',(1.15,-2.47,1.945));
#6415 = VECTOR('',#6416,1.);
#6416 = DIRECTION('',(-1.,0.,0.));
#6417 = ORIENTED_EDGE('',*,*,#6418,.F.);
#6418 = EDGE_CURVE('',#6419,#6411,#6421,.T.);
#6419 = VERTEX_POINT('',#6420);
#6420 = CARTESIAN_POINT('',(1.15,-2.47,2.145));
#6421 = LINE('',#6422,#6423);
#6422 = CARTESIAN_POINT('',(1.15,-2.47,2.145));
#6423 = VECTOR('',#6424,1.);
#6424 = DIRECTION('',(0.,-2.22044604925E-16,-1.));
#6425 = ORIENTED_EDGE('',*,*,#6426,.F.);
#6426 = EDGE_CURVE('',#6427,#6419,#6429,.T.);
#6427 = VERTEX_POINT('',#6428);
#6428 = CARTESIAN_POINT('',(1.35,-2.47,2.145));
#6429 = LINE('',#6430,#6431);
#6430 = CARTESIAN_POINT('',(1.35,-2.47,2.145));
#6431 = VECTOR('',#6432,1.);
#6432 = DIRECTION('',(-1.,0.,0.));
#6433 = ORIENTED_EDGE('',*,*,#6434,.F.);
#6434 = EDGE_CURVE('',#6435,#6427,#6437,.T.);
#6435 = VERTEX_POINT('',#6436);
#6436 = CARTESIAN_POINT('',(1.35,-2.47,1.945));
#6437 = LINE('',#6438,#6439);
#6438 = CARTESIAN_POINT('',(1.35,-2.47,1.945));
#6439 = VECTOR('',#6440,1.);
#6440 = DIRECTION('',(0.,2.22044604925E-16,1.));
#6441 = ORIENTED_EDGE('',*,*,#6442,.F.);
#6442 = EDGE_CURVE('',#6443,#6435,#6445,.T.);
#6443 = VERTEX_POINT('',#6444);
#6444 = CARTESIAN_POINT('',(1.5,-2.47,1.945));
#6445 = LINE('',#6446,#6447);
#6446 = CARTESIAN_POINT('',(1.5,-2.47,1.945));
#6447 = VECTOR('',#6448,1.);
#6448 = DIRECTION('',(-1.,0.,0.));
#6449 = ORIENTED_EDGE('',*,*,#6450,.F.);
#6450 = EDGE_CURVE('',#6451,#6443,#6453,.T.);
#6451 = VERTEX_POINT('',#6452);
#6452 = CARTESIAN_POINT('',(1.5,-2.47,2.145));
#6453 = LINE('',#6454,#6455);
#6454 = CARTESIAN_POINT('',(1.5,-2.47,2.145));
#6455 = VECTOR('',#6456,1.);
#6456 = DIRECTION('',(0.,-2.22044604925E-16,-1.));
#6457 = ORIENTED_EDGE('',*,*,#6458,.F.);
#6458 = EDGE_CURVE('',#6459,#6451,#6461,.T.);
#6459 = VERTEX_POINT('',#6460);
#6460 = CARTESIAN_POINT('',(2.25,-2.47,2.145));
#6461 = LINE('',#6462,#6463);
#6462 = CARTESIAN_POINT('',(2.25,-2.47,2.145));
#6463 = VECTOR('',#6464,1.);
#6464 = DIRECTION('',(-1.,0.,0.));
#6465 = ORIENTED_EDGE('',*,*,#6466,.F.);
#6466 = EDGE_CURVE('',#6467,#6459,#6469,.T.);
#6467 = VERTEX_POINT('',#6468);
#6468 = CARTESIAN_POINT('',(2.25,-2.47,1.945));
#6469 = LINE('',#6470,#6471);
#6470 = CARTESIAN_POINT('',(2.25,-2.47,1.945));
#6471 = VECTOR('',#6472,1.);
#6472 = DIRECTION('',(0.,2.22044604925E-16,1.));
#6473 = ORIENTED_EDGE('',*,*,#6474,.F.);
#6474 = EDGE_CURVE('',#6475,#6467,#6477,.T.);
#6475 = VERTEX_POINT('',#6476);
#6476 = CARTESIAN_POINT('',(2.4,-2.47,1.945));
#6477 = LINE('',#6478,#6479);
#6478 = CARTESIAN_POINT('',(2.4,-2.47,1.945));
#6479 = VECTOR('',#6480,1.);
#6480 = DIRECTION('',(-1.,0.,0.));
#6481 = ORIENTED_EDGE('',*,*,#6482,.F.);
#6482 = EDGE_CURVE('',#6483,#6475,#6485,.T.);
#6483 = VERTEX_POINT('',#6484);
#6484 = CARTESIAN_POINT('',(2.4,-2.47,2.145));
#6485 = LINE('',#6486,#6487);
#6486 = CARTESIAN_POINT('',(2.4,-2.47,2.145));
#6487 = VECTOR('',#6488,1.);
#6488 = DIRECTION('',(0.,-2.22044604925E-16,-1.));
#6489 = ORIENTED_EDGE('',*,*,#6490,.F.);
#6490 = EDGE_CURVE('',#6491,#6483,#6493,.T.);
#6491 = VERTEX_POINT('',#6492);
#6492 = CARTESIAN_POINT('',(2.6,-2.47,2.145));
#6493 = LINE('',#6494,#6495);
#6494 = CARTESIAN_POINT('',(2.6,-2.47,2.145));
#6495 = VECTOR('',#6496,1.);
#6496 = DIRECTION('',(-1.,0.,0.));
#6497 = ORIENTED_EDGE('',*,*,#6498,.F.);
#6498 = EDGE_CURVE('',#6499,#6491,#6501,.T.);
#6499 = VERTEX_POINT('',#6500);
#6500 = CARTESIAN_POINT('',(2.6,-2.47,1.945));
#6501 = LINE('',#6502,#6503);
#6502 = CARTESIAN_POINT('',(2.6,-2.47,1.945));
#6503 = VECTOR('',#6504,1.);
#6504 = DIRECTION('',(0.,2.22044604925E-16,1.));
#6505 = ORIENTED_EDGE('',*,*,#6506,.F.);
#6506 = EDGE_CURVE('',#6507,#6499,#6509,.T.);
#6507 = VERTEX_POINT('',#6508);
#6508 = CARTESIAN_POINT('',(2.75,-2.47,1.945));
#6509 = LINE('',#6510,#6511);
#6510 = CARTESIAN_POINT('',(2.75,-2.47,1.945));
#6511 = VECTOR('',#6512,1.);
#6512 = DIRECTION('',(-1.,0.,0.));
#6513 = ORIENTED_EDGE('',*,*,#6514,.F.);
#6514 = EDGE_CURVE('',#6515,#6507,#6517,.T.);
#6515 = VERTEX_POINT('',#6516);
#6516 = CARTESIAN_POINT('',(2.75,-2.47,2.145));
#6517 = LINE('',#6518,#6519);
#6518 = CARTESIAN_POINT('',(2.75,-2.47,2.145));
#6519 = VECTOR('',#6520,1.);
#6520 = DIRECTION('',(0.,-2.22044604925E-16,-1.));
#6521 = ORIENTED_EDGE('',*,*,#6522,.F.);
#6522 = EDGE_CURVE('',#6523,#6515,#6525,.T.);
#6523 = VERTEX_POINT('',#6524);
#6524 = CARTESIAN_POINT('',(3.25,-2.47,2.145));
#6525 = LINE('',#6526,#6527);
#6526 = CARTESIAN_POINT('',(3.25,-2.47,2.145));
#6527 = VECTOR('',#6528,1.);
#6528 = DIRECTION('',(-1.,0.,0.));
#6529 = ORIENTED_EDGE('',*,*,#6530,.F.);
#6530 = EDGE_CURVE('',#6531,#6523,#6533,.T.);
#6531 = VERTEX_POINT('',#6532);
#6532 = CARTESIAN_POINT('',(3.25,-2.47,2.645));
#6533 = LINE('',#6534,#6535);
#6534 = CARTESIAN_POINT('',(3.25,-2.47,2.645));
#6535 = VECTOR('',#6536,1.);
#6536 = DIRECTION('',(0.,-2.22044604925E-16,-1.));
#6537 = ORIENTED_EDGE('',*,*,#6538,.F.);
#6538 = EDGE_CURVE('',#6163,#6531,#6539,.T.);
#6539 = LINE('',#6540,#6541);
#6540 = CARTESIAN_POINT('',(3.75,-2.47,2.645));
#6541 = VECTOR('',#6542,1.);
#6542 = DIRECTION('',(-1.,0.,0.));
#6543 = FACE_BOUND('',#6544,.T.);
#6544 = EDGE_LOOP('',(#6545,#6555,#6563,#6571));
#6545 = ORIENTED_EDGE('',*,*,#6546,.T.);
#6546 = EDGE_CURVE('',#6547,#6549,#6551,.T.);
#6547 = VERTEX_POINT('',#6548);
#6548 = CARTESIAN_POINT('',(-4.4,-2.47,3.295));
#6549 = VERTEX_POINT('',#6550);
#6550 = CARTESIAN_POINT('',(-4.4,-2.47,3.895));
#6551 = LINE('',#6552,#6553);
#6552 = CARTESIAN_POINT('',(-4.4,-2.47,3.295));
#6553 = VECTOR('',#6554,1.);
#6554 = DIRECTION('',(0.,2.22044604925E-16,1.));
#6555 = ORIENTED_EDGE('',*,*,#6556,.T.);
#6556 = EDGE_CURVE('',#6549,#6557,#6559,.T.);
#6557 = VERTEX_POINT('',#6558);
#6558 = CARTESIAN_POINT('',(-3.3,-2.47,3.895));
#6559 = LINE('',#6560,#6561);
#6560 = CARTESIAN_POINT('',(-4.4,-2.47,3.895));
#6561 = VECTOR('',#6562,1.);
#6562 = DIRECTION('',(1.,0.,0.));
#6563 = ORIENTED_EDGE('',*,*,#6564,.F.);
#6564 = EDGE_CURVE('',#6565,#6557,#6567,.T.);
#6565 = VERTEX_POINT('',#6566);
#6566 = CARTESIAN_POINT('',(-3.3,-2.47,3.295));
#6567 = LINE('',#6568,#6569);
#6568 = CARTESIAN_POINT('',(-3.3,-2.47,3.295));
#6569 = VECTOR('',#6570,1.);
#6570 = DIRECTION('',(0.,2.22044604925E-16,1.));
#6571 = ORIENTED_EDGE('',*,*,#6572,.F.);
#6572 = EDGE_CURVE('',#6547,#6565,#6573,.T.);
#6573 = LINE('',#6574,#6575);
#6574 = CARTESIAN_POINT('',(-4.4,-2.47,3.295));
#6575 = VECTOR('',#6576,1.);
#6576 = DIRECTION('',(1.,0.,0.));
#6577 = FACE_BOUND('',#6578,.T.);
#6578 = EDGE_LOOP('',(#6579,#6589,#6597,#6605));
#6579 = ORIENTED_EDGE('',*,*,#6580,.T.);
#6580 = EDGE_CURVE('',#6581,#6583,#6585,.T.);
#6581 = VERTEX_POINT('',#6582);
#6582 = CARTESIAN_POINT('',(3.3,-2.47,3.295));
#6583 = VERTEX_POINT('',#6584);
#6584 = CARTESIAN_POINT('',(3.3,-2.47,3.895));
#6585 = LINE('',#6586,#6587);
#6586 = CARTESIAN_POINT('',(3.3,-2.47,3.295));
#6587 = VECTOR('',#6588,1.);
#6588 = DIRECTION('',(0.,2.22044604925E-16,1.));
#6589 = ORIENTED_EDGE('',*,*,#6590,.T.);
#6590 = EDGE_CURVE('',#6583,#6591,#6593,.T.);
#6591 = VERTEX_POINT('',#6592);
#6592 = CARTESIAN_POINT('',(4.4,-2.47,3.895));
#6593 = LINE('',#6594,#6595);
#6594 = CARTESIAN_POINT('',(3.3,-2.47,3.895));
#6595 = VECTOR('',#6596,1.);
#6596 = DIRECTION('',(1.,0.,0.));
#6597 = ORIENTED_EDGE('',*,*,#6598,.F.);
#6598 = EDGE_CURVE('',#6599,#6591,#6601,.T.);
#6599 = VERTEX_POINT('',#6600);
#6600 = CARTESIAN_POINT('',(4.4,-2.47,3.295));
#6601 = LINE('',#6602,#6603);
#6602 = CARTESIAN_POINT('',(4.4,-2.47,3.295));
#6603 = VECTOR('',#6604,1.);
#6604 = DIRECTION('',(0.,2.22044604925E-16,1.));
#6605 = ORIENTED_EDGE('',*,*,#6606,.F.);
#6606 = EDGE_CURVE('',#6581,#6599,#6607,.T.);
#6607 = LINE('',#6608,#6609);
#6608 = CARTESIAN_POINT('',(3.3,-2.47,3.295));
#6609 = VECTOR('',#6610,1.);
#6610 = DIRECTION('',(1.,0.,0.));
#6611 = PLANE('',#6612);
#6612 = AXIS2_PLACEMENT_3D('',#6613,#6614,#6615);
#6613 = CARTESIAN_POINT('',(-4.75,-2.47,-4.999999999999E-03));
#6614 = DIRECTION('',(0.,-1.,2.22044604925E-16));
#6615 = DIRECTION('',(1.,0.,0.));
#6616 = ADVANCED_FACE('',(#6617),#6667,.T.);
#6617 = FACE_BOUND('',#6618,.T.);
#6618 = EDGE_LOOP('',(#6619,#6629,#6637,#6643,#6644,#6645,#6653,#6661));
#6619 = ORIENTED_EDGE('',*,*,#6620,.F.);
#6620 = EDGE_CURVE('',#6621,#6623,#6625,.T.);
#6621 = VERTEX_POINT('',#6622);
#6622 = CARTESIAN_POINT('',(-4.25,1.58,4.245));
#6623 = VERTEX_POINT('',#6624);
#6624 = CARTESIAN_POINT('',(4.25,1.58,4.245));
#6625 = LINE('',#6626,#6627);
#6626 = CARTESIAN_POINT('',(-4.75,1.58,4.245));
#6627 = VECTOR('',#6628,1.);
#6628 = DIRECTION('',(1.,0.,0.));
#6629 = ORIENTED_EDGE('',*,*,#6630,.F.);
#6630 = EDGE_CURVE('',#6631,#6621,#6633,.T.);
#6631 = VERTEX_POINT('',#6632);
#6632 = CARTESIAN_POINT('',(-4.25,-0.32,4.245));
#6633 = LINE('',#6634,#6635);
#6634 = CARTESIAN_POINT('',(-4.25,-0.32,4.245));
#6635 = VECTOR('',#6636,1.);
#6636 = DIRECTION('',(0.,1.,-2.22044604925E-16));
#6637 = ORIENTED_EDGE('',*,*,#6638,.F.);
#6638 = EDGE_CURVE('',#5753,#6631,#6639,.T.);
#6639 = LINE('',#6640,#6641);
#6640 = CARTESIAN_POINT('',(-4.75,-0.32,4.245));
#6641 = VECTOR('',#6642,1.);
#6642 = DIRECTION('',(1.,0.,0.));
#6643 = ORIENTED_EDGE('',*,*,#5760,.T.);
#6644 = ORIENTED_EDGE('',*,*,#6118,.T.);
#6645 = ORIENTED_EDGE('',*,*,#6646,.F.);
#6646 = EDGE_CURVE('',#6647,#6111,#6649,.T.);
#6647 = VERTEX_POINT('',#6648);
#6648 = CARTESIAN_POINT('',(4.75,-0.32,4.245));
#6649 = LINE('',#6650,#6651);
#6650 = CARTESIAN_POINT('',(4.75,1.58,4.245));
#6651 = VECTOR('',#6652,1.);
#6652 = DIRECTION('',(0.,-1.,2.22044604925E-16));
#6653 = ORIENTED_EDGE('',*,*,#6654,.F.);
#6654 = EDGE_CURVE('',#6655,#6647,#6657,.T.);
#6655 = VERTEX_POINT('',#6656);
#6656 = CARTESIAN_POINT('',(4.25,-0.32,4.245));
#6657 = LINE('',#6658,#6659);
#6658 = CARTESIAN_POINT('',(4.25,-0.32,4.245));
#6659 = VECTOR('',#6660,1.);
#6660 = DIRECTION('',(1.,0.,0.));
#6661 = ORIENTED_EDGE('',*,*,#6662,.T.);
#6662 = EDGE_CURVE('',#6655,#6623,#6663,.T.);
#6663 = LINE('',#6664,#6665);
#6664 = CARTESIAN_POINT('',(4.25,-0.32,4.245));
#6665 = VECTOR('',#6666,1.);
#6666 = DIRECTION('',(0.,1.,-2.22044604925E-16));
#6667 = PLANE('',#6668);
#6668 = AXIS2_PLACEMENT_3D('',#6669,#6670,#6671);
#6669 = CARTESIAN_POINT('',(-4.75,1.58,4.245));
#6670 = DIRECTION('',(0.,2.22044604925E-16,1.));
#6671 = DIRECTION('',(0.,-1.,2.22044604925E-16));
#6672 = ADVANCED_FACE('',(#6673),#6691,.F.);
#6673 = FACE_BOUND('',#6674,.F.);
#6674 = EDGE_LOOP('',(#6675,#6683,#6689,#6690));
#6675 = ORIENTED_EDGE('',*,*,#6676,.T.);
#6676 = EDGE_CURVE('',#5745,#6677,#6679,.T.);
#6677 = VERTEX_POINT('',#6678);
#6678 = CARTESIAN_POINT('',(-4.25,-0.32,3.595));
#6679 = LINE('',#6680,#6681);
#6680 = CARTESIAN_POINT('',(-4.75,-0.32,3.595));
#6681 = VECTOR('',#6682,1.);
#6682 = DIRECTION('',(1.,0.,0.));
#6683 = ORIENTED_EDGE('',*,*,#6684,.T.);
#6684 = EDGE_CURVE('',#6677,#6631,#6685,.T.);
#6685 = LINE('',#6686,#6687);
#6686 = CARTESIAN_POINT('',(-4.25,-0.32,3.595));
#6687 = VECTOR('',#6688,1.);
#6688 = DIRECTION('',(0.,2.22044604925E-16,1.));
#6689 = ORIENTED_EDGE('',*,*,#6638,.F.);
#6690 = ORIENTED_EDGE('',*,*,#5752,.F.);
#6691 = PLANE('',#6692);
#6692 = AXIS2_PLACEMENT_3D('',#6693,#6694,#6695);
#6693 = CARTESIAN_POINT('',(-4.75,-0.32,3.595));
#6694 = DIRECTION('',(0.,-1.,2.22044604925E-16));
#6695 = DIRECTION('',(0.,2.22044604925E-16,1.));
#6696 = ADVANCED_FACE('',(#6697),#6715,.F.);
#6697 = FACE_BOUND('',#6698,.F.);
#6698 = EDGE_LOOP('',(#6699,#6707,#6713,#6714));
#6699 = ORIENTED_EDGE('',*,*,#6700,.T.);
#6700 = EDGE_CURVE('',#5737,#6701,#6703,.T.);
#6701 = VERTEX_POINT('',#6702);
#6702 = CARTESIAN_POINT('',(-4.25,0.98,3.595));
#6703 = LINE('',#6704,#6705);
#6704 = CARTESIAN_POINT('',(-4.75,0.98,3.595));
#6705 = VECTOR('',#6706,1.);
#6706 = DIRECTION('',(1.,0.,0.));
#6707 = ORIENTED_EDGE('',*,*,#6708,.T.);
#6708 = EDGE_CURVE('',#6701,#6677,#6709,.T.);
#6709 = LINE('',#6710,#6711);
#6710 = CARTESIAN_POINT('',(-4.25,0.98,3.595));
#6711 = VECTOR('',#6712,1.);
#6712 = DIRECTION('',(0.,-1.,2.22044604925E-16));
#6713 = ORIENTED_EDGE('',*,*,#6676,.F.);
#6714 = ORIENTED_EDGE('',*,*,#5744,.F.);
#6715 = PLANE('',#6716);
#6716 = AXIS2_PLACEMENT_3D('',#6717,#6718,#6719);
#6717 = CARTESIAN_POINT('',(-4.75,0.98,3.595));
#6718 = DIRECTION('',(0.,-2.22044604925E-16,-1.));
#6719 = DIRECTION('',(0.,-1.,2.22044604925E-16));
#6720 = ADVANCED_FACE('',(#6721),#6739,.F.);
#6721 = FACE_BOUND('',#6722,.F.);
#6722 = EDGE_LOOP('',(#6723,#6731,#6737,#6738));
#6723 = ORIENTED_EDGE('',*,*,#6724,.T.);
#6724 = EDGE_CURVE('',#5729,#6725,#6727,.T.);
#6725 = VERTEX_POINT('',#6726);
#6726 = CARTESIAN_POINT('',(-4.25,0.98,1.995));
#6727 = LINE('',#6728,#6729);
#6728 = CARTESIAN_POINT('',(-4.75,0.98,1.995));
#6729 = VECTOR('',#6730,1.);
#6730 = DIRECTION('',(1.,0.,0.));
#6731 = ORIENTED_EDGE('',*,*,#6732,.T.);
#6732 = EDGE_CURVE('',#6725,#6701,#6733,.T.);
#6733 = LINE('',#6734,#6735);
#6734 = CARTESIAN_POINT('',(-4.25,0.98,1.995));
#6735 = VECTOR('',#6736,1.);
#6736 = DIRECTION('',(0.,2.22044604925E-16,1.));
#6737 = ORIENTED_EDGE('',*,*,#6700,.F.);
#6738 = ORIENTED_EDGE('',*,*,#5736,.F.);
#6739 = PLANE('',#6740);
#6740 = AXIS2_PLACEMENT_3D('',#6741,#6742,#6743);
#6741 = CARTESIAN_POINT('',(-4.75,0.98,1.995));
#6742 = DIRECTION('',(0.,-1.,2.22044604925E-16));
#6743 = DIRECTION('',(0.,2.22044604925E-16,1.));
#6744 = ADVANCED_FACE('',(#6745),#6763,.F.);
#6745 = FACE_BOUND('',#6746,.F.);
#6746 = EDGE_LOOP('',(#6747,#6755,#6761,#6762));
#6747 = ORIENTED_EDGE('',*,*,#6748,.T.);
#6748 = EDGE_CURVE('',#5721,#6749,#6751,.T.);
#6749 = VERTEX_POINT('',#6750);
#6750 = CARTESIAN_POINT('',(-4.25,1.58,1.995));
#6751 = LINE('',#6752,#6753);
#6752 = CARTESIAN_POINT('',(-4.75,1.58,1.995));
#6753 = VECTOR('',#6754,1.);
#6754 = DIRECTION('',(1.,0.,0.));
#6755 = ORIENTED_EDGE('',*,*,#6756,.T.);
#6756 = EDGE_CURVE('',#6749,#6725,#6757,.T.);
#6757 = LINE('',#6758,#6759);
#6758 = CARTESIAN_POINT('',(-4.25,1.58,1.995));
#6759 = VECTOR('',#6760,1.);
#6760 = DIRECTION('',(0.,-1.,2.22044604925E-16));
#6761 = ORIENTED_EDGE('',*,*,#6724,.F.);
#6762 = ORIENTED_EDGE('',*,*,#5728,.F.);
#6763 = PLANE('',#6764);
#6764 = AXIS2_PLACEMENT_3D('',#6765,#6766,#6767);
#6765 = CARTESIAN_POINT('',(-4.75,1.58,1.995));
#6766 = DIRECTION('',(0.,-2.22044604925E-16,-1.));
#6767 = DIRECTION('',(0.,-1.,2.22044604925E-16));
#6768 = ADVANCED_FACE('',(#6769,#6810),#6844,.F.);
#6769 = FACE_BOUND('',#6770,.F.);
#6770 = EDGE_LOOP('',(#6771,#6772,#6780,#6788,#6796,#6802,#6803,#6809));
#6771 = ORIENTED_EDGE('',*,*,#5720,.F.);
#6772 = ORIENTED_EDGE('',*,*,#6773,.T.);
#6773 = EDGE_CURVE('',#5713,#6774,#6776,.T.);
#6774 = VERTEX_POINT('',#6775);
#6775 = CARTESIAN_POINT('',(4.75,1.58,0.945));
#6776 = LINE('',#6777,#6778);
#6777 = CARTESIAN_POINT('',(-4.75,1.58,0.945));
#6778 = VECTOR('',#6779,1.);
#6779 = DIRECTION('',(1.,0.,0.));
#6780 = ORIENTED_EDGE('',*,*,#6781,.T.);
#6781 = EDGE_CURVE('',#6774,#6782,#6784,.T.);
#6782 = VERTEX_POINT('',#6783);
#6783 = CARTESIAN_POINT('',(4.75,1.58,1.995));
#6784 = LINE('',#6785,#6786);
#6785 = CARTESIAN_POINT('',(4.75,1.58,-5.E-03));
#6786 = VECTOR('',#6787,1.);
#6787 = DIRECTION('',(0.,2.22044604925E-16,1.));
#6788 = ORIENTED_EDGE('',*,*,#6789,.F.);
#6789 = EDGE_CURVE('',#6790,#6782,#6792,.T.);
#6790 = VERTEX_POINT('',#6791);
#6791 = CARTESIAN_POINT('',(4.25,1.58,1.995));
#6792 = LINE('',#6793,#6794);
#6793 = CARTESIAN_POINT('',(4.25,1.58,1.995));
#6794 = VECTOR('',#6795,1.);
#6795 = DIRECTION('',(1.,0.,0.));
#6796 = ORIENTED_EDGE('',*,*,#6797,.F.);
#6797 = EDGE_CURVE('',#6623,#6790,#6798,.T.);
#6798 = LINE('',#6799,#6800);
#6799 = CARTESIAN_POINT('',(4.25,1.58,4.245));
#6800 = VECTOR('',#6801,1.);
#6801 = DIRECTION('',(0.,-2.22044604925E-16,-1.));
#6802 = ORIENTED_EDGE('',*,*,#6620,.F.);
#6803 = ORIENTED_EDGE('',*,*,#6804,.T.);
#6804 = EDGE_CURVE('',#6621,#6749,#6805,.T.);
#6805 = LINE('',#6806,#6807);
#6806 = CARTESIAN_POINT('',(-4.25,1.58,4.245));
#6807 = VECTOR('',#6808,1.);
#6808 = DIRECTION('',(0.,-2.22044604925E-16,-1.));
#6809 = ORIENTED_EDGE('',*,*,#6748,.F.);
#6810 = FACE_BOUND('',#6811,.F.);
#6811 = EDGE_LOOP('',(#6812,#6822,#6830,#6838));
#6812 = ORIENTED_EDGE('',*,*,#6813,.T.);
#6813 = EDGE_CURVE('',#6814,#6816,#6818,.T.);
#6814 = VERTEX_POINT('',#6815);
#6815 = CARTESIAN_POINT('',(-2.225,1.58,2.44));
#6816 = VERTEX_POINT('',#6817);
#6817 = CARTESIAN_POINT('',(-2.225,1.58,3.84));
#6818 = LINE('',#6819,#6820);
#6819 = CARTESIAN_POINT('',(-2.225,1.58,2.44));
#6820 = VECTOR('',#6821,1.);
#6821 = DIRECTION('',(0.,2.22044604925E-16,1.));
#6822 = ORIENTED_EDGE('',*,*,#6823,.T.);
#6823 = EDGE_CURVE('',#6816,#6824,#6826,.T.);
#6824 = VERTEX_POINT('',#6825);
#6825 = CARTESIAN_POINT('',(2.225,1.58,3.84));
#6826 = LINE('',#6827,#6828);
#6827 = CARTESIAN_POINT('',(-2.225,1.58,3.84));
#6828 = VECTOR('',#6829,1.);
#6829 = DIRECTION('',(1.,0.,0.));
#6830 = ORIENTED_EDGE('',*,*,#6831,.F.);
#6831 = EDGE_CURVE('',#6832,#6824,#6834,.T.);
#6832 = VERTEX_POINT('',#6833);
#6833 = CARTESIAN_POINT('',(2.225,1.58,2.44));
#6834 = LINE('',#6835,#6836);
#6835 = CARTESIAN_POINT('',(2.225,1.58,2.44));
#6836 = VECTOR('',#6837,1.);
#6837 = DIRECTION('',(0.,2.22044604925E-16,1.));
#6838 = ORIENTED_EDGE('',*,*,#6839,.F.);
#6839 = EDGE_CURVE('',#6814,#6832,#6840,.T.);
#6840 = LINE('',#6841,#6842);
#6841 = CARTESIAN_POINT('',(-2.225,1.58,2.44));
#6842 = VECTOR('',#6843,1.);
#6843 = DIRECTION('',(1.,0.,0.));
#6844 = PLANE('',#6845);
#6845 = AXIS2_PLACEMENT_3D('',#6846,#6847,#6848);
#6846 = CARTESIAN_POINT('',(-4.75,1.58,-5.E-03));
#6847 = DIRECTION('',(0.,-1.,2.22044604925E-16));
#6848 = DIRECTION('',(1.,0.,0.));
#6849 = ADVANCED_FACE('',(#6850),#7028,.T.);
#6850 = FACE_BOUND('',#6851,.T.);
#6851 = EDGE_LOOP('',(#6852,#6853,#6854,#6862,#6870,#6878,#6886,#6894,
    #6902,#6910,#6918,#6926,#6934,#6942,#6950,#6958,#6966,#6974,#6982,
    #6990,#6998,#7006,#7014,#7022));
#6852 = ORIENTED_EDGE('',*,*,#5712,.F.);
#6853 = ORIENTED_EDGE('',*,*,#6773,.T.);
#6854 = ORIENTED_EDGE('',*,*,#6855,.T.);
#6855 = EDGE_CURVE('',#6774,#6856,#6858,.T.);
#6856 = VERTEX_POINT('',#6857);
#6857 = CARTESIAN_POINT('',(4.75,1.08,0.945));
#6858 = LINE('',#6859,#6860);
#6859 = CARTESIAN_POINT('',(4.75,1.58,0.945));
#6860 = VECTOR('',#6861,1.);
#6861 = DIRECTION('',(0.,-1.,2.22044604925E-16));
#6862 = ORIENTED_EDGE('',*,*,#6863,.F.);
#6863 = EDGE_CURVE('',#6864,#6856,#6866,.T.);
#6864 = VERTEX_POINT('',#6865);
#6865 = CARTESIAN_POINT('',(2.6,1.08,0.945));
#6866 = LINE('',#6867,#6868);
#6867 = CARTESIAN_POINT('',(-4.75,1.08,0.945));
#6868 = VECTOR('',#6869,1.);
#6869 = DIRECTION('',(1.,0.,0.));
#6870 = ORIENTED_EDGE('',*,*,#6871,.F.);
#6871 = EDGE_CURVE('',#6872,#6864,#6874,.T.);
#6872 = VERTEX_POINT('',#6873);
#6873 = CARTESIAN_POINT('',(2.6,1.1054,0.945));
#6874 = LINE('',#6875,#6876);
#6875 = CARTESIAN_POINT('',(2.6,0.796465540115,0.945));
#6876 = VECTOR('',#6877,1.);
#6877 = DIRECTION('',(9.003329844341E-33,-1.,2.22044604925E-16));
#6878 = ORIENTED_EDGE('',*,*,#6879,.T.);
#6879 = EDGE_CURVE('',#6872,#6880,#6882,.T.);
#6880 = VERTEX_POINT('',#6881);
#6881 = CARTESIAN_POINT('',(2.4,1.1054,0.945));
#6882 = LINE('',#6883,#6884);
#6883 = CARTESIAN_POINT('',(-1.175,1.1054,0.945));
#6884 = VECTOR('',#6885,1.);
#6885 = DIRECTION('',(-1.,0.,0.));
#6886 = ORIENTED_EDGE('',*,*,#6887,.T.);
#6887 = EDGE_CURVE('',#6880,#6888,#6890,.T.);
#6888 = VERTEX_POINT('',#6889);
#6889 = CARTESIAN_POINT('',(2.4,1.08,0.945));
#6890 = LINE('',#6891,#6892);
#6891 = CARTESIAN_POINT('',(2.4,0.796465540115,0.945));
#6892 = VECTOR('',#6893,1.);
#6893 = DIRECTION('',(9.003329844341E-33,-1.,2.22044604925E-16));
#6894 = ORIENTED_EDGE('',*,*,#6895,.F.);
#6895 = EDGE_CURVE('',#6896,#6888,#6898,.T.);
#6896 = VERTEX_POINT('',#6897);
#6897 = CARTESIAN_POINT('',(1.35,1.08,0.945));
#6898 = LINE('',#6899,#6900);
#6899 = CARTESIAN_POINT('',(-4.75,1.08,0.945));
#6900 = VECTOR('',#6901,1.);
#6901 = DIRECTION('',(1.,0.,0.));
#6902 = ORIENTED_EDGE('',*,*,#6903,.F.);
#6903 = EDGE_CURVE('',#6904,#6896,#6906,.T.);
#6904 = VERTEX_POINT('',#6905);
#6905 = CARTESIAN_POINT('',(1.35,1.1054,0.945));
#6906 = LINE('',#6907,#6908);
#6907 = CARTESIAN_POINT('',(1.35,0.796465540115,0.945));
#6908 = VECTOR('',#6909,1.);
#6909 = DIRECTION('',(9.003329844341E-33,-1.,2.22044604925E-16));
#6910 = ORIENTED_EDGE('',*,*,#6911,.T.);
#6911 = EDGE_CURVE('',#6904,#6912,#6914,.T.);
#6912 = VERTEX_POINT('',#6913);
#6913 = CARTESIAN_POINT('',(1.15,1.1054,0.945));
#6914 = LINE('',#6915,#6916);
#6915 = CARTESIAN_POINT('',(-1.8,1.1054,0.945));
#6916 = VECTOR('',#6917,1.);
#6917 = DIRECTION('',(-1.,0.,0.));
#6918 = ORIENTED_EDGE('',*,*,#6919,.T.);
#6919 = EDGE_CURVE('',#6912,#6920,#6922,.T.);
#6920 = VERTEX_POINT('',#6921);
#6921 = CARTESIAN_POINT('',(1.15,1.08,0.945));
#6922 = LINE('',#6923,#6924);
#6923 = CARTESIAN_POINT('',(1.15,0.796465540115,0.945));
#6924 = VECTOR('',#6925,1.);
#6925 = DIRECTION('',(9.003329844341E-33,-1.,2.22044604925E-16));
#6926 = ORIENTED_EDGE('',*,*,#6927,.F.);
#6927 = EDGE_CURVE('',#6928,#6920,#6930,.T.);
#6928 = VERTEX_POINT('',#6929);
#6929 = CARTESIAN_POINT('',(0.1,1.08,0.945));
#6930 = LINE('',#6931,#6932);
#6931 = CARTESIAN_POINT('',(-4.75,1.08,0.945));
#6932 = VECTOR('',#6933,1.);
#6933 = DIRECTION('',(1.,0.,0.));
#6934 = ORIENTED_EDGE('',*,*,#6935,.F.);
#6935 = EDGE_CURVE('',#6936,#6928,#6938,.T.);
#6936 = VERTEX_POINT('',#6937);
#6937 = CARTESIAN_POINT('',(0.1,1.1054,0.945));
#6938 = LINE('',#6939,#6940);
#6939 = CARTESIAN_POINT('',(0.1,0.796465540115,0.945));
#6940 = VECTOR('',#6941,1.);
#6941 = DIRECTION('',(9.003329844341E-33,-1.,2.22044604925E-16));
#6942 = ORIENTED_EDGE('',*,*,#6943,.T.);
#6943 = EDGE_CURVE('',#6936,#6944,#6946,.T.);
#6944 = VERTEX_POINT('',#6945);
#6945 = CARTESIAN_POINT('',(-0.1,1.1054,0.945));
#6946 = LINE('',#6947,#6948);
#6947 = CARTESIAN_POINT('',(-2.425,1.1054,0.945));
#6948 = VECTOR('',#6949,1.);
#6949 = DIRECTION('',(-1.,0.,0.));
#6950 = ORIENTED_EDGE('',*,*,#6951,.T.);
#6951 = EDGE_CURVE('',#6944,#6952,#6954,.T.);
#6952 = VERTEX_POINT('',#6953);
#6953 = CARTESIAN_POINT('',(-0.1,1.08,0.945));
#6954 = LINE('',#6955,#6956);
#6955 = CARTESIAN_POINT('',(-0.1,0.796465540115,0.945));
#6956 = VECTOR('',#6957,1.);
#6957 = DIRECTION('',(9.003329844341E-33,-1.,2.22044604925E-16));
#6958 = ORIENTED_EDGE('',*,*,#6959,.F.);
#6959 = EDGE_CURVE('',#6960,#6952,#6962,.T.);
#6960 = VERTEX_POINT('',#6961);
#6961 = CARTESIAN_POINT('',(-1.15,1.08,0.945));
#6962 = LINE('',#6963,#6964);
#6963 = CARTESIAN_POINT('',(-4.75,1.08,0.945));
#6964 = VECTOR('',#6965,1.);
#6965 = DIRECTION('',(1.,0.,0.));
#6966 = ORIENTED_EDGE('',*,*,#6967,.F.);
#6967 = EDGE_CURVE('',#6968,#6960,#6970,.T.);
#6968 = VERTEX_POINT('',#6969);
#6969 = CARTESIAN_POINT('',(-1.15,1.1054,0.945));
#6970 = LINE('',#6971,#6972);
#6971 = CARTESIAN_POINT('',(-1.15,0.796465540115,0.945));
#6972 = VECTOR('',#6973,1.);
#6973 = DIRECTION('',(9.003329844341E-33,-1.,2.22044604925E-16));
#6974 = ORIENTED_EDGE('',*,*,#6975,.T.);
#6975 = EDGE_CURVE('',#6968,#6976,#6978,.T.);
#6976 = VERTEX_POINT('',#6977);
#6977 = CARTESIAN_POINT('',(-1.35,1.1054,0.945));
#6978 = LINE('',#6979,#6980);
#6979 = CARTESIAN_POINT('',(-3.05,1.1054,0.945));
#6980 = VECTOR('',#6981,1.);
#6981 = DIRECTION('',(-1.,0.,0.));
#6982 = ORIENTED_EDGE('',*,*,#6983,.T.);
#6983 = EDGE_CURVE('',#6976,#6984,#6986,.T.);
#6984 = VERTEX_POINT('',#6985);
#6985 = CARTESIAN_POINT('',(-1.35,1.08,0.945));
#6986 = LINE('',#6987,#6988);
#6987 = CARTESIAN_POINT('',(-1.35,0.796465540115,0.945));
#6988 = VECTOR('',#6989,1.);
#6989 = DIRECTION('',(9.003329844341E-33,-1.,2.22044604925E-16));
#6990 = ORIENTED_EDGE('',*,*,#6991,.F.);
#6991 = EDGE_CURVE('',#6992,#6984,#6994,.T.);
#6992 = VERTEX_POINT('',#6993);
#6993 = CARTESIAN_POINT('',(-2.4,1.08,0.945));
#6994 = LINE('',#6995,#6996);
#6995 = CARTESIAN_POINT('',(-4.75,1.08,0.945));
#6996 = VECTOR('',#6997,1.);
#6997 = DIRECTION('',(1.,0.,0.));
#6998 = ORIENTED_EDGE('',*,*,#6999,.F.);
#6999 = EDGE_CURVE('',#7000,#6992,#7002,.T.);
#7000 = VERTEX_POINT('',#7001);
#7001 = CARTESIAN_POINT('',(-2.4,1.1054,0.945));
#7002 = LINE('',#7003,#7004);
#7003 = CARTESIAN_POINT('',(-2.4,0.796465540115,0.945));
#7004 = VECTOR('',#7005,1.);
#7005 = DIRECTION('',(9.003329844341E-33,-1.,2.22044604925E-16));
#7006 = ORIENTED_EDGE('',*,*,#7007,.T.);
#7007 = EDGE_CURVE('',#7000,#7008,#7010,.T.);
#7008 = VERTEX_POINT('',#7009);
#7009 = CARTESIAN_POINT('',(-2.6,1.1054,0.945));
#7010 = LINE('',#7011,#7012);
#7011 = CARTESIAN_POINT('',(-3.675,1.1054,0.945));
#7012 = VECTOR('',#7013,1.);
#7013 = DIRECTION('',(-1.,0.,0.));
#7014 = ORIENTED_EDGE('',*,*,#7015,.T.);
#7015 = EDGE_CURVE('',#7008,#7016,#7018,.T.);
#7016 = VERTEX_POINT('',#7017);
#7017 = CARTESIAN_POINT('',(-2.6,1.08,0.945));
#7018 = LINE('',#7019,#7020);
#7019 = CARTESIAN_POINT('',(-2.6,0.796465540115,0.945));
#7020 = VECTOR('',#7021,1.);
#7021 = DIRECTION('',(9.003329844341E-33,-1.,2.22044604925E-16));
#7022 = ORIENTED_EDGE('',*,*,#7023,.F.);
#7023 = EDGE_CURVE('',#5705,#7016,#7024,.T.);
#7024 = LINE('',#7025,#7026);
#7025 = CARTESIAN_POINT('',(-4.75,1.08,0.945));
#7026 = VECTOR('',#7027,1.);
#7027 = DIRECTION('',(1.,0.,0.));
#7028 = PLANE('',#7029);
#7029 = AXIS2_PLACEMENT_3D('',#7030,#7031,#7032);
#7030 = CARTESIAN_POINT('',(-4.75,1.58,0.945));
#7031 = DIRECTION('',(0.,-2.22044604925E-16,-1.));
#7032 = DIRECTION('',(0.,-1.,2.22044604925E-16));
#7033 = ADVANCED_FACE('',(#7034),#7052,.T.);
#7034 = FACE_BOUND('',#7035,.T.);
#7035 = EDGE_LOOP('',(#7036,#7037,#7038,#7046));
#7036 = ORIENTED_EDGE('',*,*,#5704,.F.);
#7037 = ORIENTED_EDGE('',*,*,#7023,.T.);
#7038 = ORIENTED_EDGE('',*,*,#7039,.T.);
#7039 = EDGE_CURVE('',#7016,#7040,#7042,.T.);
#7040 = VERTEX_POINT('',#7041);
#7041 = CARTESIAN_POINT('',(-2.6,1.08,0.195));
#7042 = LINE('',#7043,#7044);
#7043 = CARTESIAN_POINT('',(-2.6,1.08,1.036141805844));
#7044 = VECTOR('',#7045,1.);
#7045 = DIRECTION('',(9.245679891946E-32,-2.22044604925E-16,-1.));
#7046 = ORIENTED_EDGE('',*,*,#7047,.F.);
#7047 = EDGE_CURVE('',#5697,#7040,#7048,.T.);
#7048 = LINE('',#7049,#7050);
#7049 = CARTESIAN_POINT('',(-4.75,1.08,0.195));
#7050 = VECTOR('',#7051,1.);
#7051 = DIRECTION('',(1.,0.,0.));
#7052 = PLANE('',#7053);
#7053 = AXIS2_PLACEMENT_3D('',#7054,#7055,#7056);
#7054 = CARTESIAN_POINT('',(-4.75,1.08,0.945));
#7055 = DIRECTION('',(0.,1.,-2.22044604925E-16));
#7056 = DIRECTION('',(0.,-2.22044604925E-16,-1.));
#7057 = ADVANCED_FACE('',(#7058),#7076,.T.);
#7058 = FACE_BOUND('',#7059,.T.);
#7059 = EDGE_LOOP('',(#7060,#7061,#7062,#7070));
#7060 = ORIENTED_EDGE('',*,*,#5696,.F.);
#7061 = ORIENTED_EDGE('',*,*,#7047,.T.);
#7062 = ORIENTED_EDGE('',*,*,#7063,.T.);
#7063 = EDGE_CURVE('',#7040,#7064,#7066,.T.);
#7064 = VERTEX_POINT('',#7065);
#7065 = CARTESIAN_POINT('',(-2.6,0.93,0.195));
#7066 = LINE('',#7067,#7068);
#7067 = CARTESIAN_POINT('',(-2.6,0.546465540115,0.195));
#7068 = VECTOR('',#7069,1.);
#7069 = DIRECTION('',(9.003329844341E-33,-1.,2.22044604925E-16));
#7070 = ORIENTED_EDGE('',*,*,#7071,.F.);
#7071 = EDGE_CURVE('',#5689,#7064,#7072,.T.);
#7072 = LINE('',#7073,#7074);
#7073 = CARTESIAN_POINT('',(-4.75,0.93,0.195));
#7074 = VECTOR('',#7075,1.);
#7075 = DIRECTION('',(1.,0.,0.));
#7076 = PLANE('',#7077);
#7077 = AXIS2_PLACEMENT_3D('',#7078,#7079,#7080);
#7078 = CARTESIAN_POINT('',(-4.75,1.08,0.195));
#7079 = DIRECTION('',(0.,-2.22044604925E-16,-1.));
#7080 = DIRECTION('',(0.,-1.,2.22044604925E-16));
#7081 = ADVANCED_FACE('',(#7082),#7253,.T.);
#7082 = FACE_BOUND('',#7083,.T.);
#7083 = EDGE_LOOP('',(#7084,#7085,#7086,#7094,#7102,#7110,#7118,#7126,
    #7134,#7142,#7150,#7158,#7166,#7174,#7182,#7190,#7198,#7206,#7214,
    #7222,#7230,#7238,#7246,#7252));
#7084 = ORIENTED_EDGE('',*,*,#5688,.F.);
#7085 = ORIENTED_EDGE('',*,*,#7071,.T.);
#7086 = ORIENTED_EDGE('',*,*,#7087,.T.);
#7087 = EDGE_CURVE('',#7064,#7088,#7090,.T.);
#7088 = VERTEX_POINT('',#7089);
#7089 = CARTESIAN_POINT('',(-2.6,0.93,-3.492429378532E-04));
#7090 = LINE('',#7091,#7092);
#7091 = CARTESIAN_POINT('',(-2.6,0.93,0.661141805844));
#7092 = VECTOR('',#7093,1.);
#7093 = DIRECTION('',(9.245679891946E-32,-2.22044604925E-16,-1.));
#7094 = ORIENTED_EDGE('',*,*,#7095,.T.);
#7095 = EDGE_CURVE('',#7088,#7096,#7098,.T.);
#7096 = VERTEX_POINT('',#7097);
#7097 = CARTESIAN_POINT('',(-2.4,0.93,-3.492429378532E-04));
#7098 = LINE('',#7099,#7100);
#7099 = CARTESIAN_POINT('',(-3.675,0.93,-3.492429378532E-04));
#7100 = VECTOR('',#7101,1.);
#7101 = DIRECTION('',(1.,0.,0.));
#7102 = ORIENTED_EDGE('',*,*,#7103,.F.);
#7103 = EDGE_CURVE('',#7104,#7096,#7106,.T.);
#7104 = VERTEX_POINT('',#7105);
#7105 = CARTESIAN_POINT('',(-2.4,0.93,0.195));
#7106 = LINE('',#7107,#7108);
#7107 = CARTESIAN_POINT('',(-2.4,0.93,0.661141805844));
#7108 = VECTOR('',#7109,1.);
#7109 = DIRECTION('',(9.245679891946E-32,-2.22044604925E-16,-1.));
#7110 = ORIENTED_EDGE('',*,*,#7111,.T.);
#7111 = EDGE_CURVE('',#7104,#7112,#7114,.T.);
#7112 = VERTEX_POINT('',#7113);
#7113 = CARTESIAN_POINT('',(-1.35,0.93,0.195));
#7114 = LINE('',#7115,#7116);
#7115 = CARTESIAN_POINT('',(-4.75,0.93,0.195));
#7116 = VECTOR('',#7117,1.);
#7117 = DIRECTION('',(1.,0.,0.));
#7118 = ORIENTED_EDGE('',*,*,#7119,.T.);
#7119 = EDGE_CURVE('',#7112,#7120,#7122,.T.);
#7120 = VERTEX_POINT('',#7121);
#7121 = CARTESIAN_POINT('',(-1.35,0.93,-3.492429378532E-04));
#7122 = LINE('',#7123,#7124);
#7123 = CARTESIAN_POINT('',(-1.35,0.93,0.661141805844));
#7124 = VECTOR('',#7125,1.);
#7125 = DIRECTION('',(9.245679891946E-32,-2.22044604925E-16,-1.));
#7126 = ORIENTED_EDGE('',*,*,#7127,.T.);
#7127 = EDGE_CURVE('',#7120,#7128,#7130,.T.);
#7128 = VERTEX_POINT('',#7129);
#7129 = CARTESIAN_POINT('',(-1.15,0.93,-3.492429378532E-04));
#7130 = LINE('',#7131,#7132);
#7131 = CARTESIAN_POINT('',(-3.05,0.93,-3.492429378532E-04));
#7132 = VECTOR('',#7133,1.);
#7133 = DIRECTION('',(1.,0.,0.));
#7134 = ORIENTED_EDGE('',*,*,#7135,.F.);
#7135 = EDGE_CURVE('',#7136,#7128,#7138,.T.);
#7136 = VERTEX_POINT('',#7137);
#7137 = CARTESIAN_POINT('',(-1.15,0.93,0.195));
#7138 = LINE('',#7139,#7140);
#7139 = CARTESIAN_POINT('',(-1.15,0.93,0.661141805844));
#7140 = VECTOR('',#7141,1.);
#7141 = DIRECTION('',(9.245679891946E-32,-2.22044604925E-16,-1.));
#7142 = ORIENTED_EDGE('',*,*,#7143,.T.);
#7143 = EDGE_CURVE('',#7136,#7144,#7146,.T.);
#7144 = VERTEX_POINT('',#7145);
#7145 = CARTESIAN_POINT('',(-0.1,0.93,0.195));
#7146 = LINE('',#7147,#7148);
#7147 = CARTESIAN_POINT('',(-4.75,0.93,0.195));
#7148 = VECTOR('',#7149,1.);
#7149 = DIRECTION('',(1.,0.,0.));
#7150 = ORIENTED_EDGE('',*,*,#7151,.T.);
#7151 = EDGE_CURVE('',#7144,#7152,#7154,.T.);
#7152 = VERTEX_POINT('',#7153);
#7153 = CARTESIAN_POINT('',(-0.1,0.93,-3.492429378532E-04));
#7154 = LINE('',#7155,#7156);
#7155 = CARTESIAN_POINT('',(-0.1,0.93,0.661141805844));
#7156 = VECTOR('',#7157,1.);
#7157 = DIRECTION('',(9.245679891946E-32,-2.22044604925E-16,-1.));
#7158 = ORIENTED_EDGE('',*,*,#7159,.T.);
#7159 = EDGE_CURVE('',#7152,#7160,#7162,.T.);
#7160 = VERTEX_POINT('',#7161);
#7161 = CARTESIAN_POINT('',(0.1,0.93,-3.492429378532E-04));
#7162 = LINE('',#7163,#7164);
#7163 = CARTESIAN_POINT('',(-2.425,0.93,-3.492429378532E-04));
#7164 = VECTOR('',#7165,1.);
#7165 = DIRECTION('',(1.,0.,0.));
#7166 = ORIENTED_EDGE('',*,*,#7167,.F.);
#7167 = EDGE_CURVE('',#7168,#7160,#7170,.T.);
#7168 = VERTEX_POINT('',#7169);
#7169 = CARTESIAN_POINT('',(0.1,0.93,0.195));
#7170 = LINE('',#7171,#7172);
#7171 = CARTESIAN_POINT('',(0.1,0.93,0.661141805844));
#7172 = VECTOR('',#7173,1.);
#7173 = DIRECTION('',(9.245679891946E-32,-2.22044604925E-16,-1.));
#7174 = ORIENTED_EDGE('',*,*,#7175,.T.);
#7175 = EDGE_CURVE('',#7168,#7176,#7178,.T.);
#7176 = VERTEX_POINT('',#7177);
#7177 = CARTESIAN_POINT('',(1.15,0.93,0.195));
#7178 = LINE('',#7179,#7180);
#7179 = CARTESIAN_POINT('',(-4.75,0.93,0.195));
#7180 = VECTOR('',#7181,1.);
#7181 = DIRECTION('',(1.,0.,0.));
#7182 = ORIENTED_EDGE('',*,*,#7183,.T.);
#7183 = EDGE_CURVE('',#7176,#7184,#7186,.T.);
#7184 = VERTEX_POINT('',#7185);
#7185 = CARTESIAN_POINT('',(1.15,0.93,-3.492429378532E-04));
#7186 = LINE('',#7187,#7188);
#7187 = CARTESIAN_POINT('',(1.15,0.93,0.661141805844));
#7188 = VECTOR('',#7189,1.);
#7189 = DIRECTION('',(9.245679891946E-32,-2.22044604925E-16,-1.));
#7190 = ORIENTED_EDGE('',*,*,#7191,.T.);
#7191 = EDGE_CURVE('',#7184,#7192,#7194,.T.);
#7192 = VERTEX_POINT('',#7193);
#7193 = CARTESIAN_POINT('',(1.35,0.93,-3.492429378532E-04));
#7194 = LINE('',#7195,#7196);
#7195 = CARTESIAN_POINT('',(-1.8,0.93,-3.492429378532E-04));
#7196 = VECTOR('',#7197,1.);
#7197 = DIRECTION('',(1.,0.,0.));
#7198 = ORIENTED_EDGE('',*,*,#7199,.F.);
#7199 = EDGE_CURVE('',#7200,#7192,#7202,.T.);
#7200 = VERTEX_POINT('',#7201);
#7201 = CARTESIAN_POINT('',(1.35,0.93,0.195));
#7202 = LINE('',#7203,#7204);
#7203 = CARTESIAN_POINT('',(1.35,0.93,0.661141805844));
#7204 = VECTOR('',#7205,1.);
#7205 = DIRECTION('',(9.245679891946E-32,-2.22044604925E-16,-1.));
#7206 = ORIENTED_EDGE('',*,*,#7207,.T.);
#7207 = EDGE_CURVE('',#7200,#7208,#7210,.T.);
#7208 = VERTEX_POINT('',#7209);
#7209 = CARTESIAN_POINT('',(2.4,0.93,0.195));
#7210 = LINE('',#7211,#7212);
#7211 = CARTESIAN_POINT('',(-4.75,0.93,0.195));
#7212 = VECTOR('',#7213,1.);
#7213 = DIRECTION('',(1.,0.,0.));
#7214 = ORIENTED_EDGE('',*,*,#7215,.T.);
#7215 = EDGE_CURVE('',#7208,#7216,#7218,.T.);
#7216 = VERTEX_POINT('',#7217);
#7217 = CARTESIAN_POINT('',(2.4,0.93,-3.492429378532E-04));
#7218 = LINE('',#7219,#7220);
#7219 = CARTESIAN_POINT('',(2.4,0.93,0.661141805844));
#7220 = VECTOR('',#7221,1.);
#7221 = DIRECTION('',(9.245679891946E-32,-2.22044604925E-16,-1.));
#7222 = ORIENTED_EDGE('',*,*,#7223,.T.);
#7223 = EDGE_CURVE('',#7216,#7224,#7226,.T.);
#7224 = VERTEX_POINT('',#7225);
#7225 = CARTESIAN_POINT('',(2.6,0.93,-3.492429378532E-04));
#7226 = LINE('',#7227,#7228);
#7227 = CARTESIAN_POINT('',(-1.175,0.93,-3.492429378532E-04));
#7228 = VECTOR('',#7229,1.);
#7229 = DIRECTION('',(1.,0.,0.));
#7230 = ORIENTED_EDGE('',*,*,#7231,.F.);
#7231 = EDGE_CURVE('',#7232,#7224,#7234,.T.);
#7232 = VERTEX_POINT('',#7233);
#7233 = CARTESIAN_POINT('',(2.6,0.93,0.195));
#7234 = LINE('',#7235,#7236);
#7235 = CARTESIAN_POINT('',(2.6,0.93,0.661141805844));
#7236 = VECTOR('',#7237,1.);
#7237 = DIRECTION('',(9.245679891946E-32,-2.22044604925E-16,-1.));
#7238 = ORIENTED_EDGE('',*,*,#7239,.T.);
#7239 = EDGE_CURVE('',#7232,#7240,#7242,.T.);
#7240 = VERTEX_POINT('',#7241);
#7241 = CARTESIAN_POINT('',(4.75,0.93,0.195));
#7242 = LINE('',#7243,#7244);
#7243 = CARTESIAN_POINT('',(-4.75,0.93,0.195));
#7244 = VECTOR('',#7245,1.);
#7245 = DIRECTION('',(1.,0.,0.));
#7246 = ORIENTED_EDGE('',*,*,#7247,.T.);
#7247 = EDGE_CURVE('',#7240,#5815,#7248,.T.);
#7248 = LINE('',#7249,#7250);
#7249 = CARTESIAN_POINT('',(4.75,0.93,0.195));
#7250 = VECTOR('',#7251,1.);
#7251 = DIRECTION('',(0.,-2.22044604925E-16,-1.));
#7252 = ORIENTED_EDGE('',*,*,#5814,.F.);
#7253 = PLANE('',#7254);
#7254 = AXIS2_PLACEMENT_3D('',#7255,#7256,#7257);
#7255 = CARTESIAN_POINT('',(-4.75,0.93,0.195));
#7256 = DIRECTION('',(0.,1.,-2.22044604925E-16));
#7257 = DIRECTION('',(0.,-2.22044604925E-16,-1.));
#7258 = ADVANCED_FACE('',(#7259),#7341,.T.);
#7259 = FACE_BOUND('',#7260,.T.);
#7260 = EDGE_LOOP('',(#7261,#7262,#7263,#7271,#7277,#7278,#7279,#7287,
    #7295,#7303,#7309,#7310,#7311,#7319,#7327,#7335));
#7261 = ORIENTED_EDGE('',*,*,#5863,.F.);
#7262 = ORIENTED_EDGE('',*,*,#7247,.F.);
#7263 = ORIENTED_EDGE('',*,*,#7264,.F.);
#7264 = EDGE_CURVE('',#7265,#7240,#7267,.T.);
#7265 = VERTEX_POINT('',#7266);
#7266 = CARTESIAN_POINT('',(4.75,1.08,0.195));
#7267 = LINE('',#7268,#7269);
#7268 = CARTESIAN_POINT('',(4.75,1.08,0.195));
#7269 = VECTOR('',#7270,1.);
#7270 = DIRECTION('',(0.,-1.,2.22044604925E-16));
#7271 = ORIENTED_EDGE('',*,*,#7272,.F.);
#7272 = EDGE_CURVE('',#6856,#7265,#7273,.T.);
#7273 = LINE('',#7274,#7275);
#7274 = CARTESIAN_POINT('',(4.75,1.08,0.945));
#7275 = VECTOR('',#7276,1.);
#7276 = DIRECTION('',(0.,-2.22044604925E-16,-1.));
#7277 = ORIENTED_EDGE('',*,*,#6855,.F.);
#7278 = ORIENTED_EDGE('',*,*,#6781,.T.);
#7279 = ORIENTED_EDGE('',*,*,#7280,.T.);
#7280 = EDGE_CURVE('',#6782,#7281,#7283,.T.);
#7281 = VERTEX_POINT('',#7282);
#7282 = CARTESIAN_POINT('',(4.75,0.98,1.995));
#7283 = LINE('',#7284,#7285);
#7284 = CARTESIAN_POINT('',(4.75,1.58,1.995));
#7285 = VECTOR('',#7286,1.);
#7286 = DIRECTION('',(0.,-1.,2.22044604925E-16));
#7287 = ORIENTED_EDGE('',*,*,#7288,.T.);
#7288 = EDGE_CURVE('',#7281,#7289,#7291,.T.);
#7289 = VERTEX_POINT('',#7290);
#7290 = CARTESIAN_POINT('',(4.75,0.98,3.595));
#7291 = LINE('',#7292,#7293);
#7292 = CARTESIAN_POINT('',(4.75,0.98,1.995));
#7293 = VECTOR('',#7294,1.);
#7294 = DIRECTION('',(0.,2.22044604925E-16,1.));
#7295 = ORIENTED_EDGE('',*,*,#7296,.T.);
#7296 = EDGE_CURVE('',#7289,#7297,#7299,.T.);
#7297 = VERTEX_POINT('',#7298);
#7298 = CARTESIAN_POINT('',(4.75,-0.32,3.595));
#7299 = LINE('',#7300,#7301);
#7300 = CARTESIAN_POINT('',(4.75,0.98,3.595));
#7301 = VECTOR('',#7302,1.);
#7302 = DIRECTION('',(0.,-1.,2.22044604925E-16));
#7303 = ORIENTED_EDGE('',*,*,#7304,.T.);
#7304 = EDGE_CURVE('',#7297,#6647,#7305,.T.);
#7305 = LINE('',#7306,#7307);
#7306 = CARTESIAN_POINT('',(4.75,-0.32,3.595));
#7307 = VECTOR('',#7308,1.);
#7308 = DIRECTION('',(0.,2.22044604925E-16,1.));
#7309 = ORIENTED_EDGE('',*,*,#6646,.T.);
#7310 = ORIENTED_EDGE('',*,*,#6110,.F.);
#7311 = ORIENTED_EDGE('',*,*,#7312,.T.);
#7312 = EDGE_CURVE('',#6103,#7313,#7315,.T.);
#7313 = VERTEX_POINT('',#7314);
#7314 = CARTESIAN_POINT('',(4.75,-1.82,1.945));
#7315 = LINE('',#7316,#7317);
#7316 = CARTESIAN_POINT('',(4.75,-2.47,1.945));
#7317 = VECTOR('',#7318,1.);
#7318 = DIRECTION('',(0.,1.,-2.22044604925E-16));
#7319 = ORIENTED_EDGE('',*,*,#7320,.T.);
#7320 = EDGE_CURVE('',#7313,#7321,#7323,.T.);
#7321 = VERTEX_POINT('',#7322);
#7322 = CARTESIAN_POINT('',(4.75,-1.82,0.595));
#7323 = LINE('',#7324,#7325);
#7324 = CARTESIAN_POINT('',(4.75,-1.82,1.945));
#7325 = VECTOR('',#7326,1.);
#7326 = DIRECTION('',(0.,-2.22044604925E-16,-1.));
#7327 = ORIENTED_EDGE('',*,*,#7328,.T.);
#7328 = EDGE_CURVE('',#7321,#7329,#7331,.T.);
#7329 = VERTEX_POINT('',#7330);
#7330 = CARTESIAN_POINT('',(4.75,-0.22,0.595));
#7331 = LINE('',#7332,#7333);
#7332 = CARTESIAN_POINT('',(4.75,-1.82,0.595));
#7333 = VECTOR('',#7334,1.);
#7334 = DIRECTION('',(0.,1.,-2.22044604925E-16));
#7335 = ORIENTED_EDGE('',*,*,#7336,.T.);
#7336 = EDGE_CURVE('',#7329,#5856,#7337,.T.);
#7337 = LINE('',#7338,#7339);
#7338 = CARTESIAN_POINT('',(4.75,-0.22,0.595));
#7339 = VECTOR('',#7340,1.);
#7340 = DIRECTION('',(0.,-2.22044604925E-16,-1.));
#7341 = PLANE('',#7342);
#7342 = AXIS2_PLACEMENT_3D('',#7343,#7344,#7345);
#7343 = CARTESIAN_POINT('',(4.75,1.58,-5.E-03));
#7344 = DIRECTION('',(1.,0.,0.));
#7345 = DIRECTION('',(0.,-1.,2.22044604925E-16));
#7346 = ADVANCED_FACE('',(#7347),#7381,.F.);
#7347 = FACE_BOUND('',#7348,.F.);
#7348 = EDGE_LOOP('',(#7349,#7359,#7365,#7366,#7367,#7375));
#7349 = ORIENTED_EDGE('',*,*,#7350,.T.);
#7350 = EDGE_CURVE('',#7351,#7353,#7355,.T.);
#7351 = VERTEX_POINT('',#7352);
#7352 = CARTESIAN_POINT('',(4.45,-0.22,0.37));
#7353 = VERTEX_POINT('',#7354);
#7354 = CARTESIAN_POINT('',(4.45,-0.22,0.595));
#7355 = LINE('',#7356,#7357);
#7356 = CARTESIAN_POINT('',(4.45,-0.22,0.807892234548));
#7357 = VECTOR('',#7358,1.);
#7358 = DIRECTION('',(0.,2.22044604925E-16,1.));
#7359 = ORIENTED_EDGE('',*,*,#7360,.T.);
#7360 = EDGE_CURVE('',#7353,#7329,#7361,.T.);
#7361 = LINE('',#7362,#7363);
#7362 = CARTESIAN_POINT('',(4.25,-0.22,0.595));
#7363 = VECTOR('',#7364,1.);
#7364 = DIRECTION('',(1.,0.,0.));
#7365 = ORIENTED_EDGE('',*,*,#7336,.T.);
#7366 = ORIENTED_EDGE('',*,*,#5855,.F.);
#7367 = ORIENTED_EDGE('',*,*,#7368,.F.);
#7368 = EDGE_CURVE('',#7369,#5848,#7371,.T.);
#7369 = VERTEX_POINT('',#7370);
#7370 = CARTESIAN_POINT('',(4.25,-0.22,0.37));
#7371 = LINE('',#7372,#7373);
#7372 = CARTESIAN_POINT('',(4.25,-0.22,0.595));
#7373 = VECTOR('',#7374,1.);
#7374 = DIRECTION('',(0.,-2.22044604925E-16,-1.));
#7375 = ORIENTED_EDGE('',*,*,#7376,.F.);
#7376 = EDGE_CURVE('',#7351,#7369,#7377,.T.);
#7377 = LINE('',#7378,#7379);
#7378 = CARTESIAN_POINT('',(4.25,-0.22,0.37));
#7379 = VECTOR('',#7380,1.);
#7380 = DIRECTION('',(-1.,0.,0.));
#7381 = PLANE('',#7382);
#7382 = AXIS2_PLACEMENT_3D('',#7383,#7384,#7385);
#7383 = CARTESIAN_POINT('',(4.25,-0.22,0.595));
#7384 = DIRECTION('',(0.,1.,-2.22044604925E-16));
#7385 = DIRECTION('',(0.,-2.22044604925E-16,-1.));
#7386 = ADVANCED_FACE('',(#7387),#7414,.F.);
#7387 = FACE_BOUND('',#7388,.F.);
#7388 = EDGE_LOOP('',(#7389,#7390,#7391,#7399,#7407,#7413));
#7389 = ORIENTED_EDGE('',*,*,#5847,.T.);
#7390 = ORIENTED_EDGE('',*,*,#6062,.T.);
#7391 = ORIENTED_EDGE('',*,*,#7392,.F.);
#7392 = EDGE_CURVE('',#7393,#6063,#7395,.T.);
#7393 = VERTEX_POINT('',#7394);
#7394 = CARTESIAN_POINT('',(4.25,-0.255,-1.665334536938E-16));
#7395 = LINE('',#7396,#7397);
#7396 = CARTESIAN_POINT('',(4.25,-0.255,-1.665334536938E-16));
#7397 = VECTOR('',#7398,1.);
#7398 = DIRECTION('',(0.,-1.,7.501506923143E-17));
#7399 = ORIENTED_EDGE('',*,*,#7400,.F.);
#7400 = EDGE_CURVE('',#7401,#7393,#7403,.T.);
#7401 = VERTEX_POINT('',#7402);
#7402 = CARTESIAN_POINT('',(4.25,-0.255,0.37));
#7403 = LINE('',#7404,#7405);
#7404 = CARTESIAN_POINT('',(4.25,-0.255,0.37));
#7405 = VECTOR('',#7406,1.);
#7406 = DIRECTION('',(0.,0.,-1.));
#7407 = ORIENTED_EDGE('',*,*,#7408,.F.);
#7408 = EDGE_CURVE('',#7369,#7401,#7409,.T.);
#7409 = LINE('',#7410,#7411);
#7410 = CARTESIAN_POINT('',(4.25,0.235,0.37));
#7411 = VECTOR('',#7412,1.);
#7412 = DIRECTION('',(0.,-1.,0.));
#7413 = ORIENTED_EDGE('',*,*,#7368,.T.);
#7414 = PLANE('',#7415);
#7415 = AXIS2_PLACEMENT_3D('',#7416,#7417,#7418);
#7416 = CARTESIAN_POINT('',(4.25,-1.602142857143,0.712857142857));
#7417 = DIRECTION('',(-1.,1.11927691467E-30,1.146375123746E-30));
#7418 = DIRECTION('',(-1.146375123746E-30,-2.22044604925E-16,-1.));
#7419 = ADVANCED_FACE('',(#7420),#7447,.T.);
#7420 = FACE_BOUND('',#7421,.T.);
#7421 = EDGE_LOOP('',(#7422,#7423,#7424,#7432,#7440,#7446));
#7422 = ORIENTED_EDGE('',*,*,#5831,.T.);
#7423 = ORIENTED_EDGE('',*,*,#6055,.T.);
#7424 = ORIENTED_EDGE('',*,*,#7425,.F.);
#7425 = EDGE_CURVE('',#7426,#6048,#7428,.T.);
#7426 = VERTEX_POINT('',#7427);
#7427 = CARTESIAN_POINT('',(-4.25,-0.255,-1.665334536938E-16));
#7428 = LINE('',#7429,#7430);
#7429 = CARTESIAN_POINT('',(-4.25,-0.255,-1.665334536938E-16));
#7430 = VECTOR('',#7431,1.);
#7431 = DIRECTION('',(0.,-1.,7.501506923143E-17));
#7432 = ORIENTED_EDGE('',*,*,#7433,.F.);
#7433 = EDGE_CURVE('',#7434,#7426,#7436,.T.);
#7434 = VERTEX_POINT('',#7435);
#7435 = CARTESIAN_POINT('',(-4.25,-0.255,0.37));
#7436 = LINE('',#7437,#7438);
#7437 = CARTESIAN_POINT('',(-4.25,-0.255,0.37));
#7438 = VECTOR('',#7439,1.);
#7439 = DIRECTION('',(0.,0.,-1.));
#7440 = ORIENTED_EDGE('',*,*,#7441,.F.);
#7441 = EDGE_CURVE('',#5895,#7434,#7442,.T.);
#7442 = LINE('',#7443,#7444);
#7443 = CARTESIAN_POINT('',(-4.25,0.235,0.37));
#7444 = VECTOR('',#7445,1.);
#7445 = DIRECTION('',(0.,-1.,0.));
#7446 = ORIENTED_EDGE('',*,*,#5902,.T.);
#7447 = PLANE('',#7448);
#7448 = AXIS2_PLACEMENT_3D('',#7449,#7450,#7451);
#7449 = CARTESIAN_POINT('',(-4.25,-1.602142857143,0.712857142857));
#7450 = DIRECTION('',(-1.,1.11927691467E-30,1.146375123746E-30));
#7451 = DIRECTION('',(-1.146375123746E-30,-2.22044604925E-16,-1.));
#7452 = ADVANCED_FACE('',(#7453),#7471,.T.);
#7453 = FACE_BOUND('',#7454,.T.);
#7454 = EDGE_LOOP('',(#7455,#7463,#7464,#7465));
#7455 = ORIENTED_EDGE('',*,*,#7456,.F.);
#7456 = EDGE_CURVE('',#5887,#7457,#7459,.T.);
#7457 = VERTEX_POINT('',#7458);
#7458 = CARTESIAN_POINT('',(-4.45,-0.255,0.37));
#7459 = LINE('',#7460,#7461);
#7460 = CARTESIAN_POINT('',(-4.45,0.235,0.37));
#7461 = VECTOR('',#7462,1.);
#7462 = DIRECTION('',(0.,-1.,0.));
#7463 = ORIENTED_EDGE('',*,*,#5894,.F.);
#7464 = ORIENTED_EDGE('',*,*,#7441,.T.);
#7465 = ORIENTED_EDGE('',*,*,#7466,.F.);
#7466 = EDGE_CURVE('',#7457,#7434,#7467,.T.);
#7467 = LINE('',#7468,#7469);
#7468 = CARTESIAN_POINT('',(-4.45,-0.255,0.37));
#7469 = VECTOR('',#7470,1.);
#7470 = DIRECTION('',(1.,0.,0.));
#7471 = PLANE('',#7472);
#7472 = AXIS2_PLACEMENT_3D('',#7473,#7474,#7475);
#7473 = CARTESIAN_POINT('',(-4.45,0.235,0.37));
#7474 = DIRECTION('',(0.,0.,-1.));
#7475 = DIRECTION('',(0.,-1.,0.));
#7476 = ADVANCED_FACE('',(#7477),#7538,.T.);
#7477 = FACE_BOUND('',#7478,.T.);
#7478 = EDGE_LOOP('',(#7479,#7489,#7497,#7503,#7504,#7505,#7506,#7514,
    #7522,#7528,#7529,#7530,#7531,#7532));
#7479 = ORIENTED_EDGE('',*,*,#7480,.T.);
#7480 = EDGE_CURVE('',#7481,#7483,#7485,.T.);
#7481 = VERTEX_POINT('',#7482);
#7482 = CARTESIAN_POINT('',(-4.45,-0.255,-1.665334536938E-16));
#7483 = VERTEX_POINT('',#7484);
#7484 = CARTESIAN_POINT('',(-4.45,-2.475,0.));
#7485 = LINE('',#7486,#7487);
#7486 = CARTESIAN_POINT('',(-4.45,-0.255,-1.665334536938E-16));
#7487 = VECTOR('',#7488,1.);
#7488 = DIRECTION('',(0.,-1.,7.501506923143E-17));
#7489 = ORIENTED_EDGE('',*,*,#7490,.T.);
#7490 = EDGE_CURVE('',#7483,#7491,#7493,.T.);
#7491 = VERTEX_POINT('',#7492);
#7492 = CARTESIAN_POINT('',(-4.45,-2.475,2.05));
#7493 = LINE('',#7494,#7495);
#7494 = CARTESIAN_POINT('',(-4.45,-2.475,0.));
#7495 = VECTOR('',#7496,1.);
#7496 = DIRECTION('',(0.,0.,1.));
#7497 = ORIENTED_EDGE('',*,*,#7498,.T.);
#7498 = EDGE_CURVE('',#7491,#6024,#7499,.T.);
#7499 = LINE('',#7500,#7501);
#7500 = CARTESIAN_POINT('',(-4.45,-2.475,2.05));
#7501 = VECTOR('',#7502,1.);
#7502 = DIRECTION('',(0.,1.,0.));
#7503 = ORIENTED_EDGE('',*,*,#6023,.T.);
#7504 = ORIENTED_EDGE('',*,*,#6006,.F.);
#7505 = ORIENTED_EDGE('',*,*,#5950,.F.);
#7506 = ORIENTED_EDGE('',*,*,#7507,.T.);
#7507 = EDGE_CURVE('',#5951,#7508,#7510,.T.);
#7508 = VERTEX_POINT('',#7509);
#7509 = CARTESIAN_POINT('',(-4.45,-1.825,1.51));
#7510 = LINE('',#7511,#7512);
#7511 = CARTESIAN_POINT('',(-4.45,-0.275,1.51));
#7512 = VECTOR('',#7513,1.);
#7513 = DIRECTION('',(0.,-1.,0.));
#7514 = ORIENTED_EDGE('',*,*,#7515,.T.);
#7515 = EDGE_CURVE('',#7508,#7516,#7518,.T.);
#7516 = VERTEX_POINT('',#7517);
#7517 = CARTESIAN_POINT('',(-4.45,-1.825,0.8));
#7518 = LINE('',#7519,#7520);
#7519 = CARTESIAN_POINT('',(-4.45,-1.825,1.51));
#7520 = VECTOR('',#7521,1.);
#7521 = DIRECTION('',(0.,0.,-1.));
#7522 = ORIENTED_EDGE('',*,*,#7523,.T.);
#7523 = EDGE_CURVE('',#7516,#5975,#7524,.T.);
#7524 = LINE('',#7525,#7526);
#7525 = CARTESIAN_POINT('',(-4.45,-1.825,0.8));
#7526 = VECTOR('',#7527,1.);
#7527 = DIRECTION('',(0.,1.,0.));
#7528 = ORIENTED_EDGE('',*,*,#5982,.F.);
#7529 = ORIENTED_EDGE('',*,*,#5926,.F.);
#7530 = ORIENTED_EDGE('',*,*,#5886,.F.);
#7531 = ORIENTED_EDGE('',*,*,#7456,.T.);
#7532 = ORIENTED_EDGE('',*,*,#7533,.T.);
#7533 = EDGE_CURVE('',#7457,#7481,#7534,.T.);
#7534 = LINE('',#7535,#7536);
#7535 = CARTESIAN_POINT('',(-4.45,-0.255,0.37));
#7536 = VECTOR('',#7537,1.);
#7537 = DIRECTION('',(0.,0.,-1.));
#7538 = PLANE('',#7539);
#7539 = AXIS2_PLACEMENT_3D('',#7540,#7541,#7542);
#7540 = CARTESIAN_POINT('',(-4.45,-1.254889064976,1.020784469097));
#7541 = DIRECTION('',(-1.,-0.,-0.));
#7542 = DIRECTION('',(0.,0.,-1.));
#7543 = ADVANCED_FACE('',(#7544),#7562,.T.);
#7544 = FACE_BOUND('',#7545,.T.);
#7545 = EDGE_LOOP('',(#7546,#7547,#7555,#7561));
#7546 = ORIENTED_EDGE('',*,*,#7523,.F.);
#7547 = ORIENTED_EDGE('',*,*,#7548,.T.);
#7548 = EDGE_CURVE('',#7516,#7549,#7551,.T.);
#7549 = VERTEX_POINT('',#7550);
#7550 = CARTESIAN_POINT('',(-4.25,-1.825,0.8));
#7551 = LINE('',#7552,#7553);
#7552 = CARTESIAN_POINT('',(-4.45,-1.825,0.8));
#7553 = VECTOR('',#7554,1.);
#7554 = DIRECTION('',(1.,0.,0.));
#7555 = ORIENTED_EDGE('',*,*,#7556,.T.);
#7556 = EDGE_CURVE('',#7549,#5967,#7557,.T.);
#7557 = LINE('',#7558,#7559);
#7558 = CARTESIAN_POINT('',(-4.25,-1.825,0.8));
#7559 = VECTOR('',#7560,1.);
#7560 = DIRECTION('',(0.,1.,0.));
#7561 = ORIENTED_EDGE('',*,*,#5974,.F.);
#7562 = PLANE('',#7563);
#7563 = AXIS2_PLACEMENT_3D('',#7564,#7565,#7566);
#7564 = CARTESIAN_POINT('',(-4.45,-1.825,0.8));
#7565 = DIRECTION('',(0.,0.,1.));
#7566 = DIRECTION('',(0.,1.,0.));
#7567 = ADVANCED_FACE('',(#7568),#7586,.T.);
#7568 = FACE_BOUND('',#7569,.T.);
#7569 = EDGE_LOOP('',(#7570,#7578,#7579,#7580));
#7570 = ORIENTED_EDGE('',*,*,#7571,.F.);
#7571 = EDGE_CURVE('',#5959,#7572,#7574,.T.);
#7572 = VERTEX_POINT('',#7573);
#7573 = CARTESIAN_POINT('',(-4.25,-1.825,1.51));
#7574 = LINE('',#7575,#7576);
#7575 = CARTESIAN_POINT('',(-4.25,-0.275,1.51));
#7576 = VECTOR('',#7577,1.);
#7577 = DIRECTION('',(0.,-1.,0.));
#7578 = ORIENTED_EDGE('',*,*,#5966,.T.);
#7579 = ORIENTED_EDGE('',*,*,#7556,.F.);
#7580 = ORIENTED_EDGE('',*,*,#7581,.F.);
#7581 = EDGE_CURVE('',#7572,#7549,#7582,.T.);
#7582 = LINE('',#7583,#7584);
#7583 = CARTESIAN_POINT('',(-4.25,-1.825,1.51));
#7584 = VECTOR('',#7585,1.);
#7585 = DIRECTION('',(0.,0.,-1.));
#7586 = PLANE('',#7587);
#7587 = AXIS2_PLACEMENT_3D('',#7588,#7589,#7590);
#7588 = CARTESIAN_POINT('',(-4.25,-1.602142857143,0.712857142857));
#7589 = DIRECTION('',(-1.,1.11927691467E-30,1.146375123746E-30));
#7590 = DIRECTION('',(-1.146375123746E-30,-2.22044604925E-16,-1.));
#7591 = ADVANCED_FACE('',(#7592),#7603,.T.);
#7592 = FACE_BOUND('',#7593,.T.);
#7593 = EDGE_LOOP('',(#7594,#7595,#7596,#7597));
#7594 = ORIENTED_EDGE('',*,*,#7507,.F.);
#7595 = ORIENTED_EDGE('',*,*,#5958,.F.);
#7596 = ORIENTED_EDGE('',*,*,#7571,.T.);
#7597 = ORIENTED_EDGE('',*,*,#7598,.F.);
#7598 = EDGE_CURVE('',#7508,#7572,#7599,.T.);
#7599 = LINE('',#7600,#7601);
#7600 = CARTESIAN_POINT('',(-4.45,-1.825,1.51));
#7601 = VECTOR('',#7602,1.);
#7602 = DIRECTION('',(1.,0.,0.));
#7603 = PLANE('',#7604);
#7604 = AXIS2_PLACEMENT_3D('',#7605,#7606,#7607);
#7605 = CARTESIAN_POINT('',(-4.45,-0.275,1.51));
#7606 = DIRECTION('',(0.,0.,-1.));
#7607 = DIRECTION('',(0.,-1.,0.));
#7608 = ADVANCED_FACE('',(#7609),#7627,.F.);
#7609 = FACE_BOUND('',#7610,.F.);
#7610 = EDGE_LOOP('',(#7611,#7619,#7620,#7621));
#7611 = ORIENTED_EDGE('',*,*,#7612,.T.);
#7612 = EDGE_CURVE('',#7613,#6095,#7615,.T.);
#7613 = VERTEX_POINT('',#7614);
#7614 = CARTESIAN_POINT('',(4.45,-1.82,1.945));
#7615 = LINE('',#7616,#7617);
#7616 = CARTESIAN_POINT('',(4.45,-1.862444532488,1.945));
#7617 = VECTOR('',#7618,1.);
#7618 = DIRECTION('',(0.,-1.,2.22044604925E-16));
#7619 = ORIENTED_EDGE('',*,*,#6102,.T.);
#7620 = ORIENTED_EDGE('',*,*,#7312,.T.);
#7621 = ORIENTED_EDGE('',*,*,#7622,.F.);
#7622 = EDGE_CURVE('',#7613,#7313,#7623,.T.);
#7623 = LINE('',#7624,#7625);
#7624 = CARTESIAN_POINT('',(4.25,-1.82,1.945));
#7625 = VECTOR('',#7626,1.);
#7626 = DIRECTION('',(1.,0.,0.));
#7627 = PLANE('',#7628);
#7628 = AXIS2_PLACEMENT_3D('',#7629,#7630,#7631);
#7629 = CARTESIAN_POINT('',(4.25,-2.47,1.945));
#7630 = DIRECTION('',(0.,2.22044604925E-16,1.));
#7631 = DIRECTION('',(0.,1.,-2.22044604925E-16));
#7632 = ADVANCED_FACE('',(#7633),#7722,.F.);
#7633 = FACE_BOUND('',#7634,.F.);
#7634 = EDGE_LOOP('',(#7635,#7645,#7653,#7659,#7660,#7661,#7669,#7677,
    #7685,#7693,#7701,#7707,#7708,#7716));
#7635 = ORIENTED_EDGE('',*,*,#7636,.T.);
#7636 = EDGE_CURVE('',#7637,#7639,#7641,.T.);
#7637 = VERTEX_POINT('',#7638);
#7638 = CARTESIAN_POINT('',(4.45,-0.255,-1.665334536938E-16));
#7639 = VERTEX_POINT('',#7640);
#7640 = CARTESIAN_POINT('',(4.45,-2.475,0.));
#7641 = LINE('',#7642,#7643);
#7642 = CARTESIAN_POINT('',(4.45,-0.255,-1.665334536938E-16));
#7643 = VECTOR('',#7644,1.);
#7644 = DIRECTION('',(0.,-1.,7.501506923143E-17));
#7645 = ORIENTED_EDGE('',*,*,#7646,.T.);
#7646 = EDGE_CURVE('',#7639,#7647,#7649,.T.);
#7647 = VERTEX_POINT('',#7648);
#7648 = CARTESIAN_POINT('',(4.45,-2.475,2.05));
#7649 = LINE('',#7650,#7651);
#7650 = CARTESIAN_POINT('',(4.45,-2.475,0.));
#7651 = VECTOR('',#7652,1.);
#7652 = DIRECTION('',(0.,0.,1.));
#7653 = ORIENTED_EDGE('',*,*,#7654,.T.);
#7654 = EDGE_CURVE('',#7647,#6087,#7655,.T.);
#7655 = LINE('',#7656,#7657);
#7656 = CARTESIAN_POINT('',(4.45,-2.475,2.05));
#7657 = VECTOR('',#7658,1.);
#7658 = DIRECTION('',(0.,1.,0.));
#7659 = ORIENTED_EDGE('',*,*,#6094,.T.);
#7660 = ORIENTED_EDGE('',*,*,#7612,.F.);
#7661 = ORIENTED_EDGE('',*,*,#7662,.F.);
#7662 = EDGE_CURVE('',#7663,#7613,#7665,.T.);
#7663 = VERTEX_POINT('',#7664);
#7664 = CARTESIAN_POINT('',(4.45,-1.82,1.51));
#7665 = LINE('',#7666,#7667);
#7666 = CARTESIAN_POINT('',(4.45,-1.82,1.482892234548));
#7667 = VECTOR('',#7668,1.);
#7668 = DIRECTION('',(0.,2.22044604925E-16,1.));
#7669 = ORIENTED_EDGE('',*,*,#7670,.T.);
#7670 = EDGE_CURVE('',#7663,#7671,#7673,.T.);
#7671 = VERTEX_POINT('',#7672);
#7672 = CARTESIAN_POINT('',(4.45,-1.825,1.51));
#7673 = LINE('',#7674,#7675);
#7674 = CARTESIAN_POINT('',(4.45,-0.275,1.51));
#7675 = VECTOR('',#7676,1.);
#7676 = DIRECTION('',(0.,-1.,0.));
#7677 = ORIENTED_EDGE('',*,*,#7678,.T.);
#7678 = EDGE_CURVE('',#7671,#7679,#7681,.T.);
#7679 = VERTEX_POINT('',#7680);
#7680 = CARTESIAN_POINT('',(4.45,-1.825,0.8));
#7681 = LINE('',#7682,#7683);
#7682 = CARTESIAN_POINT('',(4.45,-1.825,1.51));
#7683 = VECTOR('',#7684,1.);
#7684 = DIRECTION('',(0.,0.,-1.));
#7685 = ORIENTED_EDGE('',*,*,#7686,.T.);
#7686 = EDGE_CURVE('',#7679,#7687,#7689,.T.);
#7687 = VERTEX_POINT('',#7688);
#7688 = CARTESIAN_POINT('',(4.45,-1.82,0.8));
#7689 = LINE('',#7690,#7691);
#7690 = CARTESIAN_POINT('',(4.45,-1.825,0.8));
#7691 = VECTOR('',#7692,1.);
#7692 = DIRECTION('',(0.,1.,0.));
#7693 = ORIENTED_EDGE('',*,*,#7694,.F.);
#7694 = EDGE_CURVE('',#7695,#7687,#7697,.T.);
#7695 = VERTEX_POINT('',#7696);
#7696 = CARTESIAN_POINT('',(4.45,-1.82,0.595));
#7697 = LINE('',#7698,#7699);
#7698 = CARTESIAN_POINT('',(4.45,-1.82,1.482892234548));
#7699 = VECTOR('',#7700,1.);
#7700 = DIRECTION('',(0.,2.22044604925E-16,1.));
#7701 = ORIENTED_EDGE('',*,*,#7702,.F.);
#7702 = EDGE_CURVE('',#7353,#7695,#7703,.T.);
#7703 = LINE('',#7704,#7705);
#7704 = CARTESIAN_POINT('',(4.45,-1.537444532488,0.595));
#7705 = VECTOR('',#7706,1.);
#7706 = DIRECTION('',(0.,-1.,2.22044604925E-16));
#7707 = ORIENTED_EDGE('',*,*,#7350,.F.);
#7708 = ORIENTED_EDGE('',*,*,#7709,.T.);
#7709 = EDGE_CURVE('',#7351,#7710,#7712,.T.);
#7710 = VERTEX_POINT('',#7711);
#7711 = CARTESIAN_POINT('',(4.45,-0.255,0.37));
#7712 = LINE('',#7713,#7714);
#7713 = CARTESIAN_POINT('',(4.45,0.235,0.37));
#7714 = VECTOR('',#7715,1.);
#7715 = DIRECTION('',(0.,-1.,0.));
#7716 = ORIENTED_EDGE('',*,*,#7717,.T.);
#7717 = EDGE_CURVE('',#7710,#7637,#7718,.T.);
#7718 = LINE('',#7719,#7720);
#7719 = CARTESIAN_POINT('',(4.45,-0.255,0.37));
#7720 = VECTOR('',#7721,1.);
#7721 = DIRECTION('',(0.,0.,-1.));
#7722 = PLANE('',#7723);
#7723 = AXIS2_PLACEMENT_3D('',#7724,#7725,#7726);
#7724 = CARTESIAN_POINT('',(4.45,-1.254889064976,1.020784469097));
#7725 = DIRECTION('',(-1.,-0.,-0.));
#7726 = DIRECTION('',(0.,0.,-1.));
#7727 = ADVANCED_FACE('',(#7728),#7746,.T.);
#7728 = FACE_BOUND('',#7729,.T.);
#7729 = EDGE_LOOP('',(#7730,#7738,#7744,#7745));
#7730 = ORIENTED_EDGE('',*,*,#7731,.F.);
#7731 = EDGE_CURVE('',#7732,#6079,#7734,.T.);
#7732 = VERTEX_POINT('',#7733);
#7733 = CARTESIAN_POINT('',(4.25,-2.475,2.05));
#7734 = LINE('',#7735,#7736);
#7735 = CARTESIAN_POINT('',(4.25,-2.475,2.05));
#7736 = VECTOR('',#7737,1.);
#7737 = DIRECTION('',(0.,1.,0.));
#7738 = ORIENTED_EDGE('',*,*,#7739,.T.);
#7739 = EDGE_CURVE('',#7732,#7647,#7740,.T.);
#7740 = LINE('',#7741,#7742);
#7741 = CARTESIAN_POINT('',(4.25,-2.475,2.05));
#7742 = VECTOR('',#7743,1.);
#7743 = DIRECTION('',(1.,0.,0.));
#7744 = ORIENTED_EDGE('',*,*,#7654,.T.);
#7745 = ORIENTED_EDGE('',*,*,#6086,.T.);
#7746 = PLANE('',#7747);
#7747 = AXIS2_PLACEMENT_3D('',#7748,#7749,#7750);
#7748 = CARTESIAN_POINT('',(4.25,-2.475,2.05));
#7749 = DIRECTION('',(0.,0.,1.));
#7750 = DIRECTION('',(0.,1.,0.));
#7751 = ADVANCED_FACE('',(#7752),#7771,.T.);
#7752 = FACE_BOUND('',#7753,.T.);
#7753 = EDGE_LOOP('',(#7754,#7762,#7768,#7769,#7770));
#7754 = ORIENTED_EDGE('',*,*,#7755,.T.);
#7755 = EDGE_CURVE('',#6063,#7756,#7758,.T.);
#7756 = VERTEX_POINT('',#7757);
#7757 = CARTESIAN_POINT('',(4.25,-2.475,0.));
#7758 = LINE('',#7759,#7760);
#7759 = CARTESIAN_POINT('',(4.25,-0.255,-1.665334536938E-16));
#7760 = VECTOR('',#7761,1.);
#7761 = DIRECTION('',(0.,-1.,7.501506923143E-17));
#7762 = ORIENTED_EDGE('',*,*,#7763,.T.);
#7763 = EDGE_CURVE('',#7756,#7732,#7764,.T.);
#7764 = LINE('',#7765,#7766);
#7765 = CARTESIAN_POINT('',(4.25,-2.475,0.));
#7766 = VECTOR('',#7767,1.);
#7767 = DIRECTION('',(0.,0.,1.));
#7768 = ORIENTED_EDGE('',*,*,#7731,.T.);
#7769 = ORIENTED_EDGE('',*,*,#6078,.T.);
#7770 = ORIENTED_EDGE('',*,*,#6070,.F.);
#7771 = PLANE('',#7772);
#7772 = AXIS2_PLACEMENT_3D('',#7773,#7774,#7775);
#7773 = CARTESIAN_POINT('',(4.25,-1.254889064976,1.020784469097));
#7774 = DIRECTION('',(-1.,-0.,-0.));
#7775 = DIRECTION('',(0.,0.,-1.));
#7776 = ADVANCED_FACE('',(#7777),#7803,.F.);
#7777 = FACE_BOUND('',#7778,.F.);
#7778 = EDGE_LOOP('',(#7779,#7787,#7795,#7801,#7802));
#7779 = ORIENTED_EDGE('',*,*,#7780,.T.);
#7780 = EDGE_CURVE('',#6048,#7781,#7783,.T.);
#7781 = VERTEX_POINT('',#7782);
#7782 = CARTESIAN_POINT('',(-4.25,-2.475,0.));
#7783 = LINE('',#7784,#7785);
#7784 = CARTESIAN_POINT('',(-4.25,-0.255,-1.665334536938E-16));
#7785 = VECTOR('',#7786,1.);
#7786 = DIRECTION('',(0.,-1.,7.501506923143E-17));
#7787 = ORIENTED_EDGE('',*,*,#7788,.T.);
#7788 = EDGE_CURVE('',#7781,#7789,#7791,.T.);
#7789 = VERTEX_POINT('',#7790);
#7790 = CARTESIAN_POINT('',(-4.25,-2.475,2.05));
#7791 = LINE('',#7792,#7793);
#7792 = CARTESIAN_POINT('',(-4.25,-2.475,0.));
#7793 = VECTOR('',#7794,1.);
#7794 = DIRECTION('',(0.,0.,1.));
#7795 = ORIENTED_EDGE('',*,*,#7796,.T.);
#7796 = EDGE_CURVE('',#7789,#6032,#7797,.T.);
#7797 = LINE('',#7798,#7799);
#7798 = CARTESIAN_POINT('',(-4.25,-2.475,2.05));
#7799 = VECTOR('',#7800,1.);
#7800 = DIRECTION('',(0.,1.,0.));
#7801 = ORIENTED_EDGE('',*,*,#6039,.T.);
#7802 = ORIENTED_EDGE('',*,*,#6047,.F.);
#7803 = PLANE('',#7804);
#7804 = AXIS2_PLACEMENT_3D('',#7805,#7806,#7807);
#7805 = CARTESIAN_POINT('',(-4.25,-1.254889064976,1.020784469097));
#7806 = DIRECTION('',(-1.,-0.,-0.));
#7807 = DIRECTION('',(0.,0.,-1.));
#7808 = ADVANCED_FACE('',(#7809),#7820,.T.);
#7809 = FACE_BOUND('',#7810,.T.);
#7810 = EDGE_LOOP('',(#7811,#7812,#7818,#7819));
#7811 = ORIENTED_EDGE('',*,*,#7498,.F.);
#7812 = ORIENTED_EDGE('',*,*,#7813,.T.);
#7813 = EDGE_CURVE('',#7491,#7789,#7814,.T.);
#7814 = LINE('',#7815,#7816);
#7815 = CARTESIAN_POINT('',(-4.45,-2.475,2.05));
#7816 = VECTOR('',#7817,1.);
#7817 = DIRECTION('',(1.,0.,0.));
#7818 = ORIENTED_EDGE('',*,*,#7796,.T.);
#7819 = ORIENTED_EDGE('',*,*,#6031,.T.);
#7820 = PLANE('',#7821);
#7821 = AXIS2_PLACEMENT_3D('',#7822,#7823,#7824);
#7822 = CARTESIAN_POINT('',(-4.45,-2.475,2.05));
#7823 = DIRECTION('',(0.,0.,1.));
#7824 = DIRECTION('',(0.,1.,0.));
#7825 = ADVANCED_FACE('',(#7826),#7842,.T.);
#7826 = FACE_BOUND('',#7827,.T.);
#7827 = EDGE_LOOP('',(#7828,#7834,#7835,#7841));
#7828 = ORIENTED_EDGE('',*,*,#7829,.F.);
#7829 = EDGE_CURVE('',#6814,#6127,#7830,.T.);
#7830 = LINE('',#7831,#7832);
#7831 = CARTESIAN_POINT('',(-2.225,1.58,2.44));
#7832 = VECTOR('',#7833,1.);
#7833 = DIRECTION('',(0.,-1.,2.22044604925E-16));
#7834 = ORIENTED_EDGE('',*,*,#6813,.T.);
#7835 = ORIENTED_EDGE('',*,*,#7836,.T.);
#7836 = EDGE_CURVE('',#6816,#6129,#7837,.T.);
#7837 = LINE('',#7838,#7839);
#7838 = CARTESIAN_POINT('',(-2.225,1.58,3.84));
#7839 = VECTOR('',#7840,1.);
#7840 = DIRECTION('',(0.,-1.,2.22044604925E-16));
#7841 = ORIENTED_EDGE('',*,*,#6126,.F.);
#7842 = PLANE('',#7843);
#7843 = AXIS2_PLACEMENT_3D('',#7844,#7845,#7846);
#7844 = CARTESIAN_POINT('',(-2.225,1.58,2.44));
#7845 = DIRECTION('',(1.,0.,0.));
#7846 = DIRECTION('',(0.,-1.,2.22044604925E-16));
#7847 = ADVANCED_FACE('',(#7848),#7859,.F.);
#7848 = FACE_BOUND('',#7849,.F.);
#7849 = EDGE_LOOP('',(#7850,#7851,#7852,#7853));
#7850 = ORIENTED_EDGE('',*,*,#6823,.F.);
#7851 = ORIENTED_EDGE('',*,*,#7836,.T.);
#7852 = ORIENTED_EDGE('',*,*,#6136,.T.);
#7853 = ORIENTED_EDGE('',*,*,#7854,.F.);
#7854 = EDGE_CURVE('',#6824,#6137,#7855,.T.);
#7855 = LINE('',#7856,#7857);
#7856 = CARTESIAN_POINT('',(2.225,1.58,3.84));
#7857 = VECTOR('',#7858,1.);
#7858 = DIRECTION('',(0.,-1.,2.22044604925E-16));
#7859 = PLANE('',#7860);
#7860 = AXIS2_PLACEMENT_3D('',#7861,#7862,#7863);
#7861 = CARTESIAN_POINT('',(-2.225,1.58,3.84));
#7862 = DIRECTION('',(0.,2.22044604925E-16,1.));
#7863 = DIRECTION('',(0.,-1.,2.22044604925E-16));
#7864 = ADVANCED_FACE('',(#7865,#7876),#7910,.T.);
#7865 = FACE_BOUND('',#7866,.T.);
#7866 = EDGE_LOOP('',(#7867,#7868,#7869,#7870));
#7867 = ORIENTED_EDGE('',*,*,#6839,.F.);
#7868 = ORIENTED_EDGE('',*,*,#7829,.T.);
#7869 = ORIENTED_EDGE('',*,*,#6152,.T.);
#7870 = ORIENTED_EDGE('',*,*,#7871,.F.);
#7871 = EDGE_CURVE('',#6832,#6145,#7872,.T.);
#7872 = LINE('',#7873,#7874);
#7873 = CARTESIAN_POINT('',(2.225,1.58,2.44));
#7874 = VECTOR('',#7875,1.);
#7875 = DIRECTION('',(0.,-1.,2.22044604925E-16));
#7876 = FACE_BOUND('',#7877,.T.);
#7877 = EDGE_LOOP('',(#7878,#7888,#7896,#7904));
#7878 = ORIENTED_EDGE('',*,*,#7879,.T.);
#7879 = EDGE_CURVE('',#7880,#7882,#7884,.T.);
#7880 = VERTEX_POINT('',#7881);
#7881 = CARTESIAN_POINT('',(-1.25,-1.67,2.44));
#7882 = VERTEX_POINT('',#7883);
#7883 = CARTESIAN_POINT('',(-1.25,-0.67,2.44));
#7884 = LINE('',#7885,#7886);
#7885 = CARTESIAN_POINT('',(-1.25,-1.67,2.44));
#7886 = VECTOR('',#7887,1.);
#7887 = DIRECTION('',(0.,1.,-1.665334536938E-16));
#7888 = ORIENTED_EDGE('',*,*,#7889,.T.);
#7889 = EDGE_CURVE('',#7882,#7890,#7892,.T.);
#7890 = VERTEX_POINT('',#7891);
#7891 = CARTESIAN_POINT('',(1.25,-0.67,2.44));
#7892 = LINE('',#7893,#7894);
#7893 = CARTESIAN_POINT('',(-1.25,-0.67,2.44));
#7894 = VECTOR('',#7895,1.);
#7895 = DIRECTION('',(1.,0.,0.));
#7896 = ORIENTED_EDGE('',*,*,#7897,.F.);
#7897 = EDGE_CURVE('',#7898,#7890,#7900,.T.);
#7898 = VERTEX_POINT('',#7899);
#7899 = CARTESIAN_POINT('',(1.25,-1.67,2.44));
#7900 = LINE('',#7901,#7902);
#7901 = CARTESIAN_POINT('',(1.25,-1.67,2.44));
#7902 = VECTOR('',#7903,1.);
#7903 = DIRECTION('',(0.,1.,-1.665334536938E-16));
#7904 = ORIENTED_EDGE('',*,*,#7905,.F.);
#7905 = EDGE_CURVE('',#7880,#7898,#7906,.T.);
#7906 = LINE('',#7907,#7908);
#7907 = CARTESIAN_POINT('',(-1.25,-1.67,2.44));
#7908 = VECTOR('',#7909,1.);
#7909 = DIRECTION('',(1.,0.,0.));
#7910 = PLANE('',#7911);
#7911 = AXIS2_PLACEMENT_3D('',#7912,#7913,#7914);
#7912 = CARTESIAN_POINT('',(-2.225,1.58,2.44));
#7913 = DIRECTION('',(0.,2.22044604925E-16,1.));
#7914 = DIRECTION('',(0.,-1.,2.22044604925E-16));
#7915 = ADVANCED_FACE('',(#7916),#7922,.F.);
#7916 = FACE_BOUND('',#7917,.F.);
#7917 = EDGE_LOOP('',(#7918,#7919,#7920,#7921));
#7918 = ORIENTED_EDGE('',*,*,#7871,.F.);
#7919 = ORIENTED_EDGE('',*,*,#6831,.T.);
#7920 = ORIENTED_EDGE('',*,*,#7854,.T.);
#7921 = ORIENTED_EDGE('',*,*,#6144,.F.);
#7922 = PLANE('',#7923);
#7923 = AXIS2_PLACEMENT_3D('',#7924,#7925,#7926);
#7924 = CARTESIAN_POINT('',(2.225,1.58,2.44));
#7925 = DIRECTION('',(1.,0.,0.));
#7926 = DIRECTION('',(0.,-1.,2.22044604925E-16));
#7927 = ADVANCED_FACE('',(#7928),#7953,.F.);
#7928 = FACE_BOUND('',#7929,.F.);
#7929 = EDGE_LOOP('',(#7930,#7938,#7946,#7952));
#7930 = ORIENTED_EDGE('',*,*,#7931,.T.);
#7931 = EDGE_CURVE('',#6161,#7932,#7934,.T.);
#7932 = VERTEX_POINT('',#7933);
#7933 = CARTESIAN_POINT('',(3.75,0.13,0.595));
#7934 = LINE('',#7935,#7936);
#7935 = CARTESIAN_POINT('',(3.75,-2.47,0.595));
#7936 = VECTOR('',#7937,1.);
#7937 = DIRECTION('',(-0.,1.,-2.22044604925E-16));
#7938 = ORIENTED_EDGE('',*,*,#7939,.T.);
#7939 = EDGE_CURVE('',#7932,#7940,#7942,.T.);
#7940 = VERTEX_POINT('',#7941);
#7941 = CARTESIAN_POINT('',(3.75,0.13,2.645));
#7942 = LINE('',#7943,#7944);
#7943 = CARTESIAN_POINT('',(3.75,0.13,0.595));
#7944 = VECTOR('',#7945,1.);
#7945 = DIRECTION('',(0.,2.22044604925E-16,1.));
#7946 = ORIENTED_EDGE('',*,*,#7947,.F.);
#7947 = EDGE_CURVE('',#6163,#7940,#7948,.T.);
#7948 = LINE('',#7949,#7950);
#7949 = CARTESIAN_POINT('',(3.75,-2.47,2.645));
#7950 = VECTOR('',#7951,1.);
#7951 = DIRECTION('',(-0.,1.,-2.22044604925E-16));
#7952 = ORIENTED_EDGE('',*,*,#6160,.F.);
#7953 = PLANE('',#7954);
#7954 = AXIS2_PLACEMENT_3D('',#7955,#7956,#7957);
#7955 = CARTESIAN_POINT('',(3.75,-2.47,0.595));
#7956 = DIRECTION('',(1.,0.,0.));
#7957 = DIRECTION('',(-0.,2.22044604925E-16,1.));
#7958 = ADVANCED_FACE('',(#7959),#7977,.F.);
#7959 = FACE_BOUND('',#7960,.F.);
#7960 = EDGE_LOOP('',(#7961,#7969,#7975,#7976));
#7961 = ORIENTED_EDGE('',*,*,#7962,.T.);
#7962 = EDGE_CURVE('',#6171,#7963,#7965,.T.);
#7963 = VERTEX_POINT('',#7964);
#7964 = CARTESIAN_POINT('',(-3.75,0.13,0.595));
#7965 = LINE('',#7966,#7967);
#7966 = CARTESIAN_POINT('',(-3.75,-2.47,0.595));
#7967 = VECTOR('',#7968,1.);
#7968 = DIRECTION('',(-0.,1.,-2.22044604925E-16));
#7969 = ORIENTED_EDGE('',*,*,#7970,.T.);
#7970 = EDGE_CURVE('',#7963,#7932,#7971,.T.);
#7971 = LINE('',#7972,#7973);
#7972 = CARTESIAN_POINT('',(-3.75,0.13,0.595));
#7973 = VECTOR('',#7974,1.);
#7974 = DIRECTION('',(1.,0.,0.));
#7975 = ORIENTED_EDGE('',*,*,#7931,.F.);
#7976 = ORIENTED_EDGE('',*,*,#6170,.F.);
#7977 = PLANE('',#7978);
#7978 = AXIS2_PLACEMENT_3D('',#7979,#7980,#7981);
#7979 = CARTESIAN_POINT('',(-3.75,-2.47,0.595));
#7980 = DIRECTION('',(0.,-2.22044604925E-16,-1.));
#7981 = DIRECTION('',(1.,0.,0.));
#7982 = ADVANCED_FACE('',(#7983),#8001,.F.);
#7983 = FACE_BOUND('',#7984,.F.);
#7984 = EDGE_LOOP('',(#7985,#7986,#7994,#8000));
#7985 = ORIENTED_EDGE('',*,*,#7947,.T.);
#7986 = ORIENTED_EDGE('',*,*,#7987,.T.);
#7987 = EDGE_CURVE('',#7940,#7988,#7990,.T.);
#7988 = VERTEX_POINT('',#7989);
#7989 = CARTESIAN_POINT('',(3.25,0.13,2.645));
#7990 = LINE('',#7991,#7992);
#7991 = CARTESIAN_POINT('',(3.75,0.13,2.645));
#7992 = VECTOR('',#7993,1.);
#7993 = DIRECTION('',(-1.,0.,0.));
#7994 = ORIENTED_EDGE('',*,*,#7995,.F.);
#7995 = EDGE_CURVE('',#6531,#7988,#7996,.T.);
#7996 = LINE('',#7997,#7998);
#7997 = CARTESIAN_POINT('',(3.25,-2.47,2.645));
#7998 = VECTOR('',#7999,1.);
#7999 = DIRECTION('',(-0.,1.,-2.22044604925E-16));
#8000 = ORIENTED_EDGE('',*,*,#6538,.F.);
#8001 = PLANE('',#8002);
#8002 = AXIS2_PLACEMENT_3D('',#8003,#8004,#8005);
#8003 = CARTESIAN_POINT('',(3.75,-2.47,2.645));
#8004 = DIRECTION('',(0.,2.22044604925E-16,1.));
#8005 = DIRECTION('',(-1.,0.,0.));
#8006 = ADVANCED_FACE('',(#8007),#8025,.F.);
#8007 = FACE_BOUND('',#8008,.F.);
#8008 = EDGE_LOOP('',(#8009,#8017,#8023,#8024));
#8009 = ORIENTED_EDGE('',*,*,#8010,.T.);
#8010 = EDGE_CURVE('',#6179,#8011,#8013,.T.);
#8011 = VERTEX_POINT('',#8012);
#8012 = CARTESIAN_POINT('',(-3.75,0.13,2.645));
#8013 = LINE('',#8014,#8015);
#8014 = CARTESIAN_POINT('',(-3.75,-2.47,2.645));
#8015 = VECTOR('',#8016,1.);
#8016 = DIRECTION('',(-0.,1.,-2.22044604925E-16));
#8017 = ORIENTED_EDGE('',*,*,#8018,.T.);
#8018 = EDGE_CURVE('',#8011,#7963,#8019,.T.);
#8019 = LINE('',#8020,#8021);
#8020 = CARTESIAN_POINT('',(-3.75,0.13,2.645));
#8021 = VECTOR('',#8022,1.);
#8022 = DIRECTION('',(0.,-2.22044604925E-16,-1.));
#8023 = ORIENTED_EDGE('',*,*,#7962,.F.);
#8024 = ORIENTED_EDGE('',*,*,#6178,.F.);
#8025 = PLANE('',#8026);
#8026 = AXIS2_PLACEMENT_3D('',#8027,#8028,#8029);
#8027 = CARTESIAN_POINT('',(-3.75,-2.47,2.645));
#8028 = DIRECTION('',(-1.,0.,0.));
#8029 = DIRECTION('',(-0.,-2.22044604925E-16,-1.));
#8030 = ADVANCED_FACE('',(#8031),#8049,.F.);
#8031 = FACE_BOUND('',#8032,.F.);
#8032 = EDGE_LOOP('',(#8033,#8034,#8042,#8048));
#8033 = ORIENTED_EDGE('',*,*,#7995,.T.);
#8034 = ORIENTED_EDGE('',*,*,#8035,.T.);
#8035 = EDGE_CURVE('',#7988,#8036,#8038,.T.);
#8036 = VERTEX_POINT('',#8037);
#8037 = CARTESIAN_POINT('',(3.25,0.13,2.145));
#8038 = LINE('',#8039,#8040);
#8039 = CARTESIAN_POINT('',(3.25,0.13,2.645));
#8040 = VECTOR('',#8041,1.);
#8041 = DIRECTION('',(0.,-2.22044604925E-16,-1.));
#8042 = ORIENTED_EDGE('',*,*,#8043,.F.);
#8043 = EDGE_CURVE('',#6523,#8036,#8044,.T.);
#8044 = LINE('',#8045,#8046);
#8045 = CARTESIAN_POINT('',(3.25,-2.47,2.145));
#8046 = VECTOR('',#8047,1.);
#8047 = DIRECTION('',(-0.,1.,-2.22044604925E-16));
#8048 = ORIENTED_EDGE('',*,*,#6530,.F.);
#8049 = PLANE('',#8050);
#8050 = AXIS2_PLACEMENT_3D('',#8051,#8052,#8053);
#8051 = CARTESIAN_POINT('',(3.25,-2.47,2.645));
#8052 = DIRECTION('',(-1.,0.,0.));
#8053 = DIRECTION('',(-0.,-2.22044604925E-16,-1.));
#8054 = ADVANCED_FACE('',(#8055),#8073,.F.);
#8055 = FACE_BOUND('',#8056,.F.);
#8056 = EDGE_LOOP('',(#8057,#8065,#8071,#8072));
#8057 = ORIENTED_EDGE('',*,*,#8058,.T.);
#8058 = EDGE_CURVE('',#6187,#8059,#8061,.T.);
#8059 = VERTEX_POINT('',#8060);
#8060 = CARTESIAN_POINT('',(-3.25,0.13,2.645));
#8061 = LINE('',#8062,#8063);
#8062 = CARTESIAN_POINT('',(-3.25,-2.47,2.645));
#8063 = VECTOR('',#8064,1.);
#8064 = DIRECTION('',(-0.,1.,-2.22044604925E-16));
#8065 = ORIENTED_EDGE('',*,*,#8066,.T.);
#8066 = EDGE_CURVE('',#8059,#8011,#8067,.T.);
#8067 = LINE('',#8068,#8069);
#8068 = CARTESIAN_POINT('',(-3.25,0.13,2.645));
#8069 = VECTOR('',#8070,1.);
#8070 = DIRECTION('',(-1.,0.,0.));
#8071 = ORIENTED_EDGE('',*,*,#8010,.F.);
#8072 = ORIENTED_EDGE('',*,*,#6186,.F.);
#8073 = PLANE('',#8074);
#8074 = AXIS2_PLACEMENT_3D('',#8075,#8076,#8077);
#8075 = CARTESIAN_POINT('',(-3.25,-2.47,2.645));
#8076 = DIRECTION('',(0.,2.22044604925E-16,1.));
#8077 = DIRECTION('',(-1.,0.,0.));
#8078 = ADVANCED_FACE('',(#8079),#8097,.F.);
#8079 = FACE_BOUND('',#8080,.F.);
#8080 = EDGE_LOOP('',(#8081,#8082,#8090,#8096));
#8081 = ORIENTED_EDGE('',*,*,#8043,.T.);
#8082 = ORIENTED_EDGE('',*,*,#8083,.T.);
#8083 = EDGE_CURVE('',#8036,#8084,#8086,.T.);
#8084 = VERTEX_POINT('',#8085);
#8085 = CARTESIAN_POINT('',(2.75,0.13,2.145));
#8086 = LINE('',#8087,#8088);
#8087 = CARTESIAN_POINT('',(3.25,0.13,2.145));
#8088 = VECTOR('',#8089,1.);
#8089 = DIRECTION('',(-1.,0.,0.));
#8090 = ORIENTED_EDGE('',*,*,#8091,.F.);
#8091 = EDGE_CURVE('',#6515,#8084,#8092,.T.);
#8092 = LINE('',#8093,#8094);
#8093 = CARTESIAN_POINT('',(2.75,-2.47,2.145));
#8094 = VECTOR('',#8095,1.);
#8095 = DIRECTION('',(-0.,1.,-2.22044604925E-16));
#8096 = ORIENTED_EDGE('',*,*,#6522,.F.);
#8097 = PLANE('',#8098);
#8098 = AXIS2_PLACEMENT_3D('',#8099,#8100,#8101);
#8099 = CARTESIAN_POINT('',(3.25,-2.47,2.145));
#8100 = DIRECTION('',(0.,2.22044604925E-16,1.));
#8101 = DIRECTION('',(-1.,0.,0.));
#8102 = ADVANCED_FACE('',(#8103),#8121,.F.);
#8103 = FACE_BOUND('',#8104,.F.);
#8104 = EDGE_LOOP('',(#8105,#8113,#8119,#8120));
#8105 = ORIENTED_EDGE('',*,*,#8106,.T.);
#8106 = EDGE_CURVE('',#6195,#8107,#8109,.T.);
#8107 = VERTEX_POINT('',#8108);
#8108 = CARTESIAN_POINT('',(-3.25,0.13,2.145));
#8109 = LINE('',#8110,#8111);
#8110 = CARTESIAN_POINT('',(-3.25,-2.47,2.145));
#8111 = VECTOR('',#8112,1.);
#8112 = DIRECTION('',(-0.,1.,-2.22044604925E-16));
#8113 = ORIENTED_EDGE('',*,*,#8114,.T.);
#8114 = EDGE_CURVE('',#8107,#8059,#8115,.T.);
#8115 = LINE('',#8116,#8117);
#8116 = CARTESIAN_POINT('',(-3.25,0.13,2.145));
#8117 = VECTOR('',#8118,1.);
#8118 = DIRECTION('',(0.,2.22044604925E-16,1.));
#8119 = ORIENTED_EDGE('',*,*,#8058,.F.);
#8120 = ORIENTED_EDGE('',*,*,#6194,.F.);
#8121 = PLANE('',#8122);
#8122 = AXIS2_PLACEMENT_3D('',#8123,#8124,#8125);
#8123 = CARTESIAN_POINT('',(-3.25,-2.47,2.145));
#8124 = DIRECTION('',(1.,0.,0.));
#8125 = DIRECTION('',(-0.,2.22044604925E-16,1.));
#8126 = ADVANCED_FACE('',(#8127),#8145,.F.);
#8127 = FACE_BOUND('',#8128,.F.);
#8128 = EDGE_LOOP('',(#8129,#8130,#8138,#8144));
#8129 = ORIENTED_EDGE('',*,*,#8091,.T.);
#8130 = ORIENTED_EDGE('',*,*,#8131,.T.);
#8131 = EDGE_CURVE('',#8084,#8132,#8134,.T.);
#8132 = VERTEX_POINT('',#8133);
#8133 = CARTESIAN_POINT('',(2.75,0.13,1.945));
#8134 = LINE('',#8135,#8136);
#8135 = CARTESIAN_POINT('',(2.75,0.13,2.145));
#8136 = VECTOR('',#8137,1.);
#8137 = DIRECTION('',(0.,-2.22044604925E-16,-1.));
#8138 = ORIENTED_EDGE('',*,*,#8139,.F.);
#8139 = EDGE_CURVE('',#6507,#8132,#8140,.T.);
#8140 = LINE('',#8141,#8142);
#8141 = CARTESIAN_POINT('',(2.75,-2.47,1.945));
#8142 = VECTOR('',#8143,1.);
#8143 = DIRECTION('',(-0.,1.,-2.22044604925E-16));
#8144 = ORIENTED_EDGE('',*,*,#6514,.F.);
#8145 = PLANE('',#8146);
#8146 = AXIS2_PLACEMENT_3D('',#8147,#8148,#8149);
#8147 = CARTESIAN_POINT('',(2.75,-2.47,2.145));
#8148 = DIRECTION('',(-1.,0.,0.));
#8149 = DIRECTION('',(-0.,-2.22044604925E-16,-1.));
#8150 = ADVANCED_FACE('',(#8151),#8169,.F.);
#8151 = FACE_BOUND('',#8152,.F.);
#8152 = EDGE_LOOP('',(#8153,#8161,#8167,#8168));
#8153 = ORIENTED_EDGE('',*,*,#8154,.T.);
#8154 = EDGE_CURVE('',#6203,#8155,#8157,.T.);
#8155 = VERTEX_POINT('',#8156);
#8156 = CARTESIAN_POINT('',(-2.75,0.13,2.145));
#8157 = LINE('',#8158,#8159);
#8158 = CARTESIAN_POINT('',(-2.75,-2.47,2.145));
#8159 = VECTOR('',#8160,1.);
#8160 = DIRECTION('',(-0.,1.,-2.22044604925E-16));
#8161 = ORIENTED_EDGE('',*,*,#8162,.T.);
#8162 = EDGE_CURVE('',#8155,#8107,#8163,.T.);
#8163 = LINE('',#8164,#8165);
#8164 = CARTESIAN_POINT('',(-2.75,0.13,2.145));
#8165 = VECTOR('',#8166,1.);
#8166 = DIRECTION('',(-1.,0.,0.));
#8167 = ORIENTED_EDGE('',*,*,#8106,.F.);
#8168 = ORIENTED_EDGE('',*,*,#6202,.F.);
#8169 = PLANE('',#8170);
#8170 = AXIS2_PLACEMENT_3D('',#8171,#8172,#8173);
#8171 = CARTESIAN_POINT('',(-2.75,-2.47,2.145));
#8172 = DIRECTION('',(0.,2.22044604925E-16,1.));
#8173 = DIRECTION('',(-1.,0.,0.));
#8174 = ADVANCED_FACE('',(#8175),#8201,.F.);
#8175 = FACE_BOUND('',#8176,.F.);
#8176 = EDGE_LOOP('',(#8177,#8178,#8186,#8194,#8200));
#8177 = ORIENTED_EDGE('',*,*,#8139,.T.);
#8178 = ORIENTED_EDGE('',*,*,#8179,.T.);
#8179 = EDGE_CURVE('',#8132,#8180,#8182,.T.);
#8180 = VERTEX_POINT('',#8181);
#8181 = CARTESIAN_POINT('',(2.6,0.13,1.945));
#8182 = LINE('',#8183,#8184);
#8183 = CARTESIAN_POINT('',(2.75,0.13,1.945));
#8184 = VECTOR('',#8185,1.);
#8185 = DIRECTION('',(-1.,0.,0.));
#8186 = ORIENTED_EDGE('',*,*,#8187,.F.);
#8187 = EDGE_CURVE('',#8188,#8180,#8190,.T.);
#8188 = VERTEX_POINT('',#8189);
#8189 = CARTESIAN_POINT('',(2.6,-2.12,1.945));
#8190 = LINE('',#8191,#8192);
#8191 = CARTESIAN_POINT('',(2.6,-2.47,1.945));
#8192 = VECTOR('',#8193,1.);
#8193 = DIRECTION('',(-0.,1.,-2.22044604925E-16));
#8194 = ORIENTED_EDGE('',*,*,#8195,.F.);
#8195 = EDGE_CURVE('',#6499,#8188,#8196,.T.);
#8196 = LINE('',#8197,#8198);
#8197 = CARTESIAN_POINT('',(2.6,-2.47,1.945));
#8198 = VECTOR('',#8199,1.);
#8199 = DIRECTION('',(-0.,1.,-2.22044604925E-16));
#8200 = ORIENTED_EDGE('',*,*,#6506,.F.);
#8201 = PLANE('',#8202);
#8202 = AXIS2_PLACEMENT_3D('',#8203,#8204,#8205);
#8203 = CARTESIAN_POINT('',(2.75,-2.47,1.945));
#8204 = DIRECTION('',(0.,2.22044604925E-16,1.));
#8205 = DIRECTION('',(-1.,0.,0.));
#8206 = ADVANCED_FACE('',(#8207),#8225,.F.);
#8207 = FACE_BOUND('',#8208,.F.);
#8208 = EDGE_LOOP('',(#8209,#8217,#8223,#8224));
#8209 = ORIENTED_EDGE('',*,*,#8210,.T.);
#8210 = EDGE_CURVE('',#6211,#8211,#8213,.T.);
#8211 = VERTEX_POINT('',#8212);
#8212 = CARTESIAN_POINT('',(-2.75,0.13,1.945));
#8213 = LINE('',#8214,#8215);
#8214 = CARTESIAN_POINT('',(-2.75,-2.47,1.945));
#8215 = VECTOR('',#8216,1.);
#8216 = DIRECTION('',(-0.,1.,-2.22044604925E-16));
#8217 = ORIENTED_EDGE('',*,*,#8218,.T.);
#8218 = EDGE_CURVE('',#8211,#8155,#8219,.T.);
#8219 = LINE('',#8220,#8221);
#8220 = CARTESIAN_POINT('',(-2.75,0.13,1.945));
#8221 = VECTOR('',#8222,1.);
#8222 = DIRECTION('',(0.,2.22044604925E-16,1.));
#8223 = ORIENTED_EDGE('',*,*,#8154,.F.);
#8224 = ORIENTED_EDGE('',*,*,#6210,.F.);
#8225 = PLANE('',#8226);
#8226 = AXIS2_PLACEMENT_3D('',#8227,#8228,#8229);
#8227 = CARTESIAN_POINT('',(-2.75,-2.47,1.945));
#8228 = DIRECTION('',(1.,0.,0.));
#8229 = DIRECTION('',(-0.,2.22044604925E-16,1.));
#8230 = ADVANCED_FACE('',(#8231),#8265,.F.);
#8231 = FACE_BOUND('',#8232,.F.);
#8232 = EDGE_LOOP('',(#8233,#8234,#8235,#8243,#8251,#8259));
#8233 = ORIENTED_EDGE('',*,*,#6498,.F.);
#8234 = ORIENTED_EDGE('',*,*,#8195,.T.);
#8235 = ORIENTED_EDGE('',*,*,#8236,.F.);
#8236 = EDGE_CURVE('',#8237,#8188,#8239,.T.);
#8237 = VERTEX_POINT('',#8238);
#8238 = CARTESIAN_POINT('',(2.6,-2.2446,2.0696));
#8239 = LINE('',#8240,#8241);
#8240 = CARTESIAN_POINT('',(2.6,-2.2446,2.0696));
#8241 = VECTOR('',#8242,1.);
#8242 = DIRECTION('',(0.,0.707106781187,-0.707106781187));
#8243 = ORIENTED_EDGE('',*,*,#8244,.F.);
#8244 = EDGE_CURVE('',#8245,#8237,#8247,.T.);
#8245 = VERTEX_POINT('',#8246);
#8246 = CARTESIAN_POINT('',(2.6,0.13,2.0696));
#8247 = LINE('',#8248,#8249);
#8248 = CARTESIAN_POINT('',(2.6,1.1054,2.0696));
#8249 = VECTOR('',#8250,1.);
#8250 = DIRECTION('',(0.,-1.,0.));
#8251 = ORIENTED_EDGE('',*,*,#8252,.T.);
#8252 = EDGE_CURVE('',#8245,#8253,#8255,.T.);
#8253 = VERTEX_POINT('',#8254);
#8254 = CARTESIAN_POINT('',(2.6,0.13,2.145));
#8255 = LINE('',#8256,#8257);
#8256 = CARTESIAN_POINT('',(2.6,0.13,1.945));
#8257 = VECTOR('',#8258,1.);
#8258 = DIRECTION('',(0.,2.22044604925E-16,1.));
#8259 = ORIENTED_EDGE('',*,*,#8260,.F.);
#8260 = EDGE_CURVE('',#6491,#8253,#8261,.T.);
#8261 = LINE('',#8262,#8263);
#8262 = CARTESIAN_POINT('',(2.6,-2.47,2.145));
#8263 = VECTOR('',#8264,1.);
#8264 = DIRECTION('',(-0.,1.,-2.22044604925E-16));
#8265 = PLANE('',#8266);
#8266 = AXIS2_PLACEMENT_3D('',#8267,#8268,#8269);
#8267 = CARTESIAN_POINT('',(2.6,-2.47,1.945));
#8268 = DIRECTION('',(1.,0.,0.));
#8269 = DIRECTION('',(-0.,2.22044604925E-16,1.));
#8270 = ADVANCED_FACE('',(#8271),#8297,.F.);
#8271 = FACE_BOUND('',#8272,.F.);
#8272 = EDGE_LOOP('',(#8273,#8281,#8289,#8295,#8296));
#8273 = ORIENTED_EDGE('',*,*,#8274,.T.);
#8274 = EDGE_CURVE('',#6219,#8275,#8277,.T.);
#8275 = VERTEX_POINT('',#8276);
#8276 = CARTESIAN_POINT('',(-2.6,-2.12,1.945));
#8277 = LINE('',#8278,#8279);
#8278 = CARTESIAN_POINT('',(-2.6,-2.47,1.945));
#8279 = VECTOR('',#8280,1.);
#8280 = DIRECTION('',(-0.,1.,-2.22044604925E-16));
#8281 = ORIENTED_EDGE('',*,*,#8282,.T.);
#8282 = EDGE_CURVE('',#8275,#8283,#8285,.T.);
#8283 = VERTEX_POINT('',#8284);
#8284 = CARTESIAN_POINT('',(-2.6,0.13,1.945));
#8285 = LINE('',#8286,#8287);
#8286 = CARTESIAN_POINT('',(-2.6,-2.47,1.945));
#8287 = VECTOR('',#8288,1.);
#8288 = DIRECTION('',(-0.,1.,-2.22044604925E-16));
#8289 = ORIENTED_EDGE('',*,*,#8290,.T.);
#8290 = EDGE_CURVE('',#8283,#8211,#8291,.T.);
#8291 = LINE('',#8292,#8293);
#8292 = CARTESIAN_POINT('',(-2.6,0.13,1.945));
#8293 = VECTOR('',#8294,1.);
#8294 = DIRECTION('',(-1.,0.,0.));
#8295 = ORIENTED_EDGE('',*,*,#8210,.F.);
#8296 = ORIENTED_EDGE('',*,*,#6218,.F.);
#8297 = PLANE('',#8298);
#8298 = AXIS2_PLACEMENT_3D('',#8299,#8300,#8301);
#8299 = CARTESIAN_POINT('',(-2.6,-2.47,1.945));
#8300 = DIRECTION('',(0.,2.22044604925E-16,1.));
#8301 = DIRECTION('',(-1.,0.,0.));
#8302 = ADVANCED_FACE('',(#8303),#8321,.F.);
#8303 = FACE_BOUND('',#8304,.F.);
#8304 = EDGE_LOOP('',(#8305,#8306,#8314,#8320));
#8305 = ORIENTED_EDGE('',*,*,#8260,.T.);
#8306 = ORIENTED_EDGE('',*,*,#8307,.T.);
#8307 = EDGE_CURVE('',#8253,#8308,#8310,.T.);
#8308 = VERTEX_POINT('',#8309);
#8309 = CARTESIAN_POINT('',(2.4,0.13,2.145));
#8310 = LINE('',#8311,#8312);
#8311 = CARTESIAN_POINT('',(2.6,0.13,2.145));
#8312 = VECTOR('',#8313,1.);
#8313 = DIRECTION('',(-1.,0.,0.));
#8314 = ORIENTED_EDGE('',*,*,#8315,.F.);
#8315 = EDGE_CURVE('',#6483,#8308,#8316,.T.);
#8316 = LINE('',#8317,#8318);
#8317 = CARTESIAN_POINT('',(2.4,-2.47,2.145));
#8318 = VECTOR('',#8319,1.);
#8319 = DIRECTION('',(-0.,1.,-2.22044604925E-16));
#8320 = ORIENTED_EDGE('',*,*,#6490,.F.);
#8321 = PLANE('',#8322);
#8322 = AXIS2_PLACEMENT_3D('',#8323,#8324,#8325);
#8323 = CARTESIAN_POINT('',(2.6,-2.47,2.145));
#8324 = DIRECTION('',(0.,2.22044604925E-16,1.));
#8325 = DIRECTION('',(-1.,0.,0.));
#8326 = ADVANCED_FACE('',(#8327),#8361,.F.);
#8327 = FACE_BOUND('',#8328,.F.);
#8328 = EDGE_LOOP('',(#8329,#8330,#8338,#8346,#8354,#8360));
#8329 = ORIENTED_EDGE('',*,*,#6226,.F.);
#8330 = ORIENTED_EDGE('',*,*,#8331,.T.);
#8331 = EDGE_CURVE('',#6227,#8332,#8334,.T.);
#8332 = VERTEX_POINT('',#8333);
#8333 = CARTESIAN_POINT('',(-2.6,0.13,2.145));
#8334 = LINE('',#8335,#8336);
#8335 = CARTESIAN_POINT('',(-2.6,-2.47,2.145));
#8336 = VECTOR('',#8337,1.);
#8337 = DIRECTION('',(-0.,1.,-2.22044604925E-16));
#8338 = ORIENTED_EDGE('',*,*,#8339,.T.);
#8339 = EDGE_CURVE('',#8332,#8340,#8342,.T.);
#8340 = VERTEX_POINT('',#8341);
#8341 = CARTESIAN_POINT('',(-2.6,0.13,2.0696));
#8342 = LINE('',#8343,#8344);
#8343 = CARTESIAN_POINT('',(-2.6,0.13,2.145));
#8344 = VECTOR('',#8345,1.);
#8345 = DIRECTION('',(0.,-2.22044604925E-16,-1.));
#8346 = ORIENTED_EDGE('',*,*,#8347,.T.);
#8347 = EDGE_CURVE('',#8340,#8348,#8350,.T.);
#8348 = VERTEX_POINT('',#8349);
#8349 = CARTESIAN_POINT('',(-2.6,-2.2446,2.0696));
#8350 = LINE('',#8351,#8352);
#8351 = CARTESIAN_POINT('',(-2.6,1.1054,2.0696));
#8352 = VECTOR('',#8353,1.);
#8353 = DIRECTION('',(0.,-1.,0.));
#8354 = ORIENTED_EDGE('',*,*,#8355,.T.);
#8355 = EDGE_CURVE('',#8348,#8275,#8356,.T.);
#8356 = LINE('',#8357,#8358);
#8357 = CARTESIAN_POINT('',(-2.6,-2.2446,2.0696));
#8358 = VECTOR('',#8359,1.);
#8359 = DIRECTION('',(0.,0.707106781187,-0.707106781187));
#8360 = ORIENTED_EDGE('',*,*,#8274,.F.);
#8361 = PLANE('',#8362);
#8362 = AXIS2_PLACEMENT_3D('',#8363,#8364,#8365);
#8363 = CARTESIAN_POINT('',(-2.6,-2.47,2.145));
#8364 = DIRECTION('',(-1.,0.,0.));
#8365 = DIRECTION('',(-0.,-2.22044604925E-16,-1.));
#8366 = ADVANCED_FACE('',(#8367),#8401,.F.);
#8367 = FACE_BOUND('',#8368,.F.);
#8368 = EDGE_LOOP('',(#8369,#8370,#8371,#8379,#8387,#8395));
#8369 = ORIENTED_EDGE('',*,*,#6482,.F.);
#8370 = ORIENTED_EDGE('',*,*,#8315,.T.);
#8371 = ORIENTED_EDGE('',*,*,#8372,.T.);
#8372 = EDGE_CURVE('',#8308,#8373,#8375,.T.);
#8373 = VERTEX_POINT('',#8374);
#8374 = CARTESIAN_POINT('',(2.4,0.13,2.0696));
#8375 = LINE('',#8376,#8377);
#8376 = CARTESIAN_POINT('',(2.4,0.13,2.145));
#8377 = VECTOR('',#8378,1.);
#8378 = DIRECTION('',(0.,-2.22044604925E-16,-1.));
#8379 = ORIENTED_EDGE('',*,*,#8380,.T.);
#8380 = EDGE_CURVE('',#8373,#8381,#8383,.T.);
#8381 = VERTEX_POINT('',#8382);
#8382 = CARTESIAN_POINT('',(2.4,-2.2446,2.0696));
#8383 = LINE('',#8384,#8385);
#8384 = CARTESIAN_POINT('',(2.4,1.1054,2.0696));
#8385 = VECTOR('',#8386,1.);
#8386 = DIRECTION('',(0.,-1.,0.));
#8387 = ORIENTED_EDGE('',*,*,#8388,.T.);
#8388 = EDGE_CURVE('',#8381,#8389,#8391,.T.);
#8389 = VERTEX_POINT('',#8390);
#8390 = CARTESIAN_POINT('',(2.4,-2.12,1.945));
#8391 = LINE('',#8392,#8393);
#8392 = CARTESIAN_POINT('',(2.4,-2.2446,2.0696));
#8393 = VECTOR('',#8394,1.);
#8394 = DIRECTION('',(0.,0.707106781187,-0.707106781187));
#8395 = ORIENTED_EDGE('',*,*,#8396,.F.);
#8396 = EDGE_CURVE('',#6475,#8389,#8397,.T.);
#8397 = LINE('',#8398,#8399);
#8398 = CARTESIAN_POINT('',(2.4,-2.47,1.945));
#8399 = VECTOR('',#8400,1.);
#8400 = DIRECTION('',(-0.,1.,-2.22044604925E-16));
#8401 = PLANE('',#8402);
#8402 = AXIS2_PLACEMENT_3D('',#8403,#8404,#8405);
#8403 = CARTESIAN_POINT('',(2.4,-2.47,2.145));
#8404 = DIRECTION('',(-1.,0.,0.));
#8405 = DIRECTION('',(-0.,-2.22044604925E-16,-1.));
#8406 = ADVANCED_FACE('',(#8407),#8425,.F.);
#8407 = FACE_BOUND('',#8408,.F.);
#8408 = EDGE_LOOP('',(#8409,#8417,#8423,#8424));
#8409 = ORIENTED_EDGE('',*,*,#8410,.T.);
#8410 = EDGE_CURVE('',#6235,#8411,#8413,.T.);
#8411 = VERTEX_POINT('',#8412);
#8412 = CARTESIAN_POINT('',(-2.4,0.13,2.145));
#8413 = LINE('',#8414,#8415);
#8414 = CARTESIAN_POINT('',(-2.4,-2.47,2.145));
#8415 = VECTOR('',#8416,1.);
#8416 = DIRECTION('',(-0.,1.,-2.22044604925E-16));
#8417 = ORIENTED_EDGE('',*,*,#8418,.T.);
#8418 = EDGE_CURVE('',#8411,#8332,#8419,.T.);
#8419 = LINE('',#8420,#8421);
#8420 = CARTESIAN_POINT('',(-2.4,0.13,2.145));
#8421 = VECTOR('',#8422,1.);
#8422 = DIRECTION('',(-1.,0.,0.));
#8423 = ORIENTED_EDGE('',*,*,#8331,.F.);
#8424 = ORIENTED_EDGE('',*,*,#6234,.F.);
#8425 = PLANE('',#8426);
#8426 = AXIS2_PLACEMENT_3D('',#8427,#8428,#8429);
#8427 = CARTESIAN_POINT('',(-2.4,-2.47,2.145));
#8428 = DIRECTION('',(0.,2.22044604925E-16,1.));
#8429 = DIRECTION('',(-1.,0.,0.));
#8430 = ADVANCED_FACE('',(#8431),#8457,.F.);
#8431 = FACE_BOUND('',#8432,.F.);
#8432 = EDGE_LOOP('',(#8433,#8434,#8442,#8450,#8456));
#8433 = ORIENTED_EDGE('',*,*,#8396,.T.);
#8434 = ORIENTED_EDGE('',*,*,#8435,.T.);
#8435 = EDGE_CURVE('',#8389,#8436,#8438,.T.);
#8436 = VERTEX_POINT('',#8437);
#8437 = CARTESIAN_POINT('',(2.4,0.13,1.945));
#8438 = LINE('',#8439,#8440);
#8439 = CARTESIAN_POINT('',(2.4,-2.47,1.945));
#8440 = VECTOR('',#8441,1.);
#8441 = DIRECTION('',(-0.,1.,-2.22044604925E-16));
#8442 = ORIENTED_EDGE('',*,*,#8443,.T.);
#8443 = EDGE_CURVE('',#8436,#8444,#8446,.T.);
#8444 = VERTEX_POINT('',#8445);
#8445 = CARTESIAN_POINT('',(2.25,0.13,1.945));
#8446 = LINE('',#8447,#8448);
#8447 = CARTESIAN_POINT('',(2.4,0.13,1.945));
#8448 = VECTOR('',#8449,1.);
#8449 = DIRECTION('',(-1.,0.,0.));
#8450 = ORIENTED_EDGE('',*,*,#8451,.F.);
#8451 = EDGE_CURVE('',#6467,#8444,#8452,.T.);
#8452 = LINE('',#8453,#8454);
#8453 = CARTESIAN_POINT('',(2.25,-2.47,1.945));
#8454 = VECTOR('',#8455,1.);
#8455 = DIRECTION('',(-0.,1.,-2.22044604925E-16));
#8456 = ORIENTED_EDGE('',*,*,#6474,.F.);
#8457 = PLANE('',#8458);
#8458 = AXIS2_PLACEMENT_3D('',#8459,#8460,#8461);
#8459 = CARTESIAN_POINT('',(2.4,-2.47,1.945));
#8460 = DIRECTION('',(0.,2.22044604925E-16,1.));
#8461 = DIRECTION('',(-1.,0.,0.));
#8462 = ADVANCED_FACE('',(#8463),#8497,.F.);
#8463 = FACE_BOUND('',#8464,.F.);
#8464 = EDGE_LOOP('',(#8465,#8466,#8474,#8482,#8490,#8496));
#8465 = ORIENTED_EDGE('',*,*,#6242,.F.);
#8466 = ORIENTED_EDGE('',*,*,#8467,.T.);
#8467 = EDGE_CURVE('',#6243,#8468,#8470,.T.);
#8468 = VERTEX_POINT('',#8469);
#8469 = CARTESIAN_POINT('',(-2.4,-2.12,1.945));
#8470 = LINE('',#8471,#8472);
#8471 = CARTESIAN_POINT('',(-2.4,-2.47,1.945));
#8472 = VECTOR('',#8473,1.);
#8473 = DIRECTION('',(-0.,1.,-2.22044604925E-16));
#8474 = ORIENTED_EDGE('',*,*,#8475,.F.);
#8475 = EDGE_CURVE('',#8476,#8468,#8478,.T.);
#8476 = VERTEX_POINT('',#8477);
#8477 = CARTESIAN_POINT('',(-2.4,-2.2446,2.0696));
#8478 = LINE('',#8479,#8480);
#8479 = CARTESIAN_POINT('',(-2.4,-2.2446,2.0696));
#8480 = VECTOR('',#8481,1.);
#8481 = DIRECTION('',(0.,0.707106781187,-0.707106781187));
#8482 = ORIENTED_EDGE('',*,*,#8483,.F.);
#8483 = EDGE_CURVE('',#8484,#8476,#8486,.T.);
#8484 = VERTEX_POINT('',#8485);
#8485 = CARTESIAN_POINT('',(-2.4,0.13,2.0696));
#8486 = LINE('',#8487,#8488);
#8487 = CARTESIAN_POINT('',(-2.4,1.1054,2.0696));
#8488 = VECTOR('',#8489,1.);
#8489 = DIRECTION('',(0.,-1.,0.));
#8490 = ORIENTED_EDGE('',*,*,#8491,.T.);
#8491 = EDGE_CURVE('',#8484,#8411,#8492,.T.);
#8492 = LINE('',#8493,#8494);
#8493 = CARTESIAN_POINT('',(-2.4,0.13,1.945));
#8494 = VECTOR('',#8495,1.);
#8495 = DIRECTION('',(0.,2.22044604925E-16,1.));
#8496 = ORIENTED_EDGE('',*,*,#8410,.F.);
#8497 = PLANE('',#8498);
#8498 = AXIS2_PLACEMENT_3D('',#8499,#8500,#8501);
#8499 = CARTESIAN_POINT('',(-2.4,-2.47,1.945));
#8500 = DIRECTION('',(1.,0.,0.));
#8501 = DIRECTION('',(-0.,2.22044604925E-16,1.));
#8502 = ADVANCED_FACE('',(#8503),#8521,.F.);
#8503 = FACE_BOUND('',#8504,.F.);
#8504 = EDGE_LOOP('',(#8505,#8506,#8514,#8520));
#8505 = ORIENTED_EDGE('',*,*,#8451,.T.);
#8506 = ORIENTED_EDGE('',*,*,#8507,.T.);
#8507 = EDGE_CURVE('',#8444,#8508,#8510,.T.);
#8508 = VERTEX_POINT('',#8509);
#8509 = CARTESIAN_POINT('',(2.25,0.13,2.145));
#8510 = LINE('',#8511,#8512);
#8511 = CARTESIAN_POINT('',(2.25,0.13,1.945));
#8512 = VECTOR('',#8513,1.);
#8513 = DIRECTION('',(0.,2.22044604925E-16,1.));
#8514 = ORIENTED_EDGE('',*,*,#8515,.F.);
#8515 = EDGE_CURVE('',#6459,#8508,#8516,.T.);
#8516 = LINE('',#8517,#8518);
#8517 = CARTESIAN_POINT('',(2.25,-2.47,2.145));
#8518 = VECTOR('',#8519,1.);
#8519 = DIRECTION('',(-0.,1.,-2.22044604925E-16));
#8520 = ORIENTED_EDGE('',*,*,#6466,.F.);
#8521 = PLANE('',#8522);
#8522 = AXIS2_PLACEMENT_3D('',#8523,#8524,#8525);
#8523 = CARTESIAN_POINT('',(2.25,-2.47,1.945));
#8524 = DIRECTION('',(1.,0.,0.));
#8525 = DIRECTION('',(-0.,2.22044604925E-16,1.));
#8526 = ADVANCED_FACE('',(#8527),#8553,.F.);
#8527 = FACE_BOUND('',#8528,.F.);
#8528 = EDGE_LOOP('',(#8529,#8537,#8545,#8551,#8552));
#8529 = ORIENTED_EDGE('',*,*,#8530,.T.);
#8530 = EDGE_CURVE('',#6251,#8531,#8533,.T.);
#8531 = VERTEX_POINT('',#8532);
#8532 = CARTESIAN_POINT('',(-2.25,0.13,1.945));
#8533 = LINE('',#8534,#8535);
#8534 = CARTESIAN_POINT('',(-2.25,-2.47,1.945));
#8535 = VECTOR('',#8536,1.);
#8536 = DIRECTION('',(-0.,1.,-2.22044604925E-16));
#8537 = ORIENTED_EDGE('',*,*,#8538,.T.);
#8538 = EDGE_CURVE('',#8531,#8539,#8541,.T.);
#8539 = VERTEX_POINT('',#8540);
#8540 = CARTESIAN_POINT('',(-2.4,0.13,1.945));
#8541 = LINE('',#8542,#8543);
#8542 = CARTESIAN_POINT('',(-2.25,0.13,1.945));
#8543 = VECTOR('',#8544,1.);
#8544 = DIRECTION('',(-1.,0.,0.));
#8545 = ORIENTED_EDGE('',*,*,#8546,.F.);
#8546 = EDGE_CURVE('',#8468,#8539,#8547,.T.);
#8547 = LINE('',#8548,#8549);
#8548 = CARTESIAN_POINT('',(-2.4,-2.47,1.945));
#8549 = VECTOR('',#8550,1.);
#8550 = DIRECTION('',(-0.,1.,-2.22044604925E-16));
#8551 = ORIENTED_EDGE('',*,*,#8467,.F.);
#8552 = ORIENTED_EDGE('',*,*,#6250,.F.);
#8553 = PLANE('',#8554);
#8554 = AXIS2_PLACEMENT_3D('',#8555,#8556,#8557);
#8555 = CARTESIAN_POINT('',(-2.25,-2.47,1.945));
#8556 = DIRECTION('',(0.,2.22044604925E-16,1.));
#8557 = DIRECTION('',(-1.,0.,0.));
#8558 = ADVANCED_FACE('',(#8559),#8577,.F.);
#8559 = FACE_BOUND('',#8560,.F.);
#8560 = EDGE_LOOP('',(#8561,#8562,#8570,#8576));
#8561 = ORIENTED_EDGE('',*,*,#8515,.T.);
#8562 = ORIENTED_EDGE('',*,*,#8563,.T.);
#8563 = EDGE_CURVE('',#8508,#8564,#8566,.T.);
#8564 = VERTEX_POINT('',#8565);
#8565 = CARTESIAN_POINT('',(1.5,0.13,2.145));
#8566 = LINE('',#8567,#8568);
#8567 = CARTESIAN_POINT('',(2.25,0.13,2.145));
#8568 = VECTOR('',#8569,1.);
#8569 = DIRECTION('',(-1.,0.,0.));
#8570 = ORIENTED_EDGE('',*,*,#8571,.F.);
#8571 = EDGE_CURVE('',#6451,#8564,#8572,.T.);
#8572 = LINE('',#8573,#8574);
#8573 = CARTESIAN_POINT('',(1.5,-2.47,2.145));
#8574 = VECTOR('',#8575,1.);
#8575 = DIRECTION('',(-0.,1.,-2.22044604925E-16));
#8576 = ORIENTED_EDGE('',*,*,#6458,.F.);
#8577 = PLANE('',#8578);
#8578 = AXIS2_PLACEMENT_3D('',#8579,#8580,#8581);
#8579 = CARTESIAN_POINT('',(2.25,-2.47,2.145));
#8580 = DIRECTION('',(0.,2.22044604925E-16,1.));
#8581 = DIRECTION('',(-1.,0.,0.));
#8582 = ADVANCED_FACE('',(#8583),#8601,.F.);
#8583 = FACE_BOUND('',#8584,.F.);
#8584 = EDGE_LOOP('',(#8585,#8593,#8599,#8600));
#8585 = ORIENTED_EDGE('',*,*,#8586,.T.);
#8586 = EDGE_CURVE('',#6259,#8587,#8589,.T.);
#8587 = VERTEX_POINT('',#8588);
#8588 = CARTESIAN_POINT('',(-2.25,0.13,2.145));
#8589 = LINE('',#8590,#8591);
#8590 = CARTESIAN_POINT('',(-2.25,-2.47,2.145));
#8591 = VECTOR('',#8592,1.);
#8592 = DIRECTION('',(-0.,1.,-2.22044604925E-16));
#8593 = ORIENTED_EDGE('',*,*,#8594,.T.);
#8594 = EDGE_CURVE('',#8587,#8531,#8595,.T.);
#8595 = LINE('',#8596,#8597);
#8596 = CARTESIAN_POINT('',(-2.25,0.13,2.145));
#8597 = VECTOR('',#8598,1.);
#8598 = DIRECTION('',(0.,-2.22044604925E-16,-1.));
#8599 = ORIENTED_EDGE('',*,*,#8530,.F.);
#8600 = ORIENTED_EDGE('',*,*,#6258,.F.);
#8601 = PLANE('',#8602);
#8602 = AXIS2_PLACEMENT_3D('',#8603,#8604,#8605);
#8603 = CARTESIAN_POINT('',(-2.25,-2.47,2.145));
#8604 = DIRECTION('',(-1.,0.,0.));
#8605 = DIRECTION('',(-0.,-2.22044604925E-16,-1.));
#8606 = ADVANCED_FACE('',(#8607),#8625,.F.);
#8607 = FACE_BOUND('',#8608,.F.);
#8608 = EDGE_LOOP('',(#8609,#8610,#8618,#8624));
#8609 = ORIENTED_EDGE('',*,*,#8571,.T.);
#8610 = ORIENTED_EDGE('',*,*,#8611,.T.);
#8611 = EDGE_CURVE('',#8564,#8612,#8614,.T.);
#8612 = VERTEX_POINT('',#8613);
#8613 = CARTESIAN_POINT('',(1.5,0.13,1.945));
#8614 = LINE('',#8615,#8616);
#8615 = CARTESIAN_POINT('',(1.5,0.13,2.145));
#8616 = VECTOR('',#8617,1.);
#8617 = DIRECTION('',(0.,-2.22044604925E-16,-1.));
#8618 = ORIENTED_EDGE('',*,*,#8619,.F.);
#8619 = EDGE_CURVE('',#6443,#8612,#8620,.T.);
#8620 = LINE('',#8621,#8622);
#8621 = CARTESIAN_POINT('',(1.5,-2.47,1.945));
#8622 = VECTOR('',#8623,1.);
#8623 = DIRECTION('',(-0.,1.,-2.22044604925E-16));
#8624 = ORIENTED_EDGE('',*,*,#6450,.F.);
#8625 = PLANE('',#8626);
#8626 = AXIS2_PLACEMENT_3D('',#8627,#8628,#8629);
#8627 = CARTESIAN_POINT('',(1.5,-2.47,2.145));
#8628 = DIRECTION('',(-1.,0.,0.));
#8629 = DIRECTION('',(-0.,-2.22044604925E-16,-1.));
#8630 = ADVANCED_FACE('',(#8631),#8649,.F.);
#8631 = FACE_BOUND('',#8632,.F.);
#8632 = EDGE_LOOP('',(#8633,#8641,#8647,#8648));
#8633 = ORIENTED_EDGE('',*,*,#8634,.T.);
#8634 = EDGE_CURVE('',#6267,#8635,#8637,.T.);
#8635 = VERTEX_POINT('',#8636);
#8636 = CARTESIAN_POINT('',(-1.5,0.13,2.145));
#8637 = LINE('',#8638,#8639);
#8638 = CARTESIAN_POINT('',(-1.5,-2.47,2.145));
#8639 = VECTOR('',#8640,1.);
#8640 = DIRECTION('',(-0.,1.,-2.22044604925E-16));
#8641 = ORIENTED_EDGE('',*,*,#8642,.T.);
#8642 = EDGE_CURVE('',#8635,#8587,#8643,.T.);
#8643 = LINE('',#8644,#8645);
#8644 = CARTESIAN_POINT('',(-1.5,0.13,2.145));
#8645 = VECTOR('',#8646,1.);
#8646 = DIRECTION('',(-1.,0.,0.));
#8647 = ORIENTED_EDGE('',*,*,#8586,.F.);
#8648 = ORIENTED_EDGE('',*,*,#6266,.F.);
#8649 = PLANE('',#8650);
#8650 = AXIS2_PLACEMENT_3D('',#8651,#8652,#8653);
#8651 = CARTESIAN_POINT('',(-1.5,-2.47,2.145));
#8652 = DIRECTION('',(0.,2.22044604925E-16,1.));
#8653 = DIRECTION('',(-1.,0.,0.));
#8654 = ADVANCED_FACE('',(#8655),#8681,.F.);
#8655 = FACE_BOUND('',#8656,.F.);
#8656 = EDGE_LOOP('',(#8657,#8658,#8666,#8674,#8680));
#8657 = ORIENTED_EDGE('',*,*,#8619,.T.);
#8658 = ORIENTED_EDGE('',*,*,#8659,.T.);
#8659 = EDGE_CURVE('',#8612,#8660,#8662,.T.);
#8660 = VERTEX_POINT('',#8661);
#8661 = CARTESIAN_POINT('',(1.35,0.13,1.945));
#8662 = LINE('',#8663,#8664);
#8663 = CARTESIAN_POINT('',(1.5,0.13,1.945));
#8664 = VECTOR('',#8665,1.);
#8665 = DIRECTION('',(-1.,0.,0.));
#8666 = ORIENTED_EDGE('',*,*,#8667,.F.);
#8667 = EDGE_CURVE('',#8668,#8660,#8670,.T.);
#8668 = VERTEX_POINT('',#8669);
#8669 = CARTESIAN_POINT('',(1.35,-2.12,1.945));
#8670 = LINE('',#8671,#8672);
#8671 = CARTESIAN_POINT('',(1.35,-2.47,1.945));
#8672 = VECTOR('',#8673,1.);
#8673 = DIRECTION('',(-0.,1.,-2.22044604925E-16));
#8674 = ORIENTED_EDGE('',*,*,#8675,.F.);
#8675 = EDGE_CURVE('',#6435,#8668,#8676,.T.);
#8676 = LINE('',#8677,#8678);
#8677 = CARTESIAN_POINT('',(1.35,-2.47,1.945));
#8678 = VECTOR('',#8679,1.);
#8679 = DIRECTION('',(-0.,1.,-2.22044604925E-16));
#8680 = ORIENTED_EDGE('',*,*,#6442,.F.);
#8681 = PLANE('',#8682);
#8682 = AXIS2_PLACEMENT_3D('',#8683,#8684,#8685);
#8683 = CARTESIAN_POINT('',(1.5,-2.47,1.945));
#8684 = DIRECTION('',(0.,2.22044604925E-16,1.));
#8685 = DIRECTION('',(-1.,0.,0.));
#8686 = ADVANCED_FACE('',(#8687),#8705,.F.);
#8687 = FACE_BOUND('',#8688,.F.);
#8688 = EDGE_LOOP('',(#8689,#8697,#8703,#8704));
#8689 = ORIENTED_EDGE('',*,*,#8690,.T.);
#8690 = EDGE_CURVE('',#6275,#8691,#8693,.T.);
#8691 = VERTEX_POINT('',#8692);
#8692 = CARTESIAN_POINT('',(-1.5,0.13,1.945));
#8693 = LINE('',#8694,#8695);
#8694 = CARTESIAN_POINT('',(-1.5,-2.47,1.945));
#8695 = VECTOR('',#8696,1.);
#8696 = DIRECTION('',(-0.,1.,-2.22044604925E-16));
#8697 = ORIENTED_EDGE('',*,*,#8698,.T.);
#8698 = EDGE_CURVE('',#8691,#8635,#8699,.T.);
#8699 = LINE('',#8700,#8701);
#8700 = CARTESIAN_POINT('',(-1.5,0.13,1.945));
#8701 = VECTOR('',#8702,1.);
#8702 = DIRECTION('',(0.,2.22044604925E-16,1.));
#8703 = ORIENTED_EDGE('',*,*,#8634,.F.);
#8704 = ORIENTED_EDGE('',*,*,#6274,.F.);
#8705 = PLANE('',#8706);
#8706 = AXIS2_PLACEMENT_3D('',#8707,#8708,#8709);
#8707 = CARTESIAN_POINT('',(-1.5,-2.47,1.945));
#8708 = DIRECTION('',(1.,0.,0.));
#8709 = DIRECTION('',(-0.,2.22044604925E-16,1.));
#8710 = ADVANCED_FACE('',(#8711),#8745,.F.);
#8711 = FACE_BOUND('',#8712,.F.);
#8712 = EDGE_LOOP('',(#8713,#8714,#8715,#8723,#8731,#8739));
#8713 = ORIENTED_EDGE('',*,*,#6434,.F.);
#8714 = ORIENTED_EDGE('',*,*,#8675,.T.);
#8715 = ORIENTED_EDGE('',*,*,#8716,.F.);
#8716 = EDGE_CURVE('',#8717,#8668,#8719,.T.);
#8717 = VERTEX_POINT('',#8718);
#8718 = CARTESIAN_POINT('',(1.35,-2.2446,2.0696));
#8719 = LINE('',#8720,#8721);
#8720 = CARTESIAN_POINT('',(1.35,-2.2446,2.0696));
#8721 = VECTOR('',#8722,1.);
#8722 = DIRECTION('',(0.,0.707106781187,-0.707106781187));
#8723 = ORIENTED_EDGE('',*,*,#8724,.F.);
#8724 = EDGE_CURVE('',#8725,#8717,#8727,.T.);
#8725 = VERTEX_POINT('',#8726);
#8726 = CARTESIAN_POINT('',(1.35,0.13,2.0696));
#8727 = LINE('',#8728,#8729);
#8728 = CARTESIAN_POINT('',(1.35,1.1054,2.0696));
#8729 = VECTOR('',#8730,1.);
#8730 = DIRECTION('',(0.,-1.,0.));
#8731 = ORIENTED_EDGE('',*,*,#8732,.T.);
#8732 = EDGE_CURVE('',#8725,#8733,#8735,.T.);
#8733 = VERTEX_POINT('',#8734);
#8734 = CARTESIAN_POINT('',(1.35,0.13,2.145));
#8735 = LINE('',#8736,#8737);
#8736 = CARTESIAN_POINT('',(1.35,0.13,1.945));
#8737 = VECTOR('',#8738,1.);
#8738 = DIRECTION('',(0.,2.22044604925E-16,1.));
#8739 = ORIENTED_EDGE('',*,*,#8740,.F.);
#8740 = EDGE_CURVE('',#6427,#8733,#8741,.T.);
#8741 = LINE('',#8742,#8743);
#8742 = CARTESIAN_POINT('',(1.35,-2.47,2.145));
#8743 = VECTOR('',#8744,1.);
#8744 = DIRECTION('',(-0.,1.,-2.22044604925E-16));
#8745 = PLANE('',#8746);
#8746 = AXIS2_PLACEMENT_3D('',#8747,#8748,#8749);
#8747 = CARTESIAN_POINT('',(1.35,-2.47,1.945));
#8748 = DIRECTION('',(1.,0.,0.));
#8749 = DIRECTION('',(-0.,2.22044604925E-16,1.));
#8750 = ADVANCED_FACE('',(#8751),#8777,.F.);
#8751 = FACE_BOUND('',#8752,.F.);
#8752 = EDGE_LOOP('',(#8753,#8761,#8769,#8775,#8776));
#8753 = ORIENTED_EDGE('',*,*,#8754,.T.);
#8754 = EDGE_CURVE('',#6283,#8755,#8757,.T.);
#8755 = VERTEX_POINT('',#8756);
#8756 = CARTESIAN_POINT('',(-1.35,-2.12,1.945));
#8757 = LINE('',#8758,#8759);
#8758 = CARTESIAN_POINT('',(-1.35,-2.47,1.945));
#8759 = VECTOR('',#8760,1.);
#8760 = DIRECTION('',(-0.,1.,-2.22044604925E-16));
#8761 = ORIENTED_EDGE('',*,*,#8762,.T.);
#8762 = EDGE_CURVE('',#8755,#8763,#8765,.T.);
#8763 = VERTEX_POINT('',#8764);
#8764 = CARTESIAN_POINT('',(-1.35,0.13,1.945));
#8765 = LINE('',#8766,#8767);
#8766 = CARTESIAN_POINT('',(-1.35,-2.47,1.945));
#8767 = VECTOR('',#8768,1.);
#8768 = DIRECTION('',(-0.,1.,-2.22044604925E-16));
#8769 = ORIENTED_EDGE('',*,*,#8770,.T.);
#8770 = EDGE_CURVE('',#8763,#8691,#8771,.T.);
#8771 = LINE('',#8772,#8773);
#8772 = CARTESIAN_POINT('',(-1.35,0.13,1.945));
#8773 = VECTOR('',#8774,1.);
#8774 = DIRECTION('',(-1.,0.,0.));
#8775 = ORIENTED_EDGE('',*,*,#8690,.F.);
#8776 = ORIENTED_EDGE('',*,*,#6282,.F.);
#8777 = PLANE('',#8778);
#8778 = AXIS2_PLACEMENT_3D('',#8779,#8780,#8781);
#8779 = CARTESIAN_POINT('',(-1.35,-2.47,1.945));
#8780 = DIRECTION('',(0.,2.22044604925E-16,1.));
#8781 = DIRECTION('',(-1.,0.,0.));
#8782 = ADVANCED_FACE('',(#8783),#8801,.F.);
#8783 = FACE_BOUND('',#8784,.F.);
#8784 = EDGE_LOOP('',(#8785,#8786,#8794,#8800));
#8785 = ORIENTED_EDGE('',*,*,#8740,.T.);
#8786 = ORIENTED_EDGE('',*,*,#8787,.T.);
#8787 = EDGE_CURVE('',#8733,#8788,#8790,.T.);
#8788 = VERTEX_POINT('',#8789);
#8789 = CARTESIAN_POINT('',(1.15,0.13,2.145));
#8790 = LINE('',#8791,#8792);
#8791 = CARTESIAN_POINT('',(1.35,0.13,2.145));
#8792 = VECTOR('',#8793,1.);
#8793 = DIRECTION('',(-1.,0.,0.));
#8794 = ORIENTED_EDGE('',*,*,#8795,.F.);
#8795 = EDGE_CURVE('',#6419,#8788,#8796,.T.);
#8796 = LINE('',#8797,#8798);
#8797 = CARTESIAN_POINT('',(1.15,-2.47,2.145));
#8798 = VECTOR('',#8799,1.);
#8799 = DIRECTION('',(-0.,1.,-2.22044604925E-16));
#8800 = ORIENTED_EDGE('',*,*,#6426,.F.);
#8801 = PLANE('',#8802);
#8802 = AXIS2_PLACEMENT_3D('',#8803,#8804,#8805);
#8803 = CARTESIAN_POINT('',(1.35,-2.47,2.145));
#8804 = DIRECTION('',(0.,2.22044604925E-16,1.));
#8805 = DIRECTION('',(-1.,0.,0.));
#8806 = ADVANCED_FACE('',(#8807),#8841,.F.);
#8807 = FACE_BOUND('',#8808,.F.);
#8808 = EDGE_LOOP('',(#8809,#8810,#8818,#8826,#8834,#8840));
#8809 = ORIENTED_EDGE('',*,*,#6290,.F.);
#8810 = ORIENTED_EDGE('',*,*,#8811,.T.);
#8811 = EDGE_CURVE('',#6291,#8812,#8814,.T.);
#8812 = VERTEX_POINT('',#8813);
#8813 = CARTESIAN_POINT('',(-1.35,0.13,2.145));
#8814 = LINE('',#8815,#8816);
#8815 = CARTESIAN_POINT('',(-1.35,-2.47,2.145));
#8816 = VECTOR('',#8817,1.);
#8817 = DIRECTION('',(-0.,1.,-2.22044604925E-16));
#8818 = ORIENTED_EDGE('',*,*,#8819,.T.);
#8819 = EDGE_CURVE('',#8812,#8820,#8822,.T.);
#8820 = VERTEX_POINT('',#8821);
#8821 = CARTESIAN_POINT('',(-1.35,0.13,2.0696));
#8822 = LINE('',#8823,#8824);
#8823 = CARTESIAN_POINT('',(-1.35,0.13,2.145));
#8824 = VECTOR('',#8825,1.);
#8825 = DIRECTION('',(0.,-2.22044604925E-16,-1.));
#8826 = ORIENTED_EDGE('',*,*,#8827,.T.);
#8827 = EDGE_CURVE('',#8820,#8828,#8830,.T.);
#8828 = VERTEX_POINT('',#8829);
#8829 = CARTESIAN_POINT('',(-1.35,-2.2446,2.0696));
#8830 = LINE('',#8831,#8832);
#8831 = CARTESIAN_POINT('',(-1.35,1.1054,2.0696));
#8832 = VECTOR('',#8833,1.);
#8833 = DIRECTION('',(0.,-1.,0.));
#8834 = ORIENTED_EDGE('',*,*,#8835,.T.);
#8835 = EDGE_CURVE('',#8828,#8755,#8836,.T.);
#8836 = LINE('',#8837,#8838);
#8837 = CARTESIAN_POINT('',(-1.35,-2.2446,2.0696));
#8838 = VECTOR('',#8839,1.);
#8839 = DIRECTION('',(0.,0.707106781187,-0.707106781187));
#8840 = ORIENTED_EDGE('',*,*,#8754,.F.);
#8841 = PLANE('',#8842);
#8842 = AXIS2_PLACEMENT_3D('',#8843,#8844,#8845);
#8843 = CARTESIAN_POINT('',(-1.35,-2.47,2.145));
#8844 = DIRECTION('',(-1.,0.,0.));
#8845 = DIRECTION('',(-0.,-2.22044604925E-16,-1.));
#8846 = ADVANCED_FACE('',(#8847),#8881,.F.);
#8847 = FACE_BOUND('',#8848,.F.);
#8848 = EDGE_LOOP('',(#8849,#8850,#8851,#8859,#8867,#8875));
#8849 = ORIENTED_EDGE('',*,*,#6418,.F.);
#8850 = ORIENTED_EDGE('',*,*,#8795,.T.);
#8851 = ORIENTED_EDGE('',*,*,#8852,.T.);
#8852 = EDGE_CURVE('',#8788,#8853,#8855,.T.);
#8853 = VERTEX_POINT('',#8854);
#8854 = CARTESIAN_POINT('',(1.15,0.13,2.0696));
#8855 = LINE('',#8856,#8857);
#8856 = CARTESIAN_POINT('',(1.15,0.13,2.145));
#8857 = VECTOR('',#8858,1.);
#8858 = DIRECTION('',(0.,-2.22044604925E-16,-1.));
#8859 = ORIENTED_EDGE('',*,*,#8860,.T.);
#8860 = EDGE_CURVE('',#8853,#8861,#8863,.T.);
#8861 = VERTEX_POINT('',#8862);
#8862 = CARTESIAN_POINT('',(1.15,-2.2446,2.0696));
#8863 = LINE('',#8864,#8865);
#8864 = CARTESIAN_POINT('',(1.15,1.1054,2.0696));
#8865 = VECTOR('',#8866,1.);
#8866 = DIRECTION('',(0.,-1.,0.));
#8867 = ORIENTED_EDGE('',*,*,#8868,.T.);
#8868 = EDGE_CURVE('',#8861,#8869,#8871,.T.);
#8869 = VERTEX_POINT('',#8870);
#8870 = CARTESIAN_POINT('',(1.15,-2.12,1.945));
#8871 = LINE('',#8872,#8873);
#8872 = CARTESIAN_POINT('',(1.15,-2.2446,2.0696));
#8873 = VECTOR('',#8874,1.);
#8874 = DIRECTION('',(0.,0.707106781187,-0.707106781187));
#8875 = ORIENTED_EDGE('',*,*,#8876,.F.);
#8876 = EDGE_CURVE('',#6411,#8869,#8877,.T.);
#8877 = LINE('',#8878,#8879);
#8878 = CARTESIAN_POINT('',(1.15,-2.47,1.945));
#8879 = VECTOR('',#8880,1.);
#8880 = DIRECTION('',(-0.,1.,-2.22044604925E-16));
#8881 = PLANE('',#8882);
#8882 = AXIS2_PLACEMENT_3D('',#8883,#8884,#8885);
#8883 = CARTESIAN_POINT('',(1.15,-2.47,2.145));
#8884 = DIRECTION('',(-1.,0.,0.));
#8885 = DIRECTION('',(-0.,-2.22044604925E-16,-1.));
#8886 = ADVANCED_FACE('',(#8887),#8905,.F.);
#8887 = FACE_BOUND('',#8888,.F.);
#8888 = EDGE_LOOP('',(#8889,#8897,#8903,#8904));
#8889 = ORIENTED_EDGE('',*,*,#8890,.T.);
#8890 = EDGE_CURVE('',#6299,#8891,#8893,.T.);
#8891 = VERTEX_POINT('',#8892);
#8892 = CARTESIAN_POINT('',(-1.15,0.13,2.145));
#8893 = LINE('',#8894,#8895);
#8894 = CARTESIAN_POINT('',(-1.15,-2.47,2.145));
#8895 = VECTOR('',#8896,1.);
#8896 = DIRECTION('',(-0.,1.,-2.22044604925E-16));
#8897 = ORIENTED_EDGE('',*,*,#8898,.T.);
#8898 = EDGE_CURVE('',#8891,#8812,#8899,.T.);
#8899 = LINE('',#8900,#8901);
#8900 = CARTESIAN_POINT('',(-1.15,0.13,2.145));
#8901 = VECTOR('',#8902,1.);
#8902 = DIRECTION('',(-1.,0.,0.));
#8903 = ORIENTED_EDGE('',*,*,#8811,.F.);
#8904 = ORIENTED_EDGE('',*,*,#6298,.F.);
#8905 = PLANE('',#8906);
#8906 = AXIS2_PLACEMENT_3D('',#8907,#8908,#8909);
#8907 = CARTESIAN_POINT('',(-1.15,-2.47,2.145));
#8908 = DIRECTION('',(0.,2.22044604925E-16,1.));
#8909 = DIRECTION('',(-1.,0.,0.));
#8910 = ADVANCED_FACE('',(#8911),#8937,.F.);
#8911 = FACE_BOUND('',#8912,.F.);
#8912 = EDGE_LOOP('',(#8913,#8914,#8922,#8930,#8936));
#8913 = ORIENTED_EDGE('',*,*,#8876,.T.);
#8914 = ORIENTED_EDGE('',*,*,#8915,.T.);
#8915 = EDGE_CURVE('',#8869,#8916,#8918,.T.);
#8916 = VERTEX_POINT('',#8917);
#8917 = CARTESIAN_POINT('',(1.15,0.13,1.945));
#8918 = LINE('',#8919,#8920);
#8919 = CARTESIAN_POINT('',(1.15,-2.47,1.945));
#8920 = VECTOR('',#8921,1.);
#8921 = DIRECTION('',(-0.,1.,-2.22044604925E-16));
#8922 = ORIENTED_EDGE('',*,*,#8923,.T.);
#8923 = EDGE_CURVE('',#8916,#8924,#8926,.T.);
#8924 = VERTEX_POINT('',#8925);
#8925 = CARTESIAN_POINT('',(1.,0.13,1.945));
#8926 = LINE('',#8927,#8928);
#8927 = CARTESIAN_POINT('',(1.15,0.13,1.945));
#8928 = VECTOR('',#8929,1.);
#8929 = DIRECTION('',(-1.,0.,0.));
#8930 = ORIENTED_EDGE('',*,*,#8931,.F.);
#8931 = EDGE_CURVE('',#6403,#8924,#8932,.T.);
#8932 = LINE('',#8933,#8934);
#8933 = CARTESIAN_POINT('',(1.,-2.47,1.945));
#8934 = VECTOR('',#8935,1.);
#8935 = DIRECTION('',(-0.,1.,-2.22044604925E-16));
#8936 = ORIENTED_EDGE('',*,*,#6410,.F.);
#8937 = PLANE('',#8938);
#8938 = AXIS2_PLACEMENT_3D('',#8939,#8940,#8941);
#8939 = CARTESIAN_POINT('',(1.15,-2.47,1.945));
#8940 = DIRECTION('',(0.,2.22044604925E-16,1.));
#8941 = DIRECTION('',(-1.,0.,0.));
#8942 = ADVANCED_FACE('',(#8943),#8977,.F.);
#8943 = FACE_BOUND('',#8944,.F.);
#8944 = EDGE_LOOP('',(#8945,#8946,#8954,#8962,#8970,#8976));
#8945 = ORIENTED_EDGE('',*,*,#6306,.F.);
#8946 = ORIENTED_EDGE('',*,*,#8947,.T.);
#8947 = EDGE_CURVE('',#6307,#8948,#8950,.T.);
#8948 = VERTEX_POINT('',#8949);
#8949 = CARTESIAN_POINT('',(-1.15,-2.12,1.945));
#8950 = LINE('',#8951,#8952);
#8951 = CARTESIAN_POINT('',(-1.15,-2.47,1.945));
#8952 = VECTOR('',#8953,1.);
#8953 = DIRECTION('',(-0.,1.,-2.22044604925E-16));
#8954 = ORIENTED_EDGE('',*,*,#8955,.F.);
#8955 = EDGE_CURVE('',#8956,#8948,#8958,.T.);
#8956 = VERTEX_POINT('',#8957);
#8957 = CARTESIAN_POINT('',(-1.15,-2.2446,2.0696));
#8958 = LINE('',#8959,#8960);
#8959 = CARTESIAN_POINT('',(-1.15,-2.2446,2.0696));
#8960 = VECTOR('',#8961,1.);
#8961 = DIRECTION('',(0.,0.707106781187,-0.707106781187));
#8962 = ORIENTED_EDGE('',*,*,#8963,.F.);
#8963 = EDGE_CURVE('',#8964,#8956,#8966,.T.);
#8964 = VERTEX_POINT('',#8965);
#8965 = CARTESIAN_POINT('',(-1.15,0.13,2.0696));
#8966 = LINE('',#8967,#8968);
#8967 = CARTESIAN_POINT('',(-1.15,1.1054,2.0696));
#8968 = VECTOR('',#8969,1.);
#8969 = DIRECTION('',(0.,-1.,0.));
#8970 = ORIENTED_EDGE('',*,*,#8971,.T.);
#8971 = EDGE_CURVE('',#8964,#8891,#8972,.T.);
#8972 = LINE('',#8973,#8974);
#8973 = CARTESIAN_POINT('',(-1.15,0.13,1.945));
#8974 = VECTOR('',#8975,1.);
#8975 = DIRECTION('',(0.,2.22044604925E-16,1.));
#8976 = ORIENTED_EDGE('',*,*,#8890,.F.);
#8977 = PLANE('',#8978);
#8978 = AXIS2_PLACEMENT_3D('',#8979,#8980,#8981);
#8979 = CARTESIAN_POINT('',(-1.15,-2.47,1.945));
#8980 = DIRECTION('',(1.,0.,0.));
#8981 = DIRECTION('',(-0.,2.22044604925E-16,1.));
#8982 = ADVANCED_FACE('',(#8983),#9001,.F.);
#8983 = FACE_BOUND('',#8984,.F.);
#8984 = EDGE_LOOP('',(#8985,#8986,#8994,#9000));
#8985 = ORIENTED_EDGE('',*,*,#8931,.T.);
#8986 = ORIENTED_EDGE('',*,*,#8987,.T.);
#8987 = EDGE_CURVE('',#8924,#8988,#8990,.T.);
#8988 = VERTEX_POINT('',#8989);
#8989 = CARTESIAN_POINT('',(1.,0.13,2.145));
#8990 = LINE('',#8991,#8992);
#8991 = CARTESIAN_POINT('',(1.,0.13,1.945));
#8992 = VECTOR('',#8993,1.);
#8993 = DIRECTION('',(0.,2.22044604925E-16,1.));
#8994 = ORIENTED_EDGE('',*,*,#8995,.F.);
#8995 = EDGE_CURVE('',#6395,#8988,#8996,.T.);
#8996 = LINE('',#8997,#8998);
#8997 = CARTESIAN_POINT('',(1.,-2.47,2.145));
#8998 = VECTOR('',#8999,1.);
#8999 = DIRECTION('',(-0.,1.,-2.22044604925E-16));
#9000 = ORIENTED_EDGE('',*,*,#6402,.F.);
#9001 = PLANE('',#9002);
#9002 = AXIS2_PLACEMENT_3D('',#9003,#9004,#9005);
#9003 = CARTESIAN_POINT('',(1.,-2.47,1.945));
#9004 = DIRECTION('',(1.,0.,0.));
#9005 = DIRECTION('',(-0.,2.22044604925E-16,1.));
#9006 = ADVANCED_FACE('',(#9007),#9033,.F.);
#9007 = FACE_BOUND('',#9008,.F.);
#9008 = EDGE_LOOP('',(#9009,#9017,#9025,#9031,#9032));
#9009 = ORIENTED_EDGE('',*,*,#9010,.T.);
#9010 = EDGE_CURVE('',#6315,#9011,#9013,.T.);
#9011 = VERTEX_POINT('',#9012);
#9012 = CARTESIAN_POINT('',(-1.,0.13,1.945));
#9013 = LINE('',#9014,#9015);
#9014 = CARTESIAN_POINT('',(-1.,-2.47,1.945));
#9015 = VECTOR('',#9016,1.);
#9016 = DIRECTION('',(-0.,1.,-2.22044604925E-16));
#9017 = ORIENTED_EDGE('',*,*,#9018,.T.);
#9018 = EDGE_CURVE('',#9011,#9019,#9021,.T.);
#9019 = VERTEX_POINT('',#9020);
#9020 = CARTESIAN_POINT('',(-1.15,0.13,1.945));
#9021 = LINE('',#9022,#9023);
#9022 = CARTESIAN_POINT('',(-1.,0.13,1.945));
#9023 = VECTOR('',#9024,1.);
#9024 = DIRECTION('',(-1.,0.,0.));
#9025 = ORIENTED_EDGE('',*,*,#9026,.F.);
#9026 = EDGE_CURVE('',#8948,#9019,#9027,.T.);
#9027 = LINE('',#9028,#9029);
#9028 = CARTESIAN_POINT('',(-1.15,-2.47,1.945));
#9029 = VECTOR('',#9030,1.);
#9030 = DIRECTION('',(-0.,1.,-2.22044604925E-16));
#9031 = ORIENTED_EDGE('',*,*,#8947,.F.);
#9032 = ORIENTED_EDGE('',*,*,#6314,.F.);
#9033 = PLANE('',#9034);
#9034 = AXIS2_PLACEMENT_3D('',#9035,#9036,#9037);
#9035 = CARTESIAN_POINT('',(-1.,-2.47,1.945));
#9036 = DIRECTION('',(0.,2.22044604925E-16,1.));
#9037 = DIRECTION('',(-1.,0.,0.));
#9038 = ADVANCED_FACE('',(#9039),#9057,.F.);
#9039 = FACE_BOUND('',#9040,.F.);
#9040 = EDGE_LOOP('',(#9041,#9042,#9050,#9056));
#9041 = ORIENTED_EDGE('',*,*,#8995,.T.);
#9042 = ORIENTED_EDGE('',*,*,#9043,.T.);
#9043 = EDGE_CURVE('',#8988,#9044,#9046,.T.);
#9044 = VERTEX_POINT('',#9045);
#9045 = CARTESIAN_POINT('',(0.25,0.13,2.145));
#9046 = LINE('',#9047,#9048);
#9047 = CARTESIAN_POINT('',(1.,0.13,2.145));
#9048 = VECTOR('',#9049,1.);
#9049 = DIRECTION('',(-1.,0.,0.));
#9050 = ORIENTED_EDGE('',*,*,#9051,.F.);
#9051 = EDGE_CURVE('',#6387,#9044,#9052,.T.);
#9052 = LINE('',#9053,#9054);
#9053 = CARTESIAN_POINT('',(0.25,-2.47,2.145));
#9054 = VECTOR('',#9055,1.);
#9055 = DIRECTION('',(-0.,1.,-2.22044604925E-16));
#9056 = ORIENTED_EDGE('',*,*,#6394,.F.);
#9057 = PLANE('',#9058);
#9058 = AXIS2_PLACEMENT_3D('',#9059,#9060,#9061);
#9059 = CARTESIAN_POINT('',(1.,-2.47,2.145));
#9060 = DIRECTION('',(0.,2.22044604925E-16,1.));
#9061 = DIRECTION('',(-1.,0.,0.));
#9062 = ADVANCED_FACE('',(#9063),#9081,.F.);
#9063 = FACE_BOUND('',#9064,.F.);
#9064 = EDGE_LOOP('',(#9065,#9073,#9079,#9080));
#9065 = ORIENTED_EDGE('',*,*,#9066,.T.);
#9066 = EDGE_CURVE('',#6323,#9067,#9069,.T.);
#9067 = VERTEX_POINT('',#9068);
#9068 = CARTESIAN_POINT('',(-1.,0.13,2.145));
#9069 = LINE('',#9070,#9071);
#9070 = CARTESIAN_POINT('',(-1.,-2.47,2.145));
#9071 = VECTOR('',#9072,1.);
#9072 = DIRECTION('',(-0.,1.,-2.22044604925E-16));
#9073 = ORIENTED_EDGE('',*,*,#9074,.T.);
#9074 = EDGE_CURVE('',#9067,#9011,#9075,.T.);
#9075 = LINE('',#9076,#9077);
#9076 = CARTESIAN_POINT('',(-1.,0.13,2.145));
#9077 = VECTOR('',#9078,1.);
#9078 = DIRECTION('',(0.,-2.22044604925E-16,-1.));
#9079 = ORIENTED_EDGE('',*,*,#9010,.F.);
#9080 = ORIENTED_EDGE('',*,*,#6322,.F.);
#9081 = PLANE('',#9082);
#9082 = AXIS2_PLACEMENT_3D('',#9083,#9084,#9085);
#9083 = CARTESIAN_POINT('',(-1.,-2.47,2.145));
#9084 = DIRECTION('',(-1.,0.,0.));
#9085 = DIRECTION('',(-0.,-2.22044604925E-16,-1.));
#9086 = ADVANCED_FACE('',(#9087),#9105,.F.);
#9087 = FACE_BOUND('',#9088,.F.);
#9088 = EDGE_LOOP('',(#9089,#9090,#9098,#9104));
#9089 = ORIENTED_EDGE('',*,*,#9051,.T.);
#9090 = ORIENTED_EDGE('',*,*,#9091,.T.);
#9091 = EDGE_CURVE('',#9044,#9092,#9094,.T.);
#9092 = VERTEX_POINT('',#9093);
#9093 = CARTESIAN_POINT('',(0.25,0.13,1.945));
#9094 = LINE('',#9095,#9096);
#9095 = CARTESIAN_POINT('',(0.25,0.13,2.145));
#9096 = VECTOR('',#9097,1.);
#9097 = DIRECTION('',(0.,-2.22044604925E-16,-1.));
#9098 = ORIENTED_EDGE('',*,*,#9099,.F.);
#9099 = EDGE_CURVE('',#6379,#9092,#9100,.T.);
#9100 = LINE('',#9101,#9102);
#9101 = CARTESIAN_POINT('',(0.25,-2.47,1.945));
#9102 = VECTOR('',#9103,1.);
#9103 = DIRECTION('',(-0.,1.,-2.22044604925E-16));
#9104 = ORIENTED_EDGE('',*,*,#6386,.F.);
#9105 = PLANE('',#9106);
#9106 = AXIS2_PLACEMENT_3D('',#9107,#9108,#9109);
#9107 = CARTESIAN_POINT('',(0.25,-2.47,2.145));
#9108 = DIRECTION('',(-1.,0.,0.));
#9109 = DIRECTION('',(-0.,-2.22044604925E-16,-1.));
#9110 = ADVANCED_FACE('',(#9111),#9129,.F.);
#9111 = FACE_BOUND('',#9112,.F.);
#9112 = EDGE_LOOP('',(#9113,#9121,#9127,#9128));
#9113 = ORIENTED_EDGE('',*,*,#9114,.T.);
#9114 = EDGE_CURVE('',#6331,#9115,#9117,.T.);
#9115 = VERTEX_POINT('',#9116);
#9116 = CARTESIAN_POINT('',(-0.25,0.13,2.145));
#9117 = LINE('',#9118,#9119);
#9118 = CARTESIAN_POINT('',(-0.25,-2.47,2.145));
#9119 = VECTOR('',#9120,1.);
#9120 = DIRECTION('',(-0.,1.,-2.22044604925E-16));
#9121 = ORIENTED_EDGE('',*,*,#9122,.T.);
#9122 = EDGE_CURVE('',#9115,#9067,#9123,.T.);
#9123 = LINE('',#9124,#9125);
#9124 = CARTESIAN_POINT('',(-0.25,0.13,2.145));
#9125 = VECTOR('',#9126,1.);
#9126 = DIRECTION('',(-1.,0.,0.));
#9127 = ORIENTED_EDGE('',*,*,#9066,.F.);
#9128 = ORIENTED_EDGE('',*,*,#6330,.F.);
#9129 = PLANE('',#9130);
#9130 = AXIS2_PLACEMENT_3D('',#9131,#9132,#9133);
#9131 = CARTESIAN_POINT('',(-0.25,-2.47,2.145));
#9132 = DIRECTION('',(0.,2.22044604925E-16,1.));
#9133 = DIRECTION('',(-1.,0.,0.));
#9134 = ADVANCED_FACE('',(#9135),#9161,.F.);
#9135 = FACE_BOUND('',#9136,.F.);
#9136 = EDGE_LOOP('',(#9137,#9138,#9146,#9154,#9160));
#9137 = ORIENTED_EDGE('',*,*,#9099,.T.);
#9138 = ORIENTED_EDGE('',*,*,#9139,.T.);
#9139 = EDGE_CURVE('',#9092,#9140,#9142,.T.);
#9140 = VERTEX_POINT('',#9141);
#9141 = CARTESIAN_POINT('',(0.1,0.13,1.945));
#9142 = LINE('',#9143,#9144);
#9143 = CARTESIAN_POINT('',(0.25,0.13,1.945));
#9144 = VECTOR('',#9145,1.);
#9145 = DIRECTION('',(-1.,0.,0.));
#9146 = ORIENTED_EDGE('',*,*,#9147,.F.);
#9147 = EDGE_CURVE('',#9148,#9140,#9150,.T.);
#9148 = VERTEX_POINT('',#9149);
#9149 = CARTESIAN_POINT('',(0.1,-2.12,1.945));
#9150 = LINE('',#9151,#9152);
#9151 = CARTESIAN_POINT('',(0.1,-2.47,1.945));
#9152 = VECTOR('',#9153,1.);
#9153 = DIRECTION('',(-0.,1.,-2.22044604925E-16));
#9154 = ORIENTED_EDGE('',*,*,#9155,.F.);
#9155 = EDGE_CURVE('',#6371,#9148,#9156,.T.);
#9156 = LINE('',#9157,#9158);
#9157 = CARTESIAN_POINT('',(0.1,-2.47,1.945));
#9158 = VECTOR('',#9159,1.);
#9159 = DIRECTION('',(-0.,1.,-2.22044604925E-16));
#9160 = ORIENTED_EDGE('',*,*,#6378,.F.);
#9161 = PLANE('',#9162);
#9162 = AXIS2_PLACEMENT_3D('',#9163,#9164,#9165);
#9163 = CARTESIAN_POINT('',(0.25,-2.47,1.945));
#9164 = DIRECTION('',(0.,2.22044604925E-16,1.));
#9165 = DIRECTION('',(-1.,0.,0.));
#9166 = ADVANCED_FACE('',(#9167),#9185,.F.);
#9167 = FACE_BOUND('',#9168,.F.);
#9168 = EDGE_LOOP('',(#9169,#9177,#9183,#9184));
#9169 = ORIENTED_EDGE('',*,*,#9170,.T.);
#9170 = EDGE_CURVE('',#6339,#9171,#9173,.T.);
#9171 = VERTEX_POINT('',#9172);
#9172 = CARTESIAN_POINT('',(-0.25,0.13,1.945));
#9173 = LINE('',#9174,#9175);
#9174 = CARTESIAN_POINT('',(-0.25,-2.47,1.945));
#9175 = VECTOR('',#9176,1.);
#9176 = DIRECTION('',(-0.,1.,-2.22044604925E-16));
#9177 = ORIENTED_EDGE('',*,*,#9178,.T.);
#9178 = EDGE_CURVE('',#9171,#9115,#9179,.T.);
#9179 = LINE('',#9180,#9181);
#9180 = CARTESIAN_POINT('',(-0.25,0.13,1.945));
#9181 = VECTOR('',#9182,1.);
#9182 = DIRECTION('',(0.,2.22044604925E-16,1.));
#9183 = ORIENTED_EDGE('',*,*,#9114,.F.);
#9184 = ORIENTED_EDGE('',*,*,#6338,.F.);
#9185 = PLANE('',#9186);
#9186 = AXIS2_PLACEMENT_3D('',#9187,#9188,#9189);
#9187 = CARTESIAN_POINT('',(-0.25,-2.47,1.945));
#9188 = DIRECTION('',(1.,0.,0.));
#9189 = DIRECTION('',(-0.,2.22044604925E-16,1.));
#9190 = ADVANCED_FACE('',(#9191),#9225,.F.);
#9191 = FACE_BOUND('',#9192,.F.);
#9192 = EDGE_LOOP('',(#9193,#9194,#9195,#9203,#9211,#9219));
#9193 = ORIENTED_EDGE('',*,*,#6370,.F.);
#9194 = ORIENTED_EDGE('',*,*,#9155,.T.);
#9195 = ORIENTED_EDGE('',*,*,#9196,.F.);
#9196 = EDGE_CURVE('',#9197,#9148,#9199,.T.);
#9197 = VERTEX_POINT('',#9198);
#9198 = CARTESIAN_POINT('',(0.1,-2.2446,2.0696));
#9199 = LINE('',#9200,#9201);
#9200 = CARTESIAN_POINT('',(0.1,-2.2446,2.0696));
#9201 = VECTOR('',#9202,1.);
#9202 = DIRECTION('',(0.,0.707106781187,-0.707106781187));
#9203 = ORIENTED_EDGE('',*,*,#9204,.F.);
#9204 = EDGE_CURVE('',#9205,#9197,#9207,.T.);
#9205 = VERTEX_POINT('',#9206);
#9206 = CARTESIAN_POINT('',(0.1,0.13,2.0696));
#9207 = LINE('',#9208,#9209);
#9208 = CARTESIAN_POINT('',(0.1,1.1054,2.0696));
#9209 = VECTOR('',#9210,1.);
#9210 = DIRECTION('',(0.,-1.,0.));
#9211 = ORIENTED_EDGE('',*,*,#9212,.T.);
#9212 = EDGE_CURVE('',#9205,#9213,#9215,.T.);
#9213 = VERTEX_POINT('',#9214);
#9214 = CARTESIAN_POINT('',(0.1,0.13,2.145));
#9215 = LINE('',#9216,#9217);
#9216 = CARTESIAN_POINT('',(0.1,0.13,1.945));
#9217 = VECTOR('',#9218,1.);
#9218 = DIRECTION('',(0.,2.22044604925E-16,1.));
#9219 = ORIENTED_EDGE('',*,*,#9220,.F.);
#9220 = EDGE_CURVE('',#6363,#9213,#9221,.T.);
#9221 = LINE('',#9222,#9223);
#9222 = CARTESIAN_POINT('',(0.1,-2.47,2.145));
#9223 = VECTOR('',#9224,1.);
#9224 = DIRECTION('',(-0.,1.,-2.22044604925E-16));
#9225 = PLANE('',#9226);
#9226 = AXIS2_PLACEMENT_3D('',#9227,#9228,#9229);
#9227 = CARTESIAN_POINT('',(0.1,-2.47,1.945));
#9228 = DIRECTION('',(1.,0.,0.));
#9229 = DIRECTION('',(-0.,2.22044604925E-16,1.));
#9230 = ADVANCED_FACE('',(#9231),#9257,.F.);
#9231 = FACE_BOUND('',#9232,.F.);
#9232 = EDGE_LOOP('',(#9233,#9241,#9249,#9255,#9256));
#9233 = ORIENTED_EDGE('',*,*,#9234,.T.);
#9234 = EDGE_CURVE('',#6347,#9235,#9237,.T.);
#9235 = VERTEX_POINT('',#9236);
#9236 = CARTESIAN_POINT('',(-0.1,-2.12,1.945));
#9237 = LINE('',#9238,#9239);
#9238 = CARTESIAN_POINT('',(-0.1,-2.47,1.945));
#9239 = VECTOR('',#9240,1.);
#9240 = DIRECTION('',(-0.,1.,-2.22044604925E-16));
#9241 = ORIENTED_EDGE('',*,*,#9242,.T.);
#9242 = EDGE_CURVE('',#9235,#9243,#9245,.T.);
#9243 = VERTEX_POINT('',#9244);
#9244 = CARTESIAN_POINT('',(-0.1,0.13,1.945));
#9245 = LINE('',#9246,#9247);
#9246 = CARTESIAN_POINT('',(-0.1,-2.47,1.945));
#9247 = VECTOR('',#9248,1.);
#9248 = DIRECTION('',(-0.,1.,-2.22044604925E-16));
#9249 = ORIENTED_EDGE('',*,*,#9250,.T.);
#9250 = EDGE_CURVE('',#9243,#9171,#9251,.T.);
#9251 = LINE('',#9252,#9253);
#9252 = CARTESIAN_POINT('',(-0.1,0.13,1.945));
#9253 = VECTOR('',#9254,1.);
#9254 = DIRECTION('',(-1.,0.,0.));
#9255 = ORIENTED_EDGE('',*,*,#9170,.F.);
#9256 = ORIENTED_EDGE('',*,*,#6346,.F.);
#9257 = PLANE('',#9258);
#9258 = AXIS2_PLACEMENT_3D('',#9259,#9260,#9261);
#9259 = CARTESIAN_POINT('',(-0.1,-2.47,1.945));
#9260 = DIRECTION('',(0.,2.22044604925E-16,1.));
#9261 = DIRECTION('',(-1.,0.,0.));
#9262 = ADVANCED_FACE('',(#9263),#9281,.F.);
#9263 = FACE_BOUND('',#9264,.F.);
#9264 = EDGE_LOOP('',(#9265,#9266,#9274,#9280));
#9265 = ORIENTED_EDGE('',*,*,#9220,.T.);
#9266 = ORIENTED_EDGE('',*,*,#9267,.T.);
#9267 = EDGE_CURVE('',#9213,#9268,#9270,.T.);
#9268 = VERTEX_POINT('',#9269);
#9269 = CARTESIAN_POINT('',(-0.1,0.13,2.145));
#9270 = LINE('',#9271,#9272);
#9271 = CARTESIAN_POINT('',(0.1,0.13,2.145));
#9272 = VECTOR('',#9273,1.);
#9273 = DIRECTION('',(-1.,0.,0.));
#9274 = ORIENTED_EDGE('',*,*,#9275,.F.);
#9275 = EDGE_CURVE('',#6355,#9268,#9276,.T.);
#9276 = LINE('',#9277,#9278);
#9277 = CARTESIAN_POINT('',(-0.1,-2.47,2.145));
#9278 = VECTOR('',#9279,1.);
#9279 = DIRECTION('',(-0.,1.,-2.22044604925E-16));
#9280 = ORIENTED_EDGE('',*,*,#6362,.F.);
#9281 = PLANE('',#9282);
#9282 = AXIS2_PLACEMENT_3D('',#9283,#9284,#9285);
#9283 = CARTESIAN_POINT('',(0.1,-2.47,2.145));
#9284 = DIRECTION('',(0.,2.22044604925E-16,1.));
#9285 = DIRECTION('',(-1.,0.,0.));
#9286 = ADVANCED_FACE('',(#9287),#9314,.F.);
#9287 = FACE_BOUND('',#9288,.F.);
#9288 = EDGE_LOOP('',(#9289,#9290,#9291,#9299,#9307,#9313));
#9289 = ORIENTED_EDGE('',*,*,#6354,.F.);
#9290 = ORIENTED_EDGE('',*,*,#9275,.T.);
#9291 = ORIENTED_EDGE('',*,*,#9292,.T.);
#9292 = EDGE_CURVE('',#9268,#9293,#9295,.T.);
#9293 = VERTEX_POINT('',#9294);
#9294 = CARTESIAN_POINT('',(-0.1,0.13,2.0696));
#9295 = LINE('',#9296,#9297);
#9296 = CARTESIAN_POINT('',(-0.1,0.13,2.145));
#9297 = VECTOR('',#9298,1.);
#9298 = DIRECTION('',(0.,-2.22044604925E-16,-1.));
#9299 = ORIENTED_EDGE('',*,*,#9300,.T.);
#9300 = EDGE_CURVE('',#9293,#9301,#9303,.T.);
#9301 = VERTEX_POINT('',#9302);
#9302 = CARTESIAN_POINT('',(-0.1,-2.2446,2.0696));
#9303 = LINE('',#9304,#9305);
#9304 = CARTESIAN_POINT('',(-0.1,1.1054,2.0696));
#9305 = VECTOR('',#9306,1.);
#9306 = DIRECTION('',(0.,-1.,0.));
#9307 = ORIENTED_EDGE('',*,*,#9308,.T.);
#9308 = EDGE_CURVE('',#9301,#9235,#9309,.T.);
#9309 = LINE('',#9310,#9311);
#9310 = CARTESIAN_POINT('',(-0.1,-2.2446,2.0696));
#9311 = VECTOR('',#9312,1.);
#9312 = DIRECTION('',(0.,0.707106781187,-0.707106781187));
#9313 = ORIENTED_EDGE('',*,*,#9234,.F.);
#9314 = PLANE('',#9315);
#9315 = AXIS2_PLACEMENT_3D('',#9316,#9317,#9318);
#9316 = CARTESIAN_POINT('',(-0.1,-2.47,2.145));
#9317 = DIRECTION('',(-1.,0.,0.));
#9318 = DIRECTION('',(-0.,-2.22044604925E-16,-1.));
#9319 = ADVANCED_FACE('',(#9320),#9345,.T.);
#9320 = FACE_BOUND('',#9321,.T.);
#9321 = EDGE_LOOP('',(#9322,#9330,#9338,#9344));
#9322 = ORIENTED_EDGE('',*,*,#9323,.F.);
#9323 = EDGE_CURVE('',#9324,#6547,#9326,.T.);
#9324 = VERTEX_POINT('',#9325);
#9325 = CARTESIAN_POINT('',(-4.4,-1.47,3.295));
#9326 = LINE('',#9327,#9328);
#9327 = CARTESIAN_POINT('',(-4.4,-1.47,3.295));
#9328 = VECTOR('',#9329,1.);
#9329 = DIRECTION('',(0.,-1.,2.22044604925E-16));
#9330 = ORIENTED_EDGE('',*,*,#9331,.T.);
#9331 = EDGE_CURVE('',#9324,#9332,#9334,.T.);
#9332 = VERTEX_POINT('',#9333);
#9333 = CARTESIAN_POINT('',(-4.4,-1.47,3.895));
#9334 = LINE('',#9335,#9336);
#9335 = CARTESIAN_POINT('',(-4.4,-1.47,3.295));
#9336 = VECTOR('',#9337,1.);
#9337 = DIRECTION('',(0.,2.22044604925E-16,1.));
#9338 = ORIENTED_EDGE('',*,*,#9339,.T.);
#9339 = EDGE_CURVE('',#9332,#6549,#9340,.T.);
#9340 = LINE('',#9341,#9342);
#9341 = CARTESIAN_POINT('',(-4.4,-1.47,3.895));
#9342 = VECTOR('',#9343,1.);
#9343 = DIRECTION('',(0.,-1.,2.22044604925E-16));
#9344 = ORIENTED_EDGE('',*,*,#6546,.F.);
#9345 = PLANE('',#9346);
#9346 = AXIS2_PLACEMENT_3D('',#9347,#9348,#9349);
#9347 = CARTESIAN_POINT('',(-4.4,-1.47,3.295));
#9348 = DIRECTION('',(1.,0.,0.));
#9349 = DIRECTION('',(0.,-1.,2.22044604925E-16));
#9350 = ADVANCED_FACE('',(#9351),#9369,.F.);
#9351 = FACE_BOUND('',#9352,.F.);
#9352 = EDGE_LOOP('',(#9353,#9361,#9362,#9363));
#9353 = ORIENTED_EDGE('',*,*,#9354,.F.);
#9354 = EDGE_CURVE('',#9332,#9355,#9357,.T.);
#9355 = VERTEX_POINT('',#9356);
#9356 = CARTESIAN_POINT('',(-3.3,-1.47,3.895));
#9357 = LINE('',#9358,#9359);
#9358 = CARTESIAN_POINT('',(-4.4,-1.47,3.895));
#9359 = VECTOR('',#9360,1.);
#9360 = DIRECTION('',(1.,0.,0.));
#9361 = ORIENTED_EDGE('',*,*,#9339,.T.);
#9362 = ORIENTED_EDGE('',*,*,#6556,.T.);
#9363 = ORIENTED_EDGE('',*,*,#9364,.F.);
#9364 = EDGE_CURVE('',#9355,#6557,#9365,.T.);
#9365 = LINE('',#9366,#9367);
#9366 = CARTESIAN_POINT('',(-3.3,-1.47,3.895));
#9367 = VECTOR('',#9368,1.);
#9368 = DIRECTION('',(0.,-1.,2.22044604925E-16));
#9369 = PLANE('',#9370);
#9370 = AXIS2_PLACEMENT_3D('',#9371,#9372,#9373);
#9371 = CARTESIAN_POINT('',(-4.4,-1.47,3.895));
#9372 = DIRECTION('',(0.,2.22044604925E-16,1.));
#9373 = DIRECTION('',(0.,-1.,2.22044604925E-16));
#9374 = ADVANCED_FACE('',(#9375),#9393,.T.);
#9375 = FACE_BOUND('',#9376,.T.);
#9376 = EDGE_LOOP('',(#9377,#9385,#9386,#9387));
#9377 = ORIENTED_EDGE('',*,*,#9378,.F.);
#9378 = EDGE_CURVE('',#9324,#9379,#9381,.T.);
#9379 = VERTEX_POINT('',#9380);
#9380 = CARTESIAN_POINT('',(-3.3,-1.47,3.295));
#9381 = LINE('',#9382,#9383);
#9382 = CARTESIAN_POINT('',(-4.4,-1.47,3.295));
#9383 = VECTOR('',#9384,1.);
#9384 = DIRECTION('',(1.,0.,0.));
#9385 = ORIENTED_EDGE('',*,*,#9323,.T.);
#9386 = ORIENTED_EDGE('',*,*,#6572,.T.);
#9387 = ORIENTED_EDGE('',*,*,#9388,.F.);
#9388 = EDGE_CURVE('',#9379,#6565,#9389,.T.);
#9389 = LINE('',#9390,#9391);
#9390 = CARTESIAN_POINT('',(-3.3,-1.47,3.295));
#9391 = VECTOR('',#9392,1.);
#9392 = DIRECTION('',(0.,-1.,2.22044604925E-16));
#9393 = PLANE('',#9394);
#9394 = AXIS2_PLACEMENT_3D('',#9395,#9396,#9397);
#9395 = CARTESIAN_POINT('',(-4.4,-1.47,3.295));
#9396 = DIRECTION('',(0.,2.22044604925E-16,1.));
#9397 = DIRECTION('',(0.,-1.,2.22044604925E-16));
#9398 = ADVANCED_FACE('',(#9399),#9410,.F.);
#9399 = FACE_BOUND('',#9400,.F.);
#9400 = EDGE_LOOP('',(#9401,#9402,#9408,#9409));
#9401 = ORIENTED_EDGE('',*,*,#9388,.F.);
#9402 = ORIENTED_EDGE('',*,*,#9403,.T.);
#9403 = EDGE_CURVE('',#9379,#9355,#9404,.T.);
#9404 = LINE('',#9405,#9406);
#9405 = CARTESIAN_POINT('',(-3.3,-1.47,3.295));
#9406 = VECTOR('',#9407,1.);
#9407 = DIRECTION('',(0.,2.22044604925E-16,1.));
#9408 = ORIENTED_EDGE('',*,*,#9364,.T.);
#9409 = ORIENTED_EDGE('',*,*,#6564,.F.);
#9410 = PLANE('',#9411);
#9411 = AXIS2_PLACEMENT_3D('',#9412,#9413,#9414);
#9412 = CARTESIAN_POINT('',(-3.3,-1.47,3.295));
#9413 = DIRECTION('',(1.,0.,0.));
#9414 = DIRECTION('',(0.,-1.,2.22044604925E-16));
#9415 = ADVANCED_FACE('',(#9416),#9441,.T.);
#9416 = FACE_BOUND('',#9417,.T.);
#9417 = EDGE_LOOP('',(#9418,#9426,#9434,#9440));
#9418 = ORIENTED_EDGE('',*,*,#9419,.F.);
#9419 = EDGE_CURVE('',#9420,#6581,#9422,.T.);
#9420 = VERTEX_POINT('',#9421);
#9421 = CARTESIAN_POINT('',(3.3,-1.47,3.295));
#9422 = LINE('',#9423,#9424);
#9423 = CARTESIAN_POINT('',(3.3,-1.47,3.295));
#9424 = VECTOR('',#9425,1.);
#9425 = DIRECTION('',(0.,-1.,2.22044604925E-16));
#9426 = ORIENTED_EDGE('',*,*,#9427,.T.);
#9427 = EDGE_CURVE('',#9420,#9428,#9430,.T.);
#9428 = VERTEX_POINT('',#9429);
#9429 = CARTESIAN_POINT('',(3.3,-1.47,3.895));
#9430 = LINE('',#9431,#9432);
#9431 = CARTESIAN_POINT('',(3.3,-1.47,3.295));
#9432 = VECTOR('',#9433,1.);
#9433 = DIRECTION('',(0.,2.22044604925E-16,1.));
#9434 = ORIENTED_EDGE('',*,*,#9435,.T.);
#9435 = EDGE_CURVE('',#9428,#6583,#9436,.T.);
#9436 = LINE('',#9437,#9438);
#9437 = CARTESIAN_POINT('',(3.3,-1.47,3.895));
#9438 = VECTOR('',#9439,1.);
#9439 = DIRECTION('',(0.,-1.,2.22044604925E-16));
#9440 = ORIENTED_EDGE('',*,*,#6580,.F.);
#9441 = PLANE('',#9442);
#9442 = AXIS2_PLACEMENT_3D('',#9443,#9444,#9445);
#9443 = CARTESIAN_POINT('',(3.3,-1.47,3.295));
#9444 = DIRECTION('',(1.,0.,0.));
#9445 = DIRECTION('',(0.,-1.,2.22044604925E-16));
#9446 = ADVANCED_FACE('',(#9447),#9465,.F.);
#9447 = FACE_BOUND('',#9448,.F.);
#9448 = EDGE_LOOP('',(#9449,#9457,#9458,#9459));
#9449 = ORIENTED_EDGE('',*,*,#9450,.F.);
#9450 = EDGE_CURVE('',#9428,#9451,#9453,.T.);
#9451 = VERTEX_POINT('',#9452);
#9452 = CARTESIAN_POINT('',(4.4,-1.47,3.895));
#9453 = LINE('',#9454,#9455);
#9454 = CARTESIAN_POINT('',(3.3,-1.47,3.895));
#9455 = VECTOR('',#9456,1.);
#9456 = DIRECTION('',(1.,0.,0.));
#9457 = ORIENTED_EDGE('',*,*,#9435,.T.);
#9458 = ORIENTED_EDGE('',*,*,#6590,.T.);
#9459 = ORIENTED_EDGE('',*,*,#9460,.F.);
#9460 = EDGE_CURVE('',#9451,#6591,#9461,.T.);
#9461 = LINE('',#9462,#9463);
#9462 = CARTESIAN_POINT('',(4.4,-1.47,3.895));
#9463 = VECTOR('',#9464,1.);
#9464 = DIRECTION('',(0.,-1.,2.22044604925E-16));
#9465 = PLANE('',#9466);
#9466 = AXIS2_PLACEMENT_3D('',#9467,#9468,#9469);
#9467 = CARTESIAN_POINT('',(3.3,-1.47,3.895));
#9468 = DIRECTION('',(0.,2.22044604925E-16,1.));
#9469 = DIRECTION('',(0.,-1.,2.22044604925E-16));
#9470 = ADVANCED_FACE('',(#9471),#9489,.T.);
#9471 = FACE_BOUND('',#9472,.T.);
#9472 = EDGE_LOOP('',(#9473,#9481,#9482,#9483));
#9473 = ORIENTED_EDGE('',*,*,#9474,.F.);
#9474 = EDGE_CURVE('',#9420,#9475,#9477,.T.);
#9475 = VERTEX_POINT('',#9476);
#9476 = CARTESIAN_POINT('',(4.4,-1.47,3.295));
#9477 = LINE('',#9478,#9479);
#9478 = CARTESIAN_POINT('',(3.3,-1.47,3.295));
#9479 = VECTOR('',#9480,1.);
#9480 = DIRECTION('',(1.,0.,0.));
#9481 = ORIENTED_EDGE('',*,*,#9419,.T.);
#9482 = ORIENTED_EDGE('',*,*,#6606,.T.);
#9483 = ORIENTED_EDGE('',*,*,#9484,.F.);
#9484 = EDGE_CURVE('',#9475,#6599,#9485,.T.);
#9485 = LINE('',#9486,#9487);
#9486 = CARTESIAN_POINT('',(4.4,-1.47,3.295));
#9487 = VECTOR('',#9488,1.);
#9488 = DIRECTION('',(0.,-1.,2.22044604925E-16));
#9489 = PLANE('',#9490);
#9490 = AXIS2_PLACEMENT_3D('',#9491,#9492,#9493);
#9491 = CARTESIAN_POINT('',(3.3,-1.47,3.295));
#9492 = DIRECTION('',(0.,2.22044604925E-16,1.));
#9493 = DIRECTION('',(0.,-1.,2.22044604925E-16));
#9494 = ADVANCED_FACE('',(#9495),#9506,.F.);
#9495 = FACE_BOUND('',#9496,.F.);
#9496 = EDGE_LOOP('',(#9497,#9498,#9504,#9505));
#9497 = ORIENTED_EDGE('',*,*,#9484,.F.);
#9498 = ORIENTED_EDGE('',*,*,#9499,.T.);
#9499 = EDGE_CURVE('',#9475,#9451,#9500,.T.);
#9500 = LINE('',#9501,#9502);
#9501 = CARTESIAN_POINT('',(4.4,-1.47,3.295));
#9502 = VECTOR('',#9503,1.);
#9503 = DIRECTION('',(0.,2.22044604925E-16,1.));
#9504 = ORIENTED_EDGE('',*,*,#9460,.T.);
#9505 = ORIENTED_EDGE('',*,*,#6598,.F.);
#9506 = PLANE('',#9507);
#9507 = AXIS2_PLACEMENT_3D('',#9508,#9509,#9510);
#9508 = CARTESIAN_POINT('',(4.4,-1.47,3.295));
#9509 = DIRECTION('',(1.,0.,0.));
#9510 = DIRECTION('',(0.,-1.,2.22044604925E-16));
#9511 = ADVANCED_FACE('',(#9512),#9546,.F.);
#9512 = FACE_BOUND('',#9513,.F.);
#9513 = EDGE_LOOP('',(#9514,#9515,#9523,#9531,#9539,#9545));
#9514 = ORIENTED_EDGE('',*,*,#6797,.T.);
#9515 = ORIENTED_EDGE('',*,*,#9516,.T.);
#9516 = EDGE_CURVE('',#6790,#9517,#9519,.T.);
#9517 = VERTEX_POINT('',#9518);
#9518 = CARTESIAN_POINT('',(4.25,0.98,1.995));
#9519 = LINE('',#9520,#9521);
#9520 = CARTESIAN_POINT('',(4.25,1.58,1.995));
#9521 = VECTOR('',#9522,1.);
#9522 = DIRECTION('',(0.,-1.,2.22044604925E-16));
#9523 = ORIENTED_EDGE('',*,*,#9524,.T.);
#9524 = EDGE_CURVE('',#9517,#9525,#9527,.T.);
#9525 = VERTEX_POINT('',#9526);
#9526 = CARTESIAN_POINT('',(4.25,0.98,3.595));
#9527 = LINE('',#9528,#9529);
#9528 = CARTESIAN_POINT('',(4.25,0.98,1.995));
#9529 = VECTOR('',#9530,1.);
#9530 = DIRECTION('',(0.,2.22044604925E-16,1.));
#9531 = ORIENTED_EDGE('',*,*,#9532,.T.);
#9532 = EDGE_CURVE('',#9525,#9533,#9535,.T.);
#9533 = VERTEX_POINT('',#9534);
#9534 = CARTESIAN_POINT('',(4.25,-0.32,3.595));
#9535 = LINE('',#9536,#9537);
#9536 = CARTESIAN_POINT('',(4.25,0.98,3.595));
#9537 = VECTOR('',#9538,1.);
#9538 = DIRECTION('',(0.,-1.,2.22044604925E-16));
#9539 = ORIENTED_EDGE('',*,*,#9540,.T.);
#9540 = EDGE_CURVE('',#9533,#6655,#9541,.T.);
#9541 = LINE('',#9542,#9543);
#9542 = CARTESIAN_POINT('',(4.25,-0.32,3.595));
#9543 = VECTOR('',#9544,1.);
#9544 = DIRECTION('',(0.,2.22044604925E-16,1.));
#9545 = ORIENTED_EDGE('',*,*,#6662,.T.);
#9546 = PLANE('',#9547);
#9547 = AXIS2_PLACEMENT_3D('',#9548,#9549,#9550);
#9548 = CARTESIAN_POINT('',(4.25,0.880602409639,3.370602409639));
#9549 = DIRECTION('',(-1.,0.,-0.));
#9550 = DIRECTION('',(0.,1.,-2.22044604925E-16));
#9551 = ADVANCED_FACE('',(#9552),#9563,.F.);
#9552 = FACE_BOUND('',#9553,.F.);
#9553 = EDGE_LOOP('',(#9554,#9560,#9561,#9562));
#9554 = ORIENTED_EDGE('',*,*,#9555,.T.);
#9555 = EDGE_CURVE('',#9533,#7297,#9556,.T.);
#9556 = LINE('',#9557,#9558);
#9557 = CARTESIAN_POINT('',(4.25,-0.32,3.595));
#9558 = VECTOR('',#9559,1.);
#9559 = DIRECTION('',(1.,0.,0.));
#9560 = ORIENTED_EDGE('',*,*,#7304,.T.);
#9561 = ORIENTED_EDGE('',*,*,#6654,.F.);
#9562 = ORIENTED_EDGE('',*,*,#9540,.F.);
#9563 = PLANE('',#9564);
#9564 = AXIS2_PLACEMENT_3D('',#9565,#9566,#9567);
#9565 = CARTESIAN_POINT('',(4.25,-0.32,3.595));
#9566 = DIRECTION('',(0.,-1.,2.22044604925E-16));
#9567 = DIRECTION('',(0.,2.22044604925E-16,1.));
#9568 = ADVANCED_FACE('',(#9569),#9577,.T.);
#9569 = FACE_BOUND('',#9570,.T.);
#9570 = EDGE_LOOP('',(#9571,#9572,#9573,#9574,#9575,#9576));
#9571 = ORIENTED_EDGE('',*,*,#6804,.T.);
#9572 = ORIENTED_EDGE('',*,*,#6756,.T.);
#9573 = ORIENTED_EDGE('',*,*,#6732,.T.);
#9574 = ORIENTED_EDGE('',*,*,#6708,.T.);
#9575 = ORIENTED_EDGE('',*,*,#6684,.T.);
#9576 = ORIENTED_EDGE('',*,*,#6630,.T.);
#9577 = PLANE('',#9578);
#9578 = AXIS2_PLACEMENT_3D('',#9579,#9580,#9581);
#9579 = CARTESIAN_POINT('',(-4.25,0.880602409639,3.370602409639));
#9580 = DIRECTION('',(-1.,0.,-0.));
#9581 = DIRECTION('',(0.,1.,-2.22044604925E-16));
#9582 = ADVANCED_FACE('',(#9583),#9594,.F.);
#9583 = FACE_BOUND('',#9584,.F.);
#9584 = EDGE_LOOP('',(#9585,#9586,#9587,#9593));
#9585 = ORIENTED_EDGE('',*,*,#6789,.T.);
#9586 = ORIENTED_EDGE('',*,*,#7280,.T.);
#9587 = ORIENTED_EDGE('',*,*,#9588,.F.);
#9588 = EDGE_CURVE('',#9517,#7281,#9589,.T.);
#9589 = LINE('',#9590,#9591);
#9590 = CARTESIAN_POINT('',(4.25,0.98,1.995));
#9591 = VECTOR('',#9592,1.);
#9592 = DIRECTION('',(1.,0.,0.));
#9593 = ORIENTED_EDGE('',*,*,#9516,.F.);
#9594 = PLANE('',#9595);
#9595 = AXIS2_PLACEMENT_3D('',#9596,#9597,#9598);
#9596 = CARTESIAN_POINT('',(4.25,1.58,1.995));
#9597 = DIRECTION('',(0.,-2.22044604925E-16,-1.));
#9598 = DIRECTION('',(0.,-1.,2.22044604925E-16));
#9599 = ADVANCED_FACE('',(#9600),#9652,.F.);
#9600 = FACE_BOUND('',#9601,.F.);
#9601 = EDGE_LOOP('',(#9602,#9610,#9618,#9626,#9634,#9642,#9648,#9649,
    #9650,#9651));
#9602 = ORIENTED_EDGE('',*,*,#9603,.T.);
#9603 = EDGE_CURVE('',#7088,#9604,#9606,.T.);
#9604 = VERTEX_POINT('',#9605);
#9605 = CARTESIAN_POINT('',(-2.6,2.4754,0.));
#9606 = LINE('',#9607,#9608);
#9607 = CARTESIAN_POINT('',(-2.6,0.7054,-4.000000000001E-04));
#9608 = VECTOR('',#9609,1.);
#9609 = DIRECTION('',(0.,0.999999974465,2.259886947942E-04));
#9610 = ORIENTED_EDGE('',*,*,#9611,.T.);
#9611 = EDGE_CURVE('',#9604,#9612,#9614,.T.);
#9612 = VERTEX_POINT('',#9613);
#9613 = CARTESIAN_POINT('',(-2.6,2.4754,0.3));
#9614 = LINE('',#9615,#9616);
#9615 = CARTESIAN_POINT('',(-2.6,2.4754,0.));
#9616 = VECTOR('',#9617,1.);
#9617 = DIRECTION('',(0.,0.,1.));
#9618 = ORIENTED_EDGE('',*,*,#9619,.T.);
#9619 = EDGE_CURVE('',#9612,#9620,#9622,.T.);
#9620 = VERTEX_POINT('',#9621);
#9621 = CARTESIAN_POINT('',(-2.6,1.7754,0.3));
#9622 = LINE('',#9623,#9624);
#9623 = CARTESIAN_POINT('',(-2.6,2.4754,0.3));
#9624 = VECTOR('',#9625,1.);
#9625 = DIRECTION('',(0.,-1.,0.));
#9626 = ORIENTED_EDGE('',*,*,#9627,.T.);
#9627 = EDGE_CURVE('',#9620,#9628,#9630,.T.);
#9628 = VERTEX_POINT('',#9629);
#9629 = CARTESIAN_POINT('',(-2.6,1.7754,0.65));
#9630 = LINE('',#9631,#9632);
#9631 = CARTESIAN_POINT('',(-2.6,1.7754,0.3));
#9632 = VECTOR('',#9633,1.);
#9633 = DIRECTION('',(0.,0.,1.));
#9634 = ORIENTED_EDGE('',*,*,#9635,.T.);
#9635 = EDGE_CURVE('',#9628,#9636,#9638,.T.);
#9636 = VERTEX_POINT('',#9637);
#9637 = CARTESIAN_POINT('',(-2.6,1.1054,0.65));
#9638 = LINE('',#9639,#9640);
#9639 = CARTESIAN_POINT('',(-2.6,1.7754,0.65));
#9640 = VECTOR('',#9641,1.);
#9641 = DIRECTION('',(0.,-1.,0.));
#9642 = ORIENTED_EDGE('',*,*,#9643,.T.);
#9643 = EDGE_CURVE('',#9636,#7008,#9644,.T.);
#9644 = LINE('',#9645,#9646);
#9645 = CARTESIAN_POINT('',(-2.6,1.1054,0.65));
#9646 = VECTOR('',#9647,1.);
#9647 = DIRECTION('',(0.,0.,1.));
#9648 = ORIENTED_EDGE('',*,*,#7015,.T.);
#9649 = ORIENTED_EDGE('',*,*,#7039,.T.);
#9650 = ORIENTED_EDGE('',*,*,#7063,.T.);
#9651 = ORIENTED_EDGE('',*,*,#7087,.T.);
#9652 = PLANE('',#9653);
#9653 = AXIS2_PLACEMENT_3D('',#9654,#9655,#9656);
#9654 = CARTESIAN_POINT('',(-2.6,1.293108022955E-02,1.127283611688));
#9655 = DIRECTION('',(1.,9.003329844341E-33,9.245679891946E-32));
#9656 = DIRECTION('',(-9.245679891946E-32,0.,1.));
#9657 = ADVANCED_FACE('',(#9658),#9676,.F.);
#9658 = FACE_BOUND('',#9659,.F.);
#9659 = EDGE_LOOP('',(#9660,#9661,#9669,#9675));
#9660 = ORIENTED_EDGE('',*,*,#9643,.F.);
#9661 = ORIENTED_EDGE('',*,*,#9662,.T.);
#9662 = EDGE_CURVE('',#9636,#9663,#9665,.T.);
#9663 = VERTEX_POINT('',#9664);
#9664 = CARTESIAN_POINT('',(-2.4,1.1054,0.65));
#9665 = LINE('',#9666,#9667);
#9666 = CARTESIAN_POINT('',(-2.6,1.1054,0.65));
#9667 = VECTOR('',#9668,1.);
#9668 = DIRECTION('',(1.,0.,0.));
#9669 = ORIENTED_EDGE('',*,*,#9670,.T.);
#9670 = EDGE_CURVE('',#9663,#7000,#9671,.T.);
#9671 = LINE('',#9672,#9673);
#9672 = CARTESIAN_POINT('',(-2.4,1.1054,0.65));
#9673 = VECTOR('',#9674,1.);
#9674 = DIRECTION('',(0.,0.,1.));
#9675 = ORIENTED_EDGE('',*,*,#7007,.T.);
#9676 = PLANE('',#9677);
#9677 = AXIS2_PLACEMENT_3D('',#9678,#9679,#9680);
#9678 = CARTESIAN_POINT('',(-2.6,1.1054,0.65));
#9679 = DIRECTION('',(0.,-1.,0.));
#9680 = DIRECTION('',(0.,0.,1.));
#9681 = ADVANCED_FACE('',(#9682),#9739,.T.);
#9682 = FACE_BOUND('',#9683,.T.);
#9683 = EDGE_LOOP('',(#9684,#9692,#9700,#9708,#9716,#9722,#9723,#9724,
    #9732,#9738));
#9684 = ORIENTED_EDGE('',*,*,#9685,.T.);
#9685 = EDGE_CURVE('',#7096,#9686,#9688,.T.);
#9686 = VERTEX_POINT('',#9687);
#9687 = CARTESIAN_POINT('',(-2.4,2.4754,0.));
#9688 = LINE('',#9689,#9690);
#9689 = CARTESIAN_POINT('',(-2.4,0.7054,-4.000000000001E-04));
#9690 = VECTOR('',#9691,1.);
#9691 = DIRECTION('',(0.,0.999999974465,2.259886947942E-04));
#9692 = ORIENTED_EDGE('',*,*,#9693,.T.);
#9693 = EDGE_CURVE('',#9686,#9694,#9696,.T.);
#9694 = VERTEX_POINT('',#9695);
#9695 = CARTESIAN_POINT('',(-2.4,2.4754,0.3));
#9696 = LINE('',#9697,#9698);
#9697 = CARTESIAN_POINT('',(-2.4,2.4754,0.));
#9698 = VECTOR('',#9699,1.);
#9699 = DIRECTION('',(0.,0.,1.));
#9700 = ORIENTED_EDGE('',*,*,#9701,.T.);
#9701 = EDGE_CURVE('',#9694,#9702,#9704,.T.);
#9702 = VERTEX_POINT('',#9703);
#9703 = CARTESIAN_POINT('',(-2.4,1.7754,0.3));
#9704 = LINE('',#9705,#9706);
#9705 = CARTESIAN_POINT('',(-2.4,2.4754,0.3));
#9706 = VECTOR('',#9707,1.);
#9707 = DIRECTION('',(0.,-1.,0.));
#9708 = ORIENTED_EDGE('',*,*,#9709,.T.);
#9709 = EDGE_CURVE('',#9702,#9710,#9712,.T.);
#9710 = VERTEX_POINT('',#9711);
#9711 = CARTESIAN_POINT('',(-2.4,1.7754,0.65));
#9712 = LINE('',#9713,#9714);
#9713 = CARTESIAN_POINT('',(-2.4,1.7754,0.3));
#9714 = VECTOR('',#9715,1.);
#9715 = DIRECTION('',(0.,0.,1.));
#9716 = ORIENTED_EDGE('',*,*,#9717,.T.);
#9717 = EDGE_CURVE('',#9710,#9663,#9718,.T.);
#9718 = LINE('',#9719,#9720);
#9719 = CARTESIAN_POINT('',(-2.4,1.7754,0.65));
#9720 = VECTOR('',#9721,1.);
#9721 = DIRECTION('',(0.,-1.,0.));
#9722 = ORIENTED_EDGE('',*,*,#9670,.T.);
#9723 = ORIENTED_EDGE('',*,*,#6999,.T.);
#9724 = ORIENTED_EDGE('',*,*,#9725,.T.);
#9725 = EDGE_CURVE('',#6992,#9726,#9728,.T.);
#9726 = VERTEX_POINT('',#9727);
#9727 = CARTESIAN_POINT('',(-2.4,1.08,0.195));
#9728 = LINE('',#9729,#9730);
#9729 = CARTESIAN_POINT('',(-2.4,1.08,1.036141805844));
#9730 = VECTOR('',#9731,1.);
#9731 = DIRECTION('',(9.245679891946E-32,-2.22044604925E-16,-1.));
#9732 = ORIENTED_EDGE('',*,*,#9733,.T.);
#9733 = EDGE_CURVE('',#9726,#7104,#9734,.T.);
#9734 = LINE('',#9735,#9736);
#9735 = CARTESIAN_POINT('',(-2.4,0.546465540115,0.195));
#9736 = VECTOR('',#9737,1.);
#9737 = DIRECTION('',(9.003329844341E-33,-1.,2.22044604925E-16));
#9738 = ORIENTED_EDGE('',*,*,#7103,.T.);
#9739 = PLANE('',#9740);
#9740 = AXIS2_PLACEMENT_3D('',#9741,#9742,#9743);
#9741 = CARTESIAN_POINT('',(-2.4,1.293108022955E-02,1.127283611688));
#9742 = DIRECTION('',(1.,9.003329844341E-33,9.245679891946E-32));
#9743 = DIRECTION('',(-9.245679891946E-32,0.,1.));
#9744 = ADVANCED_FACE('',(#9745),#9763,.T.);
#9745 = FACE_BOUND('',#9746,.T.);
#9746 = EDGE_LOOP('',(#9747,#9748,#9749,#9757));
#9747 = ORIENTED_EDGE('',*,*,#9725,.F.);
#9748 = ORIENTED_EDGE('',*,*,#6991,.T.);
#9749 = ORIENTED_EDGE('',*,*,#9750,.T.);
#9750 = EDGE_CURVE('',#6984,#9751,#9753,.T.);
#9751 = VERTEX_POINT('',#9752);
#9752 = CARTESIAN_POINT('',(-1.35,1.08,0.195));
#9753 = LINE('',#9754,#9755);
#9754 = CARTESIAN_POINT('',(-1.35,1.08,1.036141805844));
#9755 = VECTOR('',#9756,1.);
#9756 = DIRECTION('',(9.245679891946E-32,-2.22044604925E-16,-1.));
#9757 = ORIENTED_EDGE('',*,*,#9758,.F.);
#9758 = EDGE_CURVE('',#9726,#9751,#9759,.T.);
#9759 = LINE('',#9760,#9761);
#9760 = CARTESIAN_POINT('',(-4.75,1.08,0.195));
#9761 = VECTOR('',#9762,1.);
#9762 = DIRECTION('',(1.,0.,0.));
#9763 = PLANE('',#9764);
#9764 = AXIS2_PLACEMENT_3D('',#9765,#9766,#9767);
#9765 = CARTESIAN_POINT('',(-4.75,1.08,0.945));
#9766 = DIRECTION('',(0.,1.,-2.22044604925E-16));
#9767 = DIRECTION('',(0.,-2.22044604925E-16,-1.));
#9768 = ADVANCED_FACE('',(#9769),#9826,.F.);
#9769 = FACE_BOUND('',#9770,.F.);
#9770 = EDGE_LOOP('',(#9771,#9779,#9787,#9795,#9803,#9811,#9817,#9818,
    #9819,#9825));
#9771 = ORIENTED_EDGE('',*,*,#9772,.T.);
#9772 = EDGE_CURVE('',#7120,#9773,#9775,.T.);
#9773 = VERTEX_POINT('',#9774);
#9774 = CARTESIAN_POINT('',(-1.35,2.4754,0.));
#9775 = LINE('',#9776,#9777);
#9776 = CARTESIAN_POINT('',(-1.35,0.7054,-4.000000000001E-04));
#9777 = VECTOR('',#9778,1.);
#9778 = DIRECTION('',(0.,0.999999974465,2.259886947942E-04));
#9779 = ORIENTED_EDGE('',*,*,#9780,.T.);
#9780 = EDGE_CURVE('',#9773,#9781,#9783,.T.);
#9781 = VERTEX_POINT('',#9782);
#9782 = CARTESIAN_POINT('',(-1.35,2.4754,0.3));
#9783 = LINE('',#9784,#9785);
#9784 = CARTESIAN_POINT('',(-1.35,2.4754,0.));
#9785 = VECTOR('',#9786,1.);
#9786 = DIRECTION('',(0.,0.,1.));
#9787 = ORIENTED_EDGE('',*,*,#9788,.T.);
#9788 = EDGE_CURVE('',#9781,#9789,#9791,.T.);
#9789 = VERTEX_POINT('',#9790);
#9790 = CARTESIAN_POINT('',(-1.35,1.7754,0.3));
#9791 = LINE('',#9792,#9793);
#9792 = CARTESIAN_POINT('',(-1.35,2.4754,0.3));
#9793 = VECTOR('',#9794,1.);
#9794 = DIRECTION('',(0.,-1.,0.));
#9795 = ORIENTED_EDGE('',*,*,#9796,.T.);
#9796 = EDGE_CURVE('',#9789,#9797,#9799,.T.);
#9797 = VERTEX_POINT('',#9798);
#9798 = CARTESIAN_POINT('',(-1.35,1.7754,0.65));
#9799 = LINE('',#9800,#9801);
#9800 = CARTESIAN_POINT('',(-1.35,1.7754,0.3));
#9801 = VECTOR('',#9802,1.);
#9802 = DIRECTION('',(0.,0.,1.));
#9803 = ORIENTED_EDGE('',*,*,#9804,.T.);
#9804 = EDGE_CURVE('',#9797,#9805,#9807,.T.);
#9805 = VERTEX_POINT('',#9806);
#9806 = CARTESIAN_POINT('',(-1.35,1.1054,0.65));
#9807 = LINE('',#9808,#9809);
#9808 = CARTESIAN_POINT('',(-1.35,1.7754,0.65));
#9809 = VECTOR('',#9810,1.);
#9810 = DIRECTION('',(0.,-1.,0.));
#9811 = ORIENTED_EDGE('',*,*,#9812,.T.);
#9812 = EDGE_CURVE('',#9805,#6976,#9813,.T.);
#9813 = LINE('',#9814,#9815);
#9814 = CARTESIAN_POINT('',(-1.35,1.1054,0.65));
#9815 = VECTOR('',#9816,1.);
#9816 = DIRECTION('',(0.,0.,1.));
#9817 = ORIENTED_EDGE('',*,*,#6983,.T.);
#9818 = ORIENTED_EDGE('',*,*,#9750,.T.);
#9819 = ORIENTED_EDGE('',*,*,#9820,.T.);
#9820 = EDGE_CURVE('',#9751,#7112,#9821,.T.);
#9821 = LINE('',#9822,#9823);
#9822 = CARTESIAN_POINT('',(-1.35,0.546465540115,0.195));
#9823 = VECTOR('',#9824,1.);
#9824 = DIRECTION('',(9.003329844341E-33,-1.,2.22044604925E-16));
#9825 = ORIENTED_EDGE('',*,*,#7119,.T.);
#9826 = PLANE('',#9827);
#9827 = AXIS2_PLACEMENT_3D('',#9828,#9829,#9830);
#9828 = CARTESIAN_POINT('',(-1.35,1.293108022955E-02,1.127283611688));
#9829 = DIRECTION('',(1.,9.003329844341E-33,9.245679891946E-32));
#9830 = DIRECTION('',(-9.245679891946E-32,0.,1.));
#9831 = ADVANCED_FACE('',(#9832),#9850,.F.);
#9832 = FACE_BOUND('',#9833,.F.);
#9833 = EDGE_LOOP('',(#9834,#9835,#9843,#9849));
#9834 = ORIENTED_EDGE('',*,*,#9812,.F.);
#9835 = ORIENTED_EDGE('',*,*,#9836,.T.);
#9836 = EDGE_CURVE('',#9805,#9837,#9839,.T.);
#9837 = VERTEX_POINT('',#9838);
#9838 = CARTESIAN_POINT('',(-1.15,1.1054,0.65));
#9839 = LINE('',#9840,#9841);
#9840 = CARTESIAN_POINT('',(-1.35,1.1054,0.65));
#9841 = VECTOR('',#9842,1.);
#9842 = DIRECTION('',(1.,0.,0.));
#9843 = ORIENTED_EDGE('',*,*,#9844,.T.);
#9844 = EDGE_CURVE('',#9837,#6968,#9845,.T.);
#9845 = LINE('',#9846,#9847);
#9846 = CARTESIAN_POINT('',(-1.15,1.1054,0.65));
#9847 = VECTOR('',#9848,1.);
#9848 = DIRECTION('',(0.,0.,1.));
#9849 = ORIENTED_EDGE('',*,*,#6975,.T.);
#9850 = PLANE('',#9851);
#9851 = AXIS2_PLACEMENT_3D('',#9852,#9853,#9854);
#9852 = CARTESIAN_POINT('',(-1.35,1.1054,0.65));
#9853 = DIRECTION('',(0.,-1.,0.));
#9854 = DIRECTION('',(0.,0.,1.));
#9855 = ADVANCED_FACE('',(#9856),#9913,.T.);
#9856 = FACE_BOUND('',#9857,.T.);
#9857 = EDGE_LOOP('',(#9858,#9866,#9874,#9882,#9890,#9896,#9897,#9898,
    #9906,#9912));
#9858 = ORIENTED_EDGE('',*,*,#9859,.T.);
#9859 = EDGE_CURVE('',#7128,#9860,#9862,.T.);
#9860 = VERTEX_POINT('',#9861);
#9861 = CARTESIAN_POINT('',(-1.15,2.4754,0.));
#9862 = LINE('',#9863,#9864);
#9863 = CARTESIAN_POINT('',(-1.15,0.7054,-4.000000000001E-04));
#9864 = VECTOR('',#9865,1.);
#9865 = DIRECTION('',(0.,0.999999974465,2.259886947942E-04));
#9866 = ORIENTED_EDGE('',*,*,#9867,.T.);
#9867 = EDGE_CURVE('',#9860,#9868,#9870,.T.);
#9868 = VERTEX_POINT('',#9869);
#9869 = CARTESIAN_POINT('',(-1.15,2.4754,0.3));
#9870 = LINE('',#9871,#9872);
#9871 = CARTESIAN_POINT('',(-1.15,2.4754,0.));
#9872 = VECTOR('',#9873,1.);
#9873 = DIRECTION('',(0.,0.,1.));
#9874 = ORIENTED_EDGE('',*,*,#9875,.T.);
#9875 = EDGE_CURVE('',#9868,#9876,#9878,.T.);
#9876 = VERTEX_POINT('',#9877);
#9877 = CARTESIAN_POINT('',(-1.15,1.7754,0.3));
#9878 = LINE('',#9879,#9880);
#9879 = CARTESIAN_POINT('',(-1.15,2.4754,0.3));
#9880 = VECTOR('',#9881,1.);
#9881 = DIRECTION('',(0.,-1.,0.));
#9882 = ORIENTED_EDGE('',*,*,#9883,.T.);
#9883 = EDGE_CURVE('',#9876,#9884,#9886,.T.);
#9884 = VERTEX_POINT('',#9885);
#9885 = CARTESIAN_POINT('',(-1.15,1.7754,0.65));
#9886 = LINE('',#9887,#9888);
#9887 = CARTESIAN_POINT('',(-1.15,1.7754,0.3));
#9888 = VECTOR('',#9889,1.);
#9889 = DIRECTION('',(0.,0.,1.));
#9890 = ORIENTED_EDGE('',*,*,#9891,.T.);
#9891 = EDGE_CURVE('',#9884,#9837,#9892,.T.);
#9892 = LINE('',#9893,#9894);
#9893 = CARTESIAN_POINT('',(-1.15,1.7754,0.65));
#9894 = VECTOR('',#9895,1.);
#9895 = DIRECTION('',(0.,-1.,0.));
#9896 = ORIENTED_EDGE('',*,*,#9844,.T.);
#9897 = ORIENTED_EDGE('',*,*,#6967,.T.);
#9898 = ORIENTED_EDGE('',*,*,#9899,.T.);
#9899 = EDGE_CURVE('',#6960,#9900,#9902,.T.);
#9900 = VERTEX_POINT('',#9901);
#9901 = CARTESIAN_POINT('',(-1.15,1.08,0.195));
#9902 = LINE('',#9903,#9904);
#9903 = CARTESIAN_POINT('',(-1.15,1.08,1.036141805844));
#9904 = VECTOR('',#9905,1.);
#9905 = DIRECTION('',(9.245679891946E-32,-2.22044604925E-16,-1.));
#9906 = ORIENTED_EDGE('',*,*,#9907,.T.);
#9907 = EDGE_CURVE('',#9900,#7136,#9908,.T.);
#9908 = LINE('',#9909,#9910);
#9909 = CARTESIAN_POINT('',(-1.15,0.546465540115,0.195));
#9910 = VECTOR('',#9911,1.);
#9911 = DIRECTION('',(9.003329844341E-33,-1.,2.22044604925E-16));
#9912 = ORIENTED_EDGE('',*,*,#7135,.T.);
#9913 = PLANE('',#9914);
#9914 = AXIS2_PLACEMENT_3D('',#9915,#9916,#9917);
#9915 = CARTESIAN_POINT('',(-1.15,1.293108022955E-02,1.127283611688));
#9916 = DIRECTION('',(1.,9.003329844341E-33,9.245679891946E-32));
#9917 = DIRECTION('',(-9.245679891946E-32,0.,1.));
#9918 = ADVANCED_FACE('',(#9919),#9937,.T.);
#9919 = FACE_BOUND('',#9920,.T.);
#9920 = EDGE_LOOP('',(#9921,#9922,#9923,#9931));
#9921 = ORIENTED_EDGE('',*,*,#9899,.F.);
#9922 = ORIENTED_EDGE('',*,*,#6959,.T.);
#9923 = ORIENTED_EDGE('',*,*,#9924,.T.);
#9924 = EDGE_CURVE('',#6952,#9925,#9927,.T.);
#9925 = VERTEX_POINT('',#9926);
#9926 = CARTESIAN_POINT('',(-0.1,1.08,0.195));
#9927 = LINE('',#9928,#9929);
#9928 = CARTESIAN_POINT('',(-0.1,1.08,1.036141805844));
#9929 = VECTOR('',#9930,1.);
#9930 = DIRECTION('',(9.245679891946E-32,-2.22044604925E-16,-1.));
#9931 = ORIENTED_EDGE('',*,*,#9932,.F.);
#9932 = EDGE_CURVE('',#9900,#9925,#9933,.T.);
#9933 = LINE('',#9934,#9935);
#9934 = CARTESIAN_POINT('',(-4.75,1.08,0.195));
#9935 = VECTOR('',#9936,1.);
#9936 = DIRECTION('',(1.,0.,0.));
#9937 = PLANE('',#9938);
#9938 = AXIS2_PLACEMENT_3D('',#9939,#9940,#9941);
#9939 = CARTESIAN_POINT('',(-4.75,1.08,0.945));
#9940 = DIRECTION('',(0.,1.,-2.22044604925E-16));
#9941 = DIRECTION('',(0.,-2.22044604925E-16,-1.));
#9942 = ADVANCED_FACE('',(#9943),#10000,.F.);
#9943 = FACE_BOUND('',#9944,.F.);
#9944 = EDGE_LOOP('',(#9945,#9953,#9961,#9969,#9977,#9985,#9991,#9992,
    #9993,#9999));
#9945 = ORIENTED_EDGE('',*,*,#9946,.T.);
#9946 = EDGE_CURVE('',#7152,#9947,#9949,.T.);
#9947 = VERTEX_POINT('',#9948);
#9948 = CARTESIAN_POINT('',(-0.1,2.4754,0.));
#9949 = LINE('',#9950,#9951);
#9950 = CARTESIAN_POINT('',(-0.1,0.7054,-4.000000000001E-04));
#9951 = VECTOR('',#9952,1.);
#9952 = DIRECTION('',(0.,0.999999974465,2.259886947942E-04));
#9953 = ORIENTED_EDGE('',*,*,#9954,.T.);
#9954 = EDGE_CURVE('',#9947,#9955,#9957,.T.);
#9955 = VERTEX_POINT('',#9956);
#9956 = CARTESIAN_POINT('',(-0.1,2.4754,0.3));
#9957 = LINE('',#9958,#9959);
#9958 = CARTESIAN_POINT('',(-0.1,2.4754,0.));
#9959 = VECTOR('',#9960,1.);
#9960 = DIRECTION('',(0.,0.,1.));
#9961 = ORIENTED_EDGE('',*,*,#9962,.T.);
#9962 = EDGE_CURVE('',#9955,#9963,#9965,.T.);
#9963 = VERTEX_POINT('',#9964);
#9964 = CARTESIAN_POINT('',(-0.1,1.7754,0.3));
#9965 = LINE('',#9966,#9967);
#9966 = CARTESIAN_POINT('',(-0.1,2.4754,0.3));
#9967 = VECTOR('',#9968,1.);
#9968 = DIRECTION('',(0.,-1.,0.));
#9969 = ORIENTED_EDGE('',*,*,#9970,.T.);
#9970 = EDGE_CURVE('',#9963,#9971,#9973,.T.);
#9971 = VERTEX_POINT('',#9972);
#9972 = CARTESIAN_POINT('',(-0.1,1.7754,0.65));
#9973 = LINE('',#9974,#9975);
#9974 = CARTESIAN_POINT('',(-0.1,1.7754,0.3));
#9975 = VECTOR('',#9976,1.);
#9976 = DIRECTION('',(0.,0.,1.));
#9977 = ORIENTED_EDGE('',*,*,#9978,.T.);
#9978 = EDGE_CURVE('',#9971,#9979,#9981,.T.);
#9979 = VERTEX_POINT('',#9980);
#9980 = CARTESIAN_POINT('',(-0.1,1.1054,0.65));
#9981 = LINE('',#9982,#9983);
#9982 = CARTESIAN_POINT('',(-0.1,1.7754,0.65));
#9983 = VECTOR('',#9984,1.);
#9984 = DIRECTION('',(0.,-1.,0.));
#9985 = ORIENTED_EDGE('',*,*,#9986,.T.);
#9986 = EDGE_CURVE('',#9979,#6944,#9987,.T.);
#9987 = LINE('',#9988,#9989);
#9988 = CARTESIAN_POINT('',(-0.1,1.1054,0.65));
#9989 = VECTOR('',#9990,1.);
#9990 = DIRECTION('',(0.,0.,1.));
#9991 = ORIENTED_EDGE('',*,*,#6951,.T.);
#9992 = ORIENTED_EDGE('',*,*,#9924,.T.);
#9993 = ORIENTED_EDGE('',*,*,#9994,.T.);
#9994 = EDGE_CURVE('',#9925,#7144,#9995,.T.);
#9995 = LINE('',#9996,#9997);
#9996 = CARTESIAN_POINT('',(-0.1,0.546465540115,0.195));
#9997 = VECTOR('',#9998,1.);
#9998 = DIRECTION('',(9.003329844341E-33,-1.,2.22044604925E-16));
#9999 = ORIENTED_EDGE('',*,*,#7151,.T.);
#10000 = PLANE('',#10001);
#10001 = AXIS2_PLACEMENT_3D('',#10002,#10003,#10004);
#10002 = CARTESIAN_POINT('',(-0.1,1.293108022955E-02,1.127283611688));
#10003 = DIRECTION('',(1.,9.003329844341E-33,9.245679891946E-32));
#10004 = DIRECTION('',(-9.245679891946E-32,0.,1.));
#10005 = ADVANCED_FACE('',(#10006),#10024,.F.);
#10006 = FACE_BOUND('',#10007,.F.);
#10007 = EDGE_LOOP('',(#10008,#10009,#10017,#10023));
#10008 = ORIENTED_EDGE('',*,*,#9986,.F.);
#10009 = ORIENTED_EDGE('',*,*,#10010,.T.);
#10010 = EDGE_CURVE('',#9979,#10011,#10013,.T.);
#10011 = VERTEX_POINT('',#10012);
#10012 = CARTESIAN_POINT('',(0.1,1.1054,0.65));
#10013 = LINE('',#10014,#10015);
#10014 = CARTESIAN_POINT('',(-0.1,1.1054,0.65));
#10015 = VECTOR('',#10016,1.);
#10016 = DIRECTION('',(1.,0.,0.));
#10017 = ORIENTED_EDGE('',*,*,#10018,.T.);
#10018 = EDGE_CURVE('',#10011,#6936,#10019,.T.);
#10019 = LINE('',#10020,#10021);
#10020 = CARTESIAN_POINT('',(0.1,1.1054,0.65));
#10021 = VECTOR('',#10022,1.);
#10022 = DIRECTION('',(0.,0.,1.));
#10023 = ORIENTED_EDGE('',*,*,#6943,.T.);
#10024 = PLANE('',#10025);
#10025 = AXIS2_PLACEMENT_3D('',#10026,#10027,#10028);
#10026 = CARTESIAN_POINT('',(-0.1,1.1054,0.65));
#10027 = DIRECTION('',(0.,-1.,0.));
#10028 = DIRECTION('',(0.,0.,1.));
#10029 = ADVANCED_FACE('',(#10030),#10087,.T.);
#10030 = FACE_BOUND('',#10031,.T.);
#10031 = EDGE_LOOP('',(#10032,#10040,#10048,#10056,#10064,#10070,#10071,
    #10072,#10080,#10086));
#10032 = ORIENTED_EDGE('',*,*,#10033,.T.);
#10033 = EDGE_CURVE('',#7160,#10034,#10036,.T.);
#10034 = VERTEX_POINT('',#10035);
#10035 = CARTESIAN_POINT('',(0.1,2.4754,0.));
#10036 = LINE('',#10037,#10038);
#10037 = CARTESIAN_POINT('',(0.1,0.7054,-4.000000000001E-04));
#10038 = VECTOR('',#10039,1.);
#10039 = DIRECTION('',(0.,0.999999974465,2.259886947942E-04));
#10040 = ORIENTED_EDGE('',*,*,#10041,.T.);
#10041 = EDGE_CURVE('',#10034,#10042,#10044,.T.);
#10042 = VERTEX_POINT('',#10043);
#10043 = CARTESIAN_POINT('',(0.1,2.4754,0.3));
#10044 = LINE('',#10045,#10046);
#10045 = CARTESIAN_POINT('',(0.1,2.4754,0.));
#10046 = VECTOR('',#10047,1.);
#10047 = DIRECTION('',(0.,0.,1.));
#10048 = ORIENTED_EDGE('',*,*,#10049,.T.);
#10049 = EDGE_CURVE('',#10042,#10050,#10052,.T.);
#10050 = VERTEX_POINT('',#10051);
#10051 = CARTESIAN_POINT('',(0.1,1.7754,0.3));
#10052 = LINE('',#10053,#10054);
#10053 = CARTESIAN_POINT('',(0.1,2.4754,0.3));
#10054 = VECTOR('',#10055,1.);
#10055 = DIRECTION('',(0.,-1.,0.));
#10056 = ORIENTED_EDGE('',*,*,#10057,.T.);
#10057 = EDGE_CURVE('',#10050,#10058,#10060,.T.);
#10058 = VERTEX_POINT('',#10059);
#10059 = CARTESIAN_POINT('',(0.1,1.7754,0.65));
#10060 = LINE('',#10061,#10062);
#10061 = CARTESIAN_POINT('',(0.1,1.7754,0.3));
#10062 = VECTOR('',#10063,1.);
#10063 = DIRECTION('',(0.,0.,1.));
#10064 = ORIENTED_EDGE('',*,*,#10065,.T.);
#10065 = EDGE_CURVE('',#10058,#10011,#10066,.T.);
#10066 = LINE('',#10067,#10068);
#10067 = CARTESIAN_POINT('',(0.1,1.7754,0.65));
#10068 = VECTOR('',#10069,1.);
#10069 = DIRECTION('',(0.,-1.,0.));
#10070 = ORIENTED_EDGE('',*,*,#10018,.T.);
#10071 = ORIENTED_EDGE('',*,*,#6935,.T.);
#10072 = ORIENTED_EDGE('',*,*,#10073,.T.);
#10073 = EDGE_CURVE('',#6928,#10074,#10076,.T.);
#10074 = VERTEX_POINT('',#10075);
#10075 = CARTESIAN_POINT('',(0.1,1.08,0.195));
#10076 = LINE('',#10077,#10078);
#10077 = CARTESIAN_POINT('',(0.1,1.08,1.036141805844));
#10078 = VECTOR('',#10079,1.);
#10079 = DIRECTION('',(9.245679891946E-32,-2.22044604925E-16,-1.));
#10080 = ORIENTED_EDGE('',*,*,#10081,.T.);
#10081 = EDGE_CURVE('',#10074,#7168,#10082,.T.);
#10082 = LINE('',#10083,#10084);
#10083 = CARTESIAN_POINT('',(0.1,0.546465540115,0.195));
#10084 = VECTOR('',#10085,1.);
#10085 = DIRECTION('',(9.003329844341E-33,-1.,2.22044604925E-16));
#10086 = ORIENTED_EDGE('',*,*,#7167,.T.);
#10087 = PLANE('',#10088);
#10088 = AXIS2_PLACEMENT_3D('',#10089,#10090,#10091);
#10089 = CARTESIAN_POINT('',(0.1,1.293108022955E-02,1.127283611688));
#10090 = DIRECTION('',(1.,9.003329844341E-33,9.245679891946E-32));
#10091 = DIRECTION('',(-9.245679891946E-32,0.,1.));
#10092 = ADVANCED_FACE('',(#10093),#10111,.T.);
#10093 = FACE_BOUND('',#10094,.T.);
#10094 = EDGE_LOOP('',(#10095,#10096,#10097,#10105));
#10095 = ORIENTED_EDGE('',*,*,#10073,.F.);
#10096 = ORIENTED_EDGE('',*,*,#6927,.T.);
#10097 = ORIENTED_EDGE('',*,*,#10098,.T.);
#10098 = EDGE_CURVE('',#6920,#10099,#10101,.T.);
#10099 = VERTEX_POINT('',#10100);
#10100 = CARTESIAN_POINT('',(1.15,1.08,0.195));
#10101 = LINE('',#10102,#10103);
#10102 = CARTESIAN_POINT('',(1.15,1.08,1.036141805844));
#10103 = VECTOR('',#10104,1.);
#10104 = DIRECTION('',(9.245679891946E-32,-2.22044604925E-16,-1.));
#10105 = ORIENTED_EDGE('',*,*,#10106,.F.);
#10106 = EDGE_CURVE('',#10074,#10099,#10107,.T.);
#10107 = LINE('',#10108,#10109);
#10108 = CARTESIAN_POINT('',(-4.75,1.08,0.195));
#10109 = VECTOR('',#10110,1.);
#10110 = DIRECTION('',(1.,0.,0.));
#10111 = PLANE('',#10112);
#10112 = AXIS2_PLACEMENT_3D('',#10113,#10114,#10115);
#10113 = CARTESIAN_POINT('',(-4.75,1.08,0.945));
#10114 = DIRECTION('',(0.,1.,-2.22044604925E-16));
#10115 = DIRECTION('',(0.,-2.22044604925E-16,-1.));
#10116 = ADVANCED_FACE('',(#10117),#10174,.F.);
#10117 = FACE_BOUND('',#10118,.F.);
#10118 = EDGE_LOOP('',(#10119,#10127,#10135,#10143,#10151,#10159,#10165,
    #10166,#10167,#10173));
#10119 = ORIENTED_EDGE('',*,*,#10120,.T.);
#10120 = EDGE_CURVE('',#7184,#10121,#10123,.T.);
#10121 = VERTEX_POINT('',#10122);
#10122 = CARTESIAN_POINT('',(1.15,2.4754,0.));
#10123 = LINE('',#10124,#10125);
#10124 = CARTESIAN_POINT('',(1.15,0.7054,-4.000000000001E-04));
#10125 = VECTOR('',#10126,1.);
#10126 = DIRECTION('',(0.,0.999999974465,2.259886947942E-04));
#10127 = ORIENTED_EDGE('',*,*,#10128,.T.);
#10128 = EDGE_CURVE('',#10121,#10129,#10131,.T.);
#10129 = VERTEX_POINT('',#10130);
#10130 = CARTESIAN_POINT('',(1.15,2.4754,0.3));
#10131 = LINE('',#10132,#10133);
#10132 = CARTESIAN_POINT('',(1.15,2.4754,0.));
#10133 = VECTOR('',#10134,1.);
#10134 = DIRECTION('',(0.,0.,1.));
#10135 = ORIENTED_EDGE('',*,*,#10136,.T.);
#10136 = EDGE_CURVE('',#10129,#10137,#10139,.T.);
#10137 = VERTEX_POINT('',#10138);
#10138 = CARTESIAN_POINT('',(1.15,1.7754,0.3));
#10139 = LINE('',#10140,#10141);
#10140 = CARTESIAN_POINT('',(1.15,2.4754,0.3));
#10141 = VECTOR('',#10142,1.);
#10142 = DIRECTION('',(0.,-1.,0.));
#10143 = ORIENTED_EDGE('',*,*,#10144,.T.);
#10144 = EDGE_CURVE('',#10137,#10145,#10147,.T.);
#10145 = VERTEX_POINT('',#10146);
#10146 = CARTESIAN_POINT('',(1.15,1.7754,0.65));
#10147 = LINE('',#10148,#10149);
#10148 = CARTESIAN_POINT('',(1.15,1.7754,0.3));
#10149 = VECTOR('',#10150,1.);
#10150 = DIRECTION('',(0.,0.,1.));
#10151 = ORIENTED_EDGE('',*,*,#10152,.T.);
#10152 = EDGE_CURVE('',#10145,#10153,#10155,.T.);
#10153 = VERTEX_POINT('',#10154);
#10154 = CARTESIAN_POINT('',(1.15,1.1054,0.65));
#10155 = LINE('',#10156,#10157);
#10156 = CARTESIAN_POINT('',(1.15,1.7754,0.65));
#10157 = VECTOR('',#10158,1.);
#10158 = DIRECTION('',(0.,-1.,0.));
#10159 = ORIENTED_EDGE('',*,*,#10160,.T.);
#10160 = EDGE_CURVE('',#10153,#6912,#10161,.T.);
#10161 = LINE('',#10162,#10163);
#10162 = CARTESIAN_POINT('',(1.15,1.1054,0.65));
#10163 = VECTOR('',#10164,1.);
#10164 = DIRECTION('',(0.,0.,1.));
#10165 = ORIENTED_EDGE('',*,*,#6919,.T.);
#10166 = ORIENTED_EDGE('',*,*,#10098,.T.);
#10167 = ORIENTED_EDGE('',*,*,#10168,.T.);
#10168 = EDGE_CURVE('',#10099,#7176,#10169,.T.);
#10169 = LINE('',#10170,#10171);
#10170 = CARTESIAN_POINT('',(1.15,0.546465540115,0.195));
#10171 = VECTOR('',#10172,1.);
#10172 = DIRECTION('',(9.003329844341E-33,-1.,2.22044604925E-16));
#10173 = ORIENTED_EDGE('',*,*,#7183,.T.);
#10174 = PLANE('',#10175);
#10175 = AXIS2_PLACEMENT_3D('',#10176,#10177,#10178);
#10176 = CARTESIAN_POINT('',(1.15,1.293108022955E-02,1.127283611688));
#10177 = DIRECTION('',(1.,9.003329844341E-33,9.245679891946E-32));
#10178 = DIRECTION('',(-9.245679891946E-32,0.,1.));
#10179 = ADVANCED_FACE('',(#10180),#10198,.F.);
#10180 = FACE_BOUND('',#10181,.F.);
#10181 = EDGE_LOOP('',(#10182,#10183,#10191,#10197));
#10182 = ORIENTED_EDGE('',*,*,#10160,.F.);
#10183 = ORIENTED_EDGE('',*,*,#10184,.T.);
#10184 = EDGE_CURVE('',#10153,#10185,#10187,.T.);
#10185 = VERTEX_POINT('',#10186);
#10186 = CARTESIAN_POINT('',(1.35,1.1054,0.65));
#10187 = LINE('',#10188,#10189);
#10188 = CARTESIAN_POINT('',(1.15,1.1054,0.65));
#10189 = VECTOR('',#10190,1.);
#10190 = DIRECTION('',(1.,0.,0.));
#10191 = ORIENTED_EDGE('',*,*,#10192,.T.);
#10192 = EDGE_CURVE('',#10185,#6904,#10193,.T.);
#10193 = LINE('',#10194,#10195);
#10194 = CARTESIAN_POINT('',(1.35,1.1054,0.65));
#10195 = VECTOR('',#10196,1.);
#10196 = DIRECTION('',(0.,0.,1.));
#10197 = ORIENTED_EDGE('',*,*,#6911,.T.);
#10198 = PLANE('',#10199);
#10199 = AXIS2_PLACEMENT_3D('',#10200,#10201,#10202);
#10200 = CARTESIAN_POINT('',(1.15,1.1054,0.65));
#10201 = DIRECTION('',(0.,-1.,0.));
#10202 = DIRECTION('',(0.,0.,1.));
#10203 = ADVANCED_FACE('',(#10204),#10261,.T.);
#10204 = FACE_BOUND('',#10205,.T.);
#10205 = EDGE_LOOP('',(#10206,#10214,#10222,#10230,#10238,#10244,#10245,
    #10246,#10254,#10260));
#10206 = ORIENTED_EDGE('',*,*,#10207,.T.);
#10207 = EDGE_CURVE('',#7192,#10208,#10210,.T.);
#10208 = VERTEX_POINT('',#10209);
#10209 = CARTESIAN_POINT('',(1.35,2.4754,0.));
#10210 = LINE('',#10211,#10212);
#10211 = CARTESIAN_POINT('',(1.35,0.7054,-4.000000000001E-04));
#10212 = VECTOR('',#10213,1.);
#10213 = DIRECTION('',(0.,0.999999974465,2.259886947942E-04));
#10214 = ORIENTED_EDGE('',*,*,#10215,.T.);
#10215 = EDGE_CURVE('',#10208,#10216,#10218,.T.);
#10216 = VERTEX_POINT('',#10217);
#10217 = CARTESIAN_POINT('',(1.35,2.4754,0.3));
#10218 = LINE('',#10219,#10220);
#10219 = CARTESIAN_POINT('',(1.35,2.4754,0.));
#10220 = VECTOR('',#10221,1.);
#10221 = DIRECTION('',(0.,0.,1.));
#10222 = ORIENTED_EDGE('',*,*,#10223,.T.);
#10223 = EDGE_CURVE('',#10216,#10224,#10226,.T.);
#10224 = VERTEX_POINT('',#10225);
#10225 = CARTESIAN_POINT('',(1.35,1.7754,0.3));
#10226 = LINE('',#10227,#10228);
#10227 = CARTESIAN_POINT('',(1.35,2.4754,0.3));
#10228 = VECTOR('',#10229,1.);
#10229 = DIRECTION('',(0.,-1.,0.));
#10230 = ORIENTED_EDGE('',*,*,#10231,.T.);
#10231 = EDGE_CURVE('',#10224,#10232,#10234,.T.);
#10232 = VERTEX_POINT('',#10233);
#10233 = CARTESIAN_POINT('',(1.35,1.7754,0.65));
#10234 = LINE('',#10235,#10236);
#10235 = CARTESIAN_POINT('',(1.35,1.7754,0.3));
#10236 = VECTOR('',#10237,1.);
#10237 = DIRECTION('',(0.,0.,1.));
#10238 = ORIENTED_EDGE('',*,*,#10239,.T.);
#10239 = EDGE_CURVE('',#10232,#10185,#10240,.T.);
#10240 = LINE('',#10241,#10242);
#10241 = CARTESIAN_POINT('',(1.35,1.7754,0.65));
#10242 = VECTOR('',#10243,1.);
#10243 = DIRECTION('',(0.,-1.,0.));
#10244 = ORIENTED_EDGE('',*,*,#10192,.T.);
#10245 = ORIENTED_EDGE('',*,*,#6903,.T.);
#10246 = ORIENTED_EDGE('',*,*,#10247,.T.);
#10247 = EDGE_CURVE('',#6896,#10248,#10250,.T.);
#10248 = VERTEX_POINT('',#10249);
#10249 = CARTESIAN_POINT('',(1.35,1.08,0.195));
#10250 = LINE('',#10251,#10252);
#10251 = CARTESIAN_POINT('',(1.35,1.08,1.036141805844));
#10252 = VECTOR('',#10253,1.);
#10253 = DIRECTION('',(9.245679891946E-32,-2.22044604925E-16,-1.));
#10254 = ORIENTED_EDGE('',*,*,#10255,.T.);
#10255 = EDGE_CURVE('',#10248,#7200,#10256,.T.);
#10256 = LINE('',#10257,#10258);
#10257 = CARTESIAN_POINT('',(1.35,0.546465540115,0.195));
#10258 = VECTOR('',#10259,1.);
#10259 = DIRECTION('',(9.003329844341E-33,-1.,2.22044604925E-16));
#10260 = ORIENTED_EDGE('',*,*,#7199,.T.);
#10261 = PLANE('',#10262);
#10262 = AXIS2_PLACEMENT_3D('',#10263,#10264,#10265);
#10263 = CARTESIAN_POINT('',(1.35,1.293108022955E-02,1.127283611688));
#10264 = DIRECTION('',(1.,9.003329844341E-33,9.245679891946E-32));
#10265 = DIRECTION('',(-9.245679891946E-32,0.,1.));
#10266 = ADVANCED_FACE('',(#10267),#10285,.T.);
#10267 = FACE_BOUND('',#10268,.T.);
#10268 = EDGE_LOOP('',(#10269,#10270,#10271,#10279));
#10269 = ORIENTED_EDGE('',*,*,#10247,.F.);
#10270 = ORIENTED_EDGE('',*,*,#6895,.T.);
#10271 = ORIENTED_EDGE('',*,*,#10272,.T.);
#10272 = EDGE_CURVE('',#6888,#10273,#10275,.T.);
#10273 = VERTEX_POINT('',#10274);
#10274 = CARTESIAN_POINT('',(2.4,1.08,0.195));
#10275 = LINE('',#10276,#10277);
#10276 = CARTESIAN_POINT('',(2.4,1.08,1.036141805844));
#10277 = VECTOR('',#10278,1.);
#10278 = DIRECTION('',(9.245679891946E-32,-2.22044604925E-16,-1.));
#10279 = ORIENTED_EDGE('',*,*,#10280,.F.);
#10280 = EDGE_CURVE('',#10248,#10273,#10281,.T.);
#10281 = LINE('',#10282,#10283);
#10282 = CARTESIAN_POINT('',(-4.75,1.08,0.195));
#10283 = VECTOR('',#10284,1.);
#10284 = DIRECTION('',(1.,0.,0.));
#10285 = PLANE('',#10286);
#10286 = AXIS2_PLACEMENT_3D('',#10287,#10288,#10289);
#10287 = CARTESIAN_POINT('',(-4.75,1.08,0.945));
#10288 = DIRECTION('',(0.,1.,-2.22044604925E-16));
#10289 = DIRECTION('',(0.,-2.22044604925E-16,-1.));
#10290 = ADVANCED_FACE('',(#10291),#10348,.F.);
#10291 = FACE_BOUND('',#10292,.F.);
#10292 = EDGE_LOOP('',(#10293,#10301,#10309,#10317,#10325,#10333,#10339,
    #10340,#10341,#10347));
#10293 = ORIENTED_EDGE('',*,*,#10294,.T.);
#10294 = EDGE_CURVE('',#7216,#10295,#10297,.T.);
#10295 = VERTEX_POINT('',#10296);
#10296 = CARTESIAN_POINT('',(2.4,2.4754,0.));
#10297 = LINE('',#10298,#10299);
#10298 = CARTESIAN_POINT('',(2.4,0.7054,-4.000000000001E-04));
#10299 = VECTOR('',#10300,1.);
#10300 = DIRECTION('',(0.,0.999999974465,2.259886947942E-04));
#10301 = ORIENTED_EDGE('',*,*,#10302,.T.);
#10302 = EDGE_CURVE('',#10295,#10303,#10305,.T.);
#10303 = VERTEX_POINT('',#10304);
#10304 = CARTESIAN_POINT('',(2.4,2.4754,0.3));
#10305 = LINE('',#10306,#10307);
#10306 = CARTESIAN_POINT('',(2.4,2.4754,0.));
#10307 = VECTOR('',#10308,1.);
#10308 = DIRECTION('',(0.,0.,1.));
#10309 = ORIENTED_EDGE('',*,*,#10310,.T.);
#10310 = EDGE_CURVE('',#10303,#10311,#10313,.T.);
#10311 = VERTEX_POINT('',#10312);
#10312 = CARTESIAN_POINT('',(2.4,1.7754,0.3));
#10313 = LINE('',#10314,#10315);
#10314 = CARTESIAN_POINT('',(2.4,2.4754,0.3));
#10315 = VECTOR('',#10316,1.);
#10316 = DIRECTION('',(0.,-1.,0.));
#10317 = ORIENTED_EDGE('',*,*,#10318,.T.);
#10318 = EDGE_CURVE('',#10311,#10319,#10321,.T.);
#10319 = VERTEX_POINT('',#10320);
#10320 = CARTESIAN_POINT('',(2.4,1.7754,0.65));
#10321 = LINE('',#10322,#10323);
#10322 = CARTESIAN_POINT('',(2.4,1.7754,0.3));
#10323 = VECTOR('',#10324,1.);
#10324 = DIRECTION('',(0.,0.,1.));
#10325 = ORIENTED_EDGE('',*,*,#10326,.T.);
#10326 = EDGE_CURVE('',#10319,#10327,#10329,.T.);
#10327 = VERTEX_POINT('',#10328);
#10328 = CARTESIAN_POINT('',(2.4,1.1054,0.65));
#10329 = LINE('',#10330,#10331);
#10330 = CARTESIAN_POINT('',(2.4,1.7754,0.65));
#10331 = VECTOR('',#10332,1.);
#10332 = DIRECTION('',(0.,-1.,0.));
#10333 = ORIENTED_EDGE('',*,*,#10334,.T.);
#10334 = EDGE_CURVE('',#10327,#6880,#10335,.T.);
#10335 = LINE('',#10336,#10337);
#10336 = CARTESIAN_POINT('',(2.4,1.1054,0.65));
#10337 = VECTOR('',#10338,1.);
#10338 = DIRECTION('',(0.,0.,1.));
#10339 = ORIENTED_EDGE('',*,*,#6887,.T.);
#10340 = ORIENTED_EDGE('',*,*,#10272,.T.);
#10341 = ORIENTED_EDGE('',*,*,#10342,.T.);
#10342 = EDGE_CURVE('',#10273,#7208,#10343,.T.);
#10343 = LINE('',#10344,#10345);
#10344 = CARTESIAN_POINT('',(2.4,0.546465540115,0.195));
#10345 = VECTOR('',#10346,1.);
#10346 = DIRECTION('',(9.003329844341E-33,-1.,2.22044604925E-16));
#10347 = ORIENTED_EDGE('',*,*,#7215,.T.);
#10348 = PLANE('',#10349);
#10349 = AXIS2_PLACEMENT_3D('',#10350,#10351,#10352);
#10350 = CARTESIAN_POINT('',(2.4,1.293108022955E-02,1.127283611688));
#10351 = DIRECTION('',(1.,9.003329844341E-33,9.245679891946E-32));
#10352 = DIRECTION('',(-9.245679891946E-32,0.,1.));
#10353 = ADVANCED_FACE('',(#10354),#10372,.F.);
#10354 = FACE_BOUND('',#10355,.F.);
#10355 = EDGE_LOOP('',(#10356,#10357,#10365,#10371));
#10356 = ORIENTED_EDGE('',*,*,#10334,.F.);
#10357 = ORIENTED_EDGE('',*,*,#10358,.T.);
#10358 = EDGE_CURVE('',#10327,#10359,#10361,.T.);
#10359 = VERTEX_POINT('',#10360);
#10360 = CARTESIAN_POINT('',(2.6,1.1054,0.65));
#10361 = LINE('',#10362,#10363);
#10362 = CARTESIAN_POINT('',(2.4,1.1054,0.65));
#10363 = VECTOR('',#10364,1.);
#10364 = DIRECTION('',(1.,0.,0.));
#10365 = ORIENTED_EDGE('',*,*,#10366,.T.);
#10366 = EDGE_CURVE('',#10359,#6872,#10367,.T.);
#10367 = LINE('',#10368,#10369);
#10368 = CARTESIAN_POINT('',(2.6,1.1054,0.65));
#10369 = VECTOR('',#10370,1.);
#10370 = DIRECTION('',(0.,0.,1.));
#10371 = ORIENTED_EDGE('',*,*,#6879,.T.);
#10372 = PLANE('',#10373);
#10373 = AXIS2_PLACEMENT_3D('',#10374,#10375,#10376);
#10374 = CARTESIAN_POINT('',(2.4,1.1054,0.65));
#10375 = DIRECTION('',(0.,-1.,0.));
#10376 = DIRECTION('',(0.,0.,1.));
#10377 = ADVANCED_FACE('',(#10378),#10435,.T.);
#10378 = FACE_BOUND('',#10379,.T.);
#10379 = EDGE_LOOP('',(#10380,#10388,#10396,#10404,#10412,#10418,#10419,
    #10420,#10428,#10434));
#10380 = ORIENTED_EDGE('',*,*,#10381,.T.);
#10381 = EDGE_CURVE('',#7224,#10382,#10384,.T.);
#10382 = VERTEX_POINT('',#10383);
#10383 = CARTESIAN_POINT('',(2.6,2.4754,0.));
#10384 = LINE('',#10385,#10386);
#10385 = CARTESIAN_POINT('',(2.6,0.7054,-4.000000000001E-04));
#10386 = VECTOR('',#10387,1.);
#10387 = DIRECTION('',(0.,0.999999974465,2.259886947942E-04));
#10388 = ORIENTED_EDGE('',*,*,#10389,.T.);
#10389 = EDGE_CURVE('',#10382,#10390,#10392,.T.);
#10390 = VERTEX_POINT('',#10391);
#10391 = CARTESIAN_POINT('',(2.6,2.4754,0.3));
#10392 = LINE('',#10393,#10394);
#10393 = CARTESIAN_POINT('',(2.6,2.4754,0.));
#10394 = VECTOR('',#10395,1.);
#10395 = DIRECTION('',(0.,0.,1.));
#10396 = ORIENTED_EDGE('',*,*,#10397,.T.);
#10397 = EDGE_CURVE('',#10390,#10398,#10400,.T.);
#10398 = VERTEX_POINT('',#10399);
#10399 = CARTESIAN_POINT('',(2.6,1.7754,0.3));
#10400 = LINE('',#10401,#10402);
#10401 = CARTESIAN_POINT('',(2.6,2.4754,0.3));
#10402 = VECTOR('',#10403,1.);
#10403 = DIRECTION('',(0.,-1.,0.));
#10404 = ORIENTED_EDGE('',*,*,#10405,.T.);
#10405 = EDGE_CURVE('',#10398,#10406,#10408,.T.);
#10406 = VERTEX_POINT('',#10407);
#10407 = CARTESIAN_POINT('',(2.6,1.7754,0.65));
#10408 = LINE('',#10409,#10410);
#10409 = CARTESIAN_POINT('',(2.6,1.7754,0.3));
#10410 = VECTOR('',#10411,1.);
#10411 = DIRECTION('',(0.,0.,1.));
#10412 = ORIENTED_EDGE('',*,*,#10413,.T.);
#10413 = EDGE_CURVE('',#10406,#10359,#10414,.T.);
#10414 = LINE('',#10415,#10416);
#10415 = CARTESIAN_POINT('',(2.6,1.7754,0.65));
#10416 = VECTOR('',#10417,1.);
#10417 = DIRECTION('',(0.,-1.,0.));
#10418 = ORIENTED_EDGE('',*,*,#10366,.T.);
#10419 = ORIENTED_EDGE('',*,*,#6871,.T.);
#10420 = ORIENTED_EDGE('',*,*,#10421,.T.);
#10421 = EDGE_CURVE('',#6864,#10422,#10424,.T.);
#10422 = VERTEX_POINT('',#10423);
#10423 = CARTESIAN_POINT('',(2.6,1.08,0.195));
#10424 = LINE('',#10425,#10426);
#10425 = CARTESIAN_POINT('',(2.6,1.08,1.036141805844));
#10426 = VECTOR('',#10427,1.);
#10427 = DIRECTION('',(9.245679891946E-32,-2.22044604925E-16,-1.));
#10428 = ORIENTED_EDGE('',*,*,#10429,.T.);
#10429 = EDGE_CURVE('',#10422,#7232,#10430,.T.);
#10430 = LINE('',#10431,#10432);
#10431 = CARTESIAN_POINT('',(2.6,0.546465540115,0.195));
#10432 = VECTOR('',#10433,1.);
#10433 = DIRECTION('',(9.003329844341E-33,-1.,2.22044604925E-16));
#10434 = ORIENTED_EDGE('',*,*,#7231,.T.);
#10435 = PLANE('',#10436);
#10436 = AXIS2_PLACEMENT_3D('',#10437,#10438,#10439);
#10437 = CARTESIAN_POINT('',(2.6,1.293108022955E-02,1.127283611688));
#10438 = DIRECTION('',(1.,9.003329844341E-33,9.245679891946E-32));
#10439 = DIRECTION('',(-9.245679891946E-32,0.,1.));
#10440 = ADVANCED_FACE('',(#10441),#10452,.T.);
#10441 = FACE_BOUND('',#10442,.T.);
#10442 = EDGE_LOOP('',(#10443,#10444,#10445,#10446));
#10443 = ORIENTED_EDGE('',*,*,#10421,.F.);
#10444 = ORIENTED_EDGE('',*,*,#6863,.T.);
#10445 = ORIENTED_EDGE('',*,*,#7272,.T.);
#10446 = ORIENTED_EDGE('',*,*,#10447,.F.);
#10447 = EDGE_CURVE('',#10422,#7265,#10448,.T.);
#10448 = LINE('',#10449,#10450);
#10449 = CARTESIAN_POINT('',(-4.75,1.08,0.195));
#10450 = VECTOR('',#10451,1.);
#10451 = DIRECTION('',(1.,0.,0.));
#10452 = PLANE('',#10453);
#10453 = AXIS2_PLACEMENT_3D('',#10454,#10455,#10456);
#10454 = CARTESIAN_POINT('',(-4.75,1.08,0.945));
#10455 = DIRECTION('',(0.,1.,-2.22044604925E-16));
#10456 = DIRECTION('',(0.,-2.22044604925E-16,-1.));
#10457 = ADVANCED_FACE('',(#10458),#10464,.T.);
#10458 = FACE_BOUND('',#10459,.T.);
#10459 = EDGE_LOOP('',(#10460,#10461,#10462,#10463));
#10460 = ORIENTED_EDGE('',*,*,#10429,.F.);
#10461 = ORIENTED_EDGE('',*,*,#10447,.T.);
#10462 = ORIENTED_EDGE('',*,*,#7264,.T.);
#10463 = ORIENTED_EDGE('',*,*,#7239,.F.);
#10464 = PLANE('',#10465);
#10465 = AXIS2_PLACEMENT_3D('',#10466,#10467,#10468);
#10466 = CARTESIAN_POINT('',(-4.75,1.08,0.195));
#10467 = DIRECTION('',(0.,-2.22044604925E-16,-1.));
#10468 = DIRECTION('',(0.,-1.,2.22044604925E-16));
#10469 = ADVANCED_FACE('',(#10470),#10481,.F.);
#10470 = FACE_BOUND('',#10471,.F.);
#10471 = EDGE_LOOP('',(#10472,#10473,#10474,#10475));
#10472 = ORIENTED_EDGE('',*,*,#10294,.F.);
#10473 = ORIENTED_EDGE('',*,*,#7223,.T.);
#10474 = ORIENTED_EDGE('',*,*,#10381,.T.);
#10475 = ORIENTED_EDGE('',*,*,#10476,.F.);
#10476 = EDGE_CURVE('',#10295,#10382,#10477,.T.);
#10477 = LINE('',#10478,#10479);
#10478 = CARTESIAN_POINT('',(2.4,2.4754,0.));
#10479 = VECTOR('',#10480,1.);
#10480 = DIRECTION('',(1.,0.,0.));
#10481 = PLANE('',#10482);
#10482 = AXIS2_PLACEMENT_3D('',#10483,#10484,#10485);
#10483 = CARTESIAN_POINT('',(2.4,0.7054,-4.000000000001E-04));
#10484 = DIRECTION('',(0.,-2.259886947942E-04,0.999999974465));
#10485 = DIRECTION('',(0.,0.999999974465,2.259886947942E-04));
#10486 = ADVANCED_FACE('',(#10487),#10493,.T.);
#10487 = FACE_BOUND('',#10488,.T.);
#10488 = EDGE_LOOP('',(#10489,#10490,#10491,#10492));
#10489 = ORIENTED_EDGE('',*,*,#10255,.F.);
#10490 = ORIENTED_EDGE('',*,*,#10280,.T.);
#10491 = ORIENTED_EDGE('',*,*,#10342,.T.);
#10492 = ORIENTED_EDGE('',*,*,#7207,.F.);
#10493 = PLANE('',#10494);
#10494 = AXIS2_PLACEMENT_3D('',#10495,#10496,#10497);
#10495 = CARTESIAN_POINT('',(-4.75,1.08,0.195));
#10496 = DIRECTION('',(0.,-2.22044604925E-16,-1.));
#10497 = DIRECTION('',(0.,-1.,2.22044604925E-16));
#10498 = ADVANCED_FACE('',(#10499),#10510,.F.);
#10499 = FACE_BOUND('',#10500,.F.);
#10500 = EDGE_LOOP('',(#10501,#10502,#10503,#10504));
#10501 = ORIENTED_EDGE('',*,*,#10120,.F.);
#10502 = ORIENTED_EDGE('',*,*,#7191,.T.);
#10503 = ORIENTED_EDGE('',*,*,#10207,.T.);
#10504 = ORIENTED_EDGE('',*,*,#10505,.F.);
#10505 = EDGE_CURVE('',#10121,#10208,#10506,.T.);
#10506 = LINE('',#10507,#10508);
#10507 = CARTESIAN_POINT('',(1.15,2.4754,0.));
#10508 = VECTOR('',#10509,1.);
#10509 = DIRECTION('',(1.,0.,0.));
#10510 = PLANE('',#10511);
#10511 = AXIS2_PLACEMENT_3D('',#10512,#10513,#10514);
#10512 = CARTESIAN_POINT('',(1.15,0.7054,-4.000000000001E-04));
#10513 = DIRECTION('',(0.,-2.259886947942E-04,0.999999974465));
#10514 = DIRECTION('',(0.,0.999999974465,2.259886947942E-04));
#10515 = ADVANCED_FACE('',(#10516),#10522,.T.);
#10516 = FACE_BOUND('',#10517,.T.);
#10517 = EDGE_LOOP('',(#10518,#10519,#10520,#10521));
#10518 = ORIENTED_EDGE('',*,*,#10081,.F.);
#10519 = ORIENTED_EDGE('',*,*,#10106,.T.);
#10520 = ORIENTED_EDGE('',*,*,#10168,.T.);
#10521 = ORIENTED_EDGE('',*,*,#7175,.F.);
#10522 = PLANE('',#10523);
#10523 = AXIS2_PLACEMENT_3D('',#10524,#10525,#10526);
#10524 = CARTESIAN_POINT('',(-4.75,1.08,0.195));
#10525 = DIRECTION('',(0.,-2.22044604925E-16,-1.));
#10526 = DIRECTION('',(0.,-1.,2.22044604925E-16));
#10527 = ADVANCED_FACE('',(#10528),#10539,.F.);
#10528 = FACE_BOUND('',#10529,.F.);
#10529 = EDGE_LOOP('',(#10530,#10531,#10532,#10533));
#10530 = ORIENTED_EDGE('',*,*,#9946,.F.);
#10531 = ORIENTED_EDGE('',*,*,#7159,.T.);
#10532 = ORIENTED_EDGE('',*,*,#10033,.T.);
#10533 = ORIENTED_EDGE('',*,*,#10534,.F.);
#10534 = EDGE_CURVE('',#9947,#10034,#10535,.T.);
#10535 = LINE('',#10536,#10537);
#10536 = CARTESIAN_POINT('',(-0.1,2.4754,0.));
#10537 = VECTOR('',#10538,1.);
#10538 = DIRECTION('',(1.,0.,0.));
#10539 = PLANE('',#10540);
#10540 = AXIS2_PLACEMENT_3D('',#10541,#10542,#10543);
#10541 = CARTESIAN_POINT('',(-0.1,0.7054,-4.000000000001E-04));
#10542 = DIRECTION('',(0.,-2.259886947942E-04,0.999999974465));
#10543 = DIRECTION('',(0.,0.999999974465,2.259886947942E-04));
#10544 = ADVANCED_FACE('',(#10545),#10551,.T.);
#10545 = FACE_BOUND('',#10546,.T.);
#10546 = EDGE_LOOP('',(#10547,#10548,#10549,#10550));
#10547 = ORIENTED_EDGE('',*,*,#9907,.F.);
#10548 = ORIENTED_EDGE('',*,*,#9932,.T.);
#10549 = ORIENTED_EDGE('',*,*,#9994,.T.);
#10550 = ORIENTED_EDGE('',*,*,#7143,.F.);
#10551 = PLANE('',#10552);
#10552 = AXIS2_PLACEMENT_3D('',#10553,#10554,#10555);
#10553 = CARTESIAN_POINT('',(-4.75,1.08,0.195));
#10554 = DIRECTION('',(0.,-2.22044604925E-16,-1.));
#10555 = DIRECTION('',(0.,-1.,2.22044604925E-16));
#10556 = ADVANCED_FACE('',(#10557),#10568,.F.);
#10557 = FACE_BOUND('',#10558,.F.);
#10558 = EDGE_LOOP('',(#10559,#10560,#10561,#10562));
#10559 = ORIENTED_EDGE('',*,*,#9772,.F.);
#10560 = ORIENTED_EDGE('',*,*,#7127,.T.);
#10561 = ORIENTED_EDGE('',*,*,#9859,.T.);
#10562 = ORIENTED_EDGE('',*,*,#10563,.F.);
#10563 = EDGE_CURVE('',#9773,#9860,#10564,.T.);
#10564 = LINE('',#10565,#10566);
#10565 = CARTESIAN_POINT('',(-1.35,2.4754,0.));
#10566 = VECTOR('',#10567,1.);
#10567 = DIRECTION('',(1.,0.,0.));
#10568 = PLANE('',#10569);
#10569 = AXIS2_PLACEMENT_3D('',#10570,#10571,#10572);
#10570 = CARTESIAN_POINT('',(-1.35,0.7054,-4.000000000001E-04));
#10571 = DIRECTION('',(0.,-2.259886947942E-04,0.999999974465));
#10572 = DIRECTION('',(0.,0.999999974465,2.259886947942E-04));
#10573 = ADVANCED_FACE('',(#10574),#10580,.T.);
#10574 = FACE_BOUND('',#10575,.T.);
#10575 = EDGE_LOOP('',(#10576,#10577,#10578,#10579));
#10576 = ORIENTED_EDGE('',*,*,#9733,.F.);
#10577 = ORIENTED_EDGE('',*,*,#9758,.T.);
#10578 = ORIENTED_EDGE('',*,*,#9820,.T.);
#10579 = ORIENTED_EDGE('',*,*,#7111,.F.);
#10580 = PLANE('',#10581);
#10581 = AXIS2_PLACEMENT_3D('',#10582,#10583,#10584);
#10582 = CARTESIAN_POINT('',(-4.75,1.08,0.195));
#10583 = DIRECTION('',(0.,-2.22044604925E-16,-1.));
#10584 = DIRECTION('',(0.,-1.,2.22044604925E-16));
#10585 = ADVANCED_FACE('',(#10586),#10597,.F.);
#10586 = FACE_BOUND('',#10587,.F.);
#10587 = EDGE_LOOP('',(#10588,#10589,#10590,#10591));
#10588 = ORIENTED_EDGE('',*,*,#9603,.F.);
#10589 = ORIENTED_EDGE('',*,*,#7095,.T.);
#10590 = ORIENTED_EDGE('',*,*,#9685,.T.);
#10591 = ORIENTED_EDGE('',*,*,#10592,.F.);
#10592 = EDGE_CURVE('',#9604,#9686,#10593,.T.);
#10593 = LINE('',#10594,#10595);
#10594 = CARTESIAN_POINT('',(-2.6,2.4754,0.));
#10595 = VECTOR('',#10596,1.);
#10596 = DIRECTION('',(1.,0.,0.));
#10597 = PLANE('',#10598);
#10598 = AXIS2_PLACEMENT_3D('',#10599,#10600,#10601);
#10599 = CARTESIAN_POINT('',(-2.6,0.7054,-4.000000000001E-04));
#10600 = DIRECTION('',(0.,-2.259886947942E-04,0.999999974465));
#10601 = DIRECTION('',(0.,0.999999974465,2.259886947942E-04));
#10602 = ADVANCED_FACE('',(#10603),#10614,.F.);
#10603 = FACE_BOUND('',#10604,.F.);
#10604 = EDGE_LOOP('',(#10605,#10606,#10612,#10613));
#10605 = ORIENTED_EDGE('',*,*,#7702,.T.);
#10606 = ORIENTED_EDGE('',*,*,#10607,.T.);
#10607 = EDGE_CURVE('',#7695,#7321,#10608,.T.);
#10608 = LINE('',#10609,#10610);
#10609 = CARTESIAN_POINT('',(4.25,-1.82,0.595));
#10610 = VECTOR('',#10611,1.);
#10611 = DIRECTION('',(1.,0.,0.));
#10612 = ORIENTED_EDGE('',*,*,#7328,.T.);
#10613 = ORIENTED_EDGE('',*,*,#7360,.F.);
#10614 = PLANE('',#10615);
#10615 = AXIS2_PLACEMENT_3D('',#10616,#10617,#10618);
#10616 = CARTESIAN_POINT('',(4.25,-1.82,0.595));
#10617 = DIRECTION('',(0.,2.22044604925E-16,1.));
#10618 = DIRECTION('',(0.,1.,-2.22044604925E-16));
#10619 = ADVANCED_FACE('',(#10620),#10649,.F.);
#10620 = FACE_BOUND('',#10621,.F.);
#10621 = EDGE_LOOP('',(#10622,#10623,#10624,#10625,#10626,#10627,#10635,
    #10643));
#10622 = ORIENTED_EDGE('',*,*,#7662,.T.);
#10623 = ORIENTED_EDGE('',*,*,#7622,.T.);
#10624 = ORIENTED_EDGE('',*,*,#7320,.T.);
#10625 = ORIENTED_EDGE('',*,*,#10607,.F.);
#10626 = ORIENTED_EDGE('',*,*,#7694,.T.);
#10627 = ORIENTED_EDGE('',*,*,#10628,.F.);
#10628 = EDGE_CURVE('',#10629,#7687,#10631,.T.);
#10629 = VERTEX_POINT('',#10630);
#10630 = CARTESIAN_POINT('',(4.25,-1.82,0.8));
#10631 = LINE('',#10632,#10633);
#10632 = CARTESIAN_POINT('',(4.25,-1.82,0.8));
#10633 = VECTOR('',#10634,1.);
#10634 = DIRECTION('',(1.,0.,0.));
#10635 = ORIENTED_EDGE('',*,*,#10636,.F.);
#10636 = EDGE_CURVE('',#10637,#10629,#10639,.T.);
#10637 = VERTEX_POINT('',#10638);
#10638 = CARTESIAN_POINT('',(4.25,-1.82,1.51));
#10639 = LINE('',#10640,#10641);
#10640 = CARTESIAN_POINT('',(4.25,-1.82,1.945));
#10641 = VECTOR('',#10642,1.);
#10642 = DIRECTION('',(0.,-2.22044604925E-16,-1.));
#10643 = ORIENTED_EDGE('',*,*,#10644,.F.);
#10644 = EDGE_CURVE('',#7663,#10637,#10645,.T.);
#10645 = LINE('',#10646,#10647);
#10646 = CARTESIAN_POINT('',(4.25,-1.82,1.51));
#10647 = VECTOR('',#10648,1.);
#10648 = DIRECTION('',(-1.,0.,0.));
#10649 = PLANE('',#10650);
#10650 = AXIS2_PLACEMENT_3D('',#10651,#10652,#10653);
#10651 = CARTESIAN_POINT('',(4.25,-1.82,1.945));
#10652 = DIRECTION('',(0.,1.,-2.22044604925E-16));
#10653 = DIRECTION('',(0.,-2.22044604925E-16,-1.));
#10654 = ADVANCED_FACE('',(#10655),#10666,.F.);
#10655 = FACE_BOUND('',#10656,.F.);
#10656 = EDGE_LOOP('',(#10657,#10663,#10664,#10665));
#10657 = ORIENTED_EDGE('',*,*,#10658,.T.);
#10658 = EDGE_CURVE('',#9525,#7289,#10659,.T.);
#10659 = LINE('',#10660,#10661);
#10660 = CARTESIAN_POINT('',(4.25,0.98,3.595));
#10661 = VECTOR('',#10662,1.);
#10662 = DIRECTION('',(1.,0.,0.));
#10663 = ORIENTED_EDGE('',*,*,#7296,.T.);
#10664 = ORIENTED_EDGE('',*,*,#9555,.F.);
#10665 = ORIENTED_EDGE('',*,*,#9532,.F.);
#10666 = PLANE('',#10667);
#10667 = AXIS2_PLACEMENT_3D('',#10668,#10669,#10670);
#10668 = CARTESIAN_POINT('',(4.25,0.98,3.595));
#10669 = DIRECTION('',(0.,-2.22044604925E-16,-1.));
#10670 = DIRECTION('',(0.,-1.,2.22044604925E-16));
#10671 = ADVANCED_FACE('',(#10672),#10678,.F.);
#10672 = FACE_BOUND('',#10673,.F.);
#10673 = EDGE_LOOP('',(#10674,#10675,#10676,#10677));
#10674 = ORIENTED_EDGE('',*,*,#9588,.T.);
#10675 = ORIENTED_EDGE('',*,*,#7288,.T.);
#10676 = ORIENTED_EDGE('',*,*,#10658,.F.);
#10677 = ORIENTED_EDGE('',*,*,#9524,.F.);
#10678 = PLANE('',#10679);
#10679 = AXIS2_PLACEMENT_3D('',#10680,#10681,#10682);
#10680 = CARTESIAN_POINT('',(4.25,0.98,1.995));
#10681 = DIRECTION('',(0.,-1.,2.22044604925E-16));
#10682 = DIRECTION('',(0.,2.22044604925E-16,1.));
#10683 = ADVANCED_FACE('',(#10684),#10695,.T.);
#10684 = FACE_BOUND('',#10685,.T.);
#10685 = EDGE_LOOP('',(#10686,#10687,#10688,#10689));
#10686 = ORIENTED_EDGE('',*,*,#7408,.F.);
#10687 = ORIENTED_EDGE('',*,*,#7376,.F.);
#10688 = ORIENTED_EDGE('',*,*,#7709,.T.);
#10689 = ORIENTED_EDGE('',*,*,#10690,.F.);
#10690 = EDGE_CURVE('',#7401,#7710,#10691,.T.);
#10691 = LINE('',#10692,#10693);
#10692 = CARTESIAN_POINT('',(4.25,-0.255,0.37));
#10693 = VECTOR('',#10694,1.);
#10694 = DIRECTION('',(1.,0.,0.));
#10695 = PLANE('',#10696);
#10696 = AXIS2_PLACEMENT_3D('',#10697,#10698,#10699);
#10697 = CARTESIAN_POINT('',(4.25,0.235,0.37));
#10698 = DIRECTION('',(0.,0.,-1.));
#10699 = DIRECTION('',(0.,-1.,0.));
#10700 = ADVANCED_FACE('',(#10701),#10712,.T.);
#10701 = FACE_BOUND('',#10702,.T.);
#10702 = EDGE_LOOP('',(#10703,#10704,#10705,#10711));
#10703 = ORIENTED_EDGE('',*,*,#10690,.T.);
#10704 = ORIENTED_EDGE('',*,*,#7717,.T.);
#10705 = ORIENTED_EDGE('',*,*,#10706,.F.);
#10706 = EDGE_CURVE('',#7393,#7637,#10707,.T.);
#10707 = LINE('',#10708,#10709);
#10708 = CARTESIAN_POINT('',(4.25,-0.255,-1.665334536938E-16));
#10709 = VECTOR('',#10710,1.);
#10710 = DIRECTION('',(1.,0.,0.));
#10711 = ORIENTED_EDGE('',*,*,#7400,.F.);
#10712 = PLANE('',#10713);
#10713 = AXIS2_PLACEMENT_3D('',#10714,#10715,#10716);
#10714 = CARTESIAN_POINT('',(4.25,-0.255,0.37));
#10715 = DIRECTION('',(0.,1.,0.));
#10716 = DIRECTION('',(0.,0.,-1.));
#10717 = ADVANCED_FACE('',(#10718),#10730,.T.);
#10718 = FACE_BOUND('',#10719,.T.);
#10719 = EDGE_LOOP('',(#10720,#10721,#10722,#10728,#10729));
#10720 = ORIENTED_EDGE('',*,*,#10706,.T.);
#10721 = ORIENTED_EDGE('',*,*,#7636,.T.);
#10722 = ORIENTED_EDGE('',*,*,#10723,.F.);
#10723 = EDGE_CURVE('',#7756,#7639,#10724,.T.);
#10724 = LINE('',#10725,#10726);
#10725 = CARTESIAN_POINT('',(4.25,-2.475,0.));
#10726 = VECTOR('',#10727,1.);
#10727 = DIRECTION('',(1.,0.,0.));
#10728 = ORIENTED_EDGE('',*,*,#7755,.F.);
#10729 = ORIENTED_EDGE('',*,*,#7392,.F.);
#10730 = PLANE('',#10731);
#10731 = AXIS2_PLACEMENT_3D('',#10732,#10733,#10734);
#10732 = CARTESIAN_POINT('',(4.25,-0.255,-1.665334536938E-16));
#10733 = DIRECTION('',(0.,-7.501506923143E-17,-1.));
#10734 = DIRECTION('',(0.,-1.,7.501506923143E-17));
#10735 = ADVANCED_FACE('',(#10736),#10747,.T.);
#10736 = FACE_BOUND('',#10737,.T.);
#10737 = EDGE_LOOP('',(#10738,#10739,#10740,#10746));
#10738 = ORIENTED_EDGE('',*,*,#7466,.T.);
#10739 = ORIENTED_EDGE('',*,*,#7433,.T.);
#10740 = ORIENTED_EDGE('',*,*,#10741,.F.);
#10741 = EDGE_CURVE('',#7481,#7426,#10742,.T.);
#10742 = LINE('',#10743,#10744);
#10743 = CARTESIAN_POINT('',(-4.45,-0.255,-1.665334536938E-16));
#10744 = VECTOR('',#10745,1.);
#10745 = DIRECTION('',(1.,0.,0.));
#10746 = ORIENTED_EDGE('',*,*,#7533,.F.);
#10747 = PLANE('',#10748);
#10748 = AXIS2_PLACEMENT_3D('',#10749,#10750,#10751);
#10749 = CARTESIAN_POINT('',(-4.45,-0.255,0.37));
#10750 = DIRECTION('',(0.,1.,0.));
#10751 = DIRECTION('',(0.,0.,-1.));
#10752 = ADVANCED_FACE('',(#10753),#10765,.T.);
#10753 = FACE_BOUND('',#10754,.T.);
#10754 = EDGE_LOOP('',(#10755,#10756,#10757,#10758,#10764));
#10755 = ORIENTED_EDGE('',*,*,#10741,.T.);
#10756 = ORIENTED_EDGE('',*,*,#7425,.T.);
#10757 = ORIENTED_EDGE('',*,*,#7780,.T.);
#10758 = ORIENTED_EDGE('',*,*,#10759,.F.);
#10759 = EDGE_CURVE('',#7483,#7781,#10760,.T.);
#10760 = LINE('',#10761,#10762);
#10761 = CARTESIAN_POINT('',(-4.45,-2.475,0.));
#10762 = VECTOR('',#10763,1.);
#10763 = DIRECTION('',(1.,0.,0.));
#10764 = ORIENTED_EDGE('',*,*,#7480,.F.);
#10765 = PLANE('',#10766);
#10766 = AXIS2_PLACEMENT_3D('',#10767,#10768,#10769);
#10767 = CARTESIAN_POINT('',(-4.45,-0.255,-1.665334536938E-16));
#10768 = DIRECTION('',(0.,-7.501506923143E-17,-1.));
#10769 = DIRECTION('',(0.,-1.,7.501506923143E-17));
#10770 = ADVANCED_FACE('',(#10771),#10777,.T.);
#10771 = FACE_BOUND('',#10772,.T.);
#10772 = EDGE_LOOP('',(#10773,#10774,#10775,#10776));
#10773 = ORIENTED_EDGE('',*,*,#7598,.T.);
#10774 = ORIENTED_EDGE('',*,*,#7581,.T.);
#10775 = ORIENTED_EDGE('',*,*,#7548,.F.);
#10776 = ORIENTED_EDGE('',*,*,#7515,.F.);
#10777 = PLANE('',#10778);
#10778 = AXIS2_PLACEMENT_3D('',#10779,#10780,#10781);
#10779 = CARTESIAN_POINT('',(-4.45,-1.825,1.51));
#10780 = DIRECTION('',(0.,1.,0.));
#10781 = DIRECTION('',(0.,0.,-1.));
#10782 = ADVANCED_FACE('',(#10783),#10789,.T.);
#10783 = FACE_BOUND('',#10784,.T.);
#10784 = EDGE_LOOP('',(#10785,#10786,#10787,#10788));
#10785 = ORIENTED_EDGE('',*,*,#10759,.T.);
#10786 = ORIENTED_EDGE('',*,*,#7788,.T.);
#10787 = ORIENTED_EDGE('',*,*,#7813,.F.);
#10788 = ORIENTED_EDGE('',*,*,#7490,.F.);
#10789 = PLANE('',#10790);
#10790 = AXIS2_PLACEMENT_3D('',#10791,#10792,#10793);
#10791 = CARTESIAN_POINT('',(-4.45,-2.475,0.));
#10792 = DIRECTION('',(0.,-1.,0.));
#10793 = DIRECTION('',(0.,0.,1.));
#10794 = ADVANCED_FACE('',(#10795),#10813,.T.);
#10795 = FACE_BOUND('',#10796,.T.);
#10796 = EDGE_LOOP('',(#10797,#10805,#10811,#10812));
#10797 = ORIENTED_EDGE('',*,*,#10798,.F.);
#10798 = EDGE_CURVE('',#10799,#10629,#10801,.T.);
#10799 = VERTEX_POINT('',#10800);
#10800 = CARTESIAN_POINT('',(4.25,-1.825,0.8));
#10801 = LINE('',#10802,#10803);
#10802 = CARTESIAN_POINT('',(4.25,-1.825,0.8));
#10803 = VECTOR('',#10804,1.);
#10804 = DIRECTION('',(0.,1.,0.));
#10805 = ORIENTED_EDGE('',*,*,#10806,.T.);
#10806 = EDGE_CURVE('',#10799,#7679,#10807,.T.);
#10807 = LINE('',#10808,#10809);
#10808 = CARTESIAN_POINT('',(4.25,-1.825,0.8));
#10809 = VECTOR('',#10810,1.);
#10810 = DIRECTION('',(1.,0.,0.));
#10811 = ORIENTED_EDGE('',*,*,#7686,.T.);
#10812 = ORIENTED_EDGE('',*,*,#10628,.F.);
#10813 = PLANE('',#10814);
#10814 = AXIS2_PLACEMENT_3D('',#10815,#10816,#10817);
#10815 = CARTESIAN_POINT('',(4.25,-1.825,0.8));
#10816 = DIRECTION('',(0.,0.,1.));
#10817 = DIRECTION('',(0.,1.,0.));
#10818 = ADVANCED_FACE('',(#10819),#10837,.T.);
#10819 = FACE_BOUND('',#10820,.T.);
#10820 = EDGE_LOOP('',(#10821,#10829,#10830,#10831));
#10821 = ORIENTED_EDGE('',*,*,#10822,.T.);
#10822 = EDGE_CURVE('',#10823,#7671,#10825,.T.);
#10823 = VERTEX_POINT('',#10824);
#10824 = CARTESIAN_POINT('',(4.25,-1.825,1.51));
#10825 = LINE('',#10826,#10827);
#10826 = CARTESIAN_POINT('',(4.25,-1.825,1.51));
#10827 = VECTOR('',#10828,1.);
#10828 = DIRECTION('',(1.,0.,0.));
#10829 = ORIENTED_EDGE('',*,*,#7678,.T.);
#10830 = ORIENTED_EDGE('',*,*,#10806,.F.);
#10831 = ORIENTED_EDGE('',*,*,#10832,.F.);
#10832 = EDGE_CURVE('',#10823,#10799,#10833,.T.);
#10833 = LINE('',#10834,#10835);
#10834 = CARTESIAN_POINT('',(4.25,-1.825,1.51));
#10835 = VECTOR('',#10836,1.);
#10836 = DIRECTION('',(0.,0.,-1.));
#10837 = PLANE('',#10838);
#10838 = AXIS2_PLACEMENT_3D('',#10839,#10840,#10841);
#10839 = CARTESIAN_POINT('',(4.25,-1.825,1.51));
#10840 = DIRECTION('',(0.,1.,0.));
#10841 = DIRECTION('',(0.,0.,-1.));
#10842 = ADVANCED_FACE('',(#10843),#10854,.T.);
#10843 = FACE_BOUND('',#10844,.T.);
#10844 = EDGE_LOOP('',(#10845,#10851,#10852,#10853));
#10845 = ORIENTED_EDGE('',*,*,#10846,.F.);
#10846 = EDGE_CURVE('',#10637,#10823,#10847,.T.);
#10847 = LINE('',#10848,#10849);
#10848 = CARTESIAN_POINT('',(4.25,-0.275,1.51));
#10849 = VECTOR('',#10850,1.);
#10850 = DIRECTION('',(0.,-1.,0.));
#10851 = ORIENTED_EDGE('',*,*,#10644,.F.);
#10852 = ORIENTED_EDGE('',*,*,#7670,.T.);
#10853 = ORIENTED_EDGE('',*,*,#10822,.F.);
#10854 = PLANE('',#10855);
#10855 = AXIS2_PLACEMENT_3D('',#10856,#10857,#10858);
#10856 = CARTESIAN_POINT('',(4.25,-0.275,1.51));
#10857 = DIRECTION('',(0.,0.,-1.));
#10858 = DIRECTION('',(0.,-1.,0.));
#10859 = ADVANCED_FACE('',(#10860),#10866,.T.);
#10860 = FACE_BOUND('',#10861,.T.);
#10861 = EDGE_LOOP('',(#10862,#10863,#10864,#10865));
#10862 = ORIENTED_EDGE('',*,*,#10723,.T.);
#10863 = ORIENTED_EDGE('',*,*,#7646,.T.);
#10864 = ORIENTED_EDGE('',*,*,#7739,.F.);
#10865 = ORIENTED_EDGE('',*,*,#7763,.F.);
#10866 = PLANE('',#10867);
#10867 = AXIS2_PLACEMENT_3D('',#10868,#10869,#10870);
#10868 = CARTESIAN_POINT('',(4.25,-2.475,0.));
#10869 = DIRECTION('',(0.,-1.,0.));
#10870 = DIRECTION('',(0.,0.,1.));
#10871 = ADVANCED_FACE('',(#10872),#10889,.F.);
#10872 = FACE_BOUND('',#10873,.F.);
#10873 = EDGE_LOOP('',(#10874,#10882,#10888));
#10874 = ORIENTED_EDGE('',*,*,#10875,.T.);
#10875 = EDGE_CURVE('',#7882,#10876,#10878,.T.);
#10876 = VERTEX_POINT('',#10877);
#10877 = CARTESIAN_POINT('',(-1.25,-0.67,2.84));
#10878 = LINE('',#10879,#10880);
#10879 = CARTESIAN_POINT('',(-1.25,-0.67,2.44));
#10880 = VECTOR('',#10881,1.);
#10881 = DIRECTION('',(0.,2.22044604925E-16,1.));
#10882 = ORIENTED_EDGE('',*,*,#10883,.T.);
#10883 = EDGE_CURVE('',#10876,#7880,#10884,.T.);
#10884 = LINE('',#10885,#10886);
#10885 = CARTESIAN_POINT('',(-1.25,-0.67,2.84));
#10886 = VECTOR('',#10887,1.);
#10887 = DIRECTION('',(0.,-0.928476690885,-0.371390676354));
#10888 = ORIENTED_EDGE('',*,*,#7879,.T.);
#10889 = PLANE('',#10890);
#10890 = AXIS2_PLACEMENT_3D('',#10891,#10892,#10893);
#10891 = CARTESIAN_POINT('',(-1.25,-1.089258240357,2.559258240357));
#10892 = DIRECTION('',(1.,0.,0.));
#10893 = DIRECTION('',(0.,-1.,2.22044604925E-16));
#10894 = ADVANCED_FACE('',(#10895),#10913,.F.);
#10895 = FACE_BOUND('',#10896,.F.);
#10896 = EDGE_LOOP('',(#10897,#10905,#10911,#10912));
#10897 = ORIENTED_EDGE('',*,*,#10898,.T.);
#10898 = EDGE_CURVE('',#10876,#10899,#10901,.T.);
#10899 = VERTEX_POINT('',#10900);
#10900 = CARTESIAN_POINT('',(1.25,-0.67,2.84));
#10901 = LINE('',#10902,#10903);
#10902 = CARTESIAN_POINT('',(-1.25,-0.67,2.84));
#10903 = VECTOR('',#10904,1.);
#10904 = DIRECTION('',(1.,0.,0.));
#10905 = ORIENTED_EDGE('',*,*,#10906,.T.);
#10906 = EDGE_CURVE('',#10899,#7898,#10907,.T.);
#10907 = LINE('',#10908,#10909);
#10908 = CARTESIAN_POINT('',(1.25,-0.67,2.84));
#10909 = VECTOR('',#10910,1.);
#10910 = DIRECTION('',(0.,-0.928476690885,-0.371390676354));
#10911 = ORIENTED_EDGE('',*,*,#7905,.F.);
#10912 = ORIENTED_EDGE('',*,*,#10883,.F.);
#10913 = PLANE('',#10914);
#10914 = AXIS2_PLACEMENT_3D('',#10915,#10916,#10917);
#10915 = CARTESIAN_POINT('',(-1.25,-0.67,2.84));
#10916 = DIRECTION('',(0.,0.371390676354,-0.928476690885));
#10917 = DIRECTION('',(0.,-0.928476690885,-0.371390676354));
#10918 = ADVANCED_FACE('',(#10919),#10929,.T.);
#10919 = FACE_BOUND('',#10920,.T.);
#10920 = EDGE_LOOP('',(#10921,#10927,#10928));
#10921 = ORIENTED_EDGE('',*,*,#10922,.T.);
#10922 = EDGE_CURVE('',#7890,#10899,#10923,.T.);
#10923 = LINE('',#10924,#10925);
#10924 = CARTESIAN_POINT('',(1.25,-0.67,2.44));
#10925 = VECTOR('',#10926,1.);
#10926 = DIRECTION('',(0.,2.22044604925E-16,1.));
#10927 = ORIENTED_EDGE('',*,*,#10906,.T.);
#10928 = ORIENTED_EDGE('',*,*,#7897,.T.);
#10929 = PLANE('',#10930);
#10930 = AXIS2_PLACEMENT_3D('',#10931,#10932,#10933);
#10931 = CARTESIAN_POINT('',(1.25,-1.089258240357,2.559258240357));
#10932 = DIRECTION('',(1.,0.,0.));
#10933 = DIRECTION('',(0.,-1.,2.22044604925E-16));
#10934 = ADVANCED_FACE('',(#10935),#10941,.F.);
#10935 = FACE_BOUND('',#10936,.F.);
#10936 = EDGE_LOOP('',(#10937,#10938,#10939,#10940));
#10937 = ORIENTED_EDGE('',*,*,#7889,.T.);
#10938 = ORIENTED_EDGE('',*,*,#10922,.T.);
#10939 = ORIENTED_EDGE('',*,*,#10898,.F.);
#10940 = ORIENTED_EDGE('',*,*,#10875,.F.);
#10941 = PLANE('',#10942);
#10942 = AXIS2_PLACEMENT_3D('',#10943,#10944,#10945);
#10943 = CARTESIAN_POINT('',(-1.25,-0.67,2.44));
#10944 = DIRECTION('',(0.,-1.,2.22044604925E-16));
#10945 = DIRECTION('',(0.,2.22044604925E-16,1.));
#10946 = ADVANCED_FACE('',(#10947,#11092,#11126,#11160,#11194,#11228),
  #11262,.T.);
#10947 = FACE_BOUND('',#10948,.T.);
#10948 = EDGE_LOOP('',(#10949,#10950,#10951,#10952,#10953,#10954,#10955,
    #10956,#10964,#10972,#10978,#10979,#10980,#10981,#10982,#10983,
    #10991,#10999,#11005,#11006,#11007,#11008,#11009,#11010,#11018,
    #11026,#11032,#11033,#11034,#11035,#11036,#11037,#11045,#11053,
    #11059,#11060,#11061,#11062,#11063,#11064,#11072,#11080,#11086,
    #11087,#11088,#11089,#11090,#11091));
#10949 = ORIENTED_EDGE('',*,*,#7970,.T.);
#10950 = ORIENTED_EDGE('',*,*,#7939,.T.);
#10951 = ORIENTED_EDGE('',*,*,#7987,.T.);
#10952 = ORIENTED_EDGE('',*,*,#8035,.T.);
#10953 = ORIENTED_EDGE('',*,*,#8083,.T.);
#10954 = ORIENTED_EDGE('',*,*,#8131,.T.);
#10955 = ORIENTED_EDGE('',*,*,#8179,.T.);
#10956 = ORIENTED_EDGE('',*,*,#10957,.F.);
#10957 = EDGE_CURVE('',#10958,#8180,#10960,.T.);
#10958 = VERTEX_POINT('',#10959);
#10959 = CARTESIAN_POINT('',(2.6,0.13,1.7396));
#10960 = LINE('',#10961,#10962);
#10961 = CARTESIAN_POINT('',(2.6,0.13,1.35133890128));
#10962 = VECTOR('',#10963,1.);
#10963 = DIRECTION('',(-9.245679891946E-32,2.22044604925E-16,1.));
#10964 = ORIENTED_EDGE('',*,*,#10965,.T.);
#10965 = EDGE_CURVE('',#10958,#10966,#10968,.T.);
#10966 = VERTEX_POINT('',#10967);
#10967 = CARTESIAN_POINT('',(2.4,0.13,1.7396));
#10968 = LINE('',#10969,#10970);
#10969 = CARTESIAN_POINT('',(1.2,0.13,1.7396));
#10970 = VECTOR('',#10971,1.);
#10971 = DIRECTION('',(-1.,-1.066673900323E-31,0.));
#10972 = ORIENTED_EDGE('',*,*,#10973,.T.);
#10973 = EDGE_CURVE('',#10966,#8436,#10974,.T.);
#10974 = LINE('',#10975,#10976);
#10975 = CARTESIAN_POINT('',(2.4,0.13,1.35133890128));
#10976 = VECTOR('',#10977,1.);
#10977 = DIRECTION('',(-9.245679891946E-32,2.22044604925E-16,1.));
#10978 = ORIENTED_EDGE('',*,*,#8443,.T.);
#10979 = ORIENTED_EDGE('',*,*,#8507,.T.);
#10980 = ORIENTED_EDGE('',*,*,#8563,.T.);
#10981 = ORIENTED_EDGE('',*,*,#8611,.T.);
#10982 = ORIENTED_EDGE('',*,*,#8659,.T.);
#10983 = ORIENTED_EDGE('',*,*,#10984,.F.);
#10984 = EDGE_CURVE('',#10985,#8660,#10987,.T.);
#10985 = VERTEX_POINT('',#10986);
#10986 = CARTESIAN_POINT('',(1.35,0.13,1.7396));
#10987 = LINE('',#10988,#10989);
#10988 = CARTESIAN_POINT('',(1.35,0.13,1.35133890128));
#10989 = VECTOR('',#10990,1.);
#10990 = DIRECTION('',(-9.245679891946E-32,2.22044604925E-16,1.));
#10991 = ORIENTED_EDGE('',*,*,#10992,.T.);
#10992 = EDGE_CURVE('',#10985,#10993,#10995,.T.);
#10993 = VERTEX_POINT('',#10994);
#10994 = CARTESIAN_POINT('',(1.15,0.13,1.7396));
#10995 = LINE('',#10996,#10997);
#10996 = CARTESIAN_POINT('',(0.575,0.13,1.7396));
#10997 = VECTOR('',#10998,1.);
#10998 = DIRECTION('',(-1.,-1.066673900323E-31,0.));
#10999 = ORIENTED_EDGE('',*,*,#11000,.T.);
#11000 = EDGE_CURVE('',#10993,#8916,#11001,.T.);
#11001 = LINE('',#11002,#11003);
#11002 = CARTESIAN_POINT('',(1.15,0.13,1.35133890128));
#11003 = VECTOR('',#11004,1.);
#11004 = DIRECTION('',(-9.245679891946E-32,2.22044604925E-16,1.));
#11005 = ORIENTED_EDGE('',*,*,#8923,.T.);
#11006 = ORIENTED_EDGE('',*,*,#8987,.T.);
#11007 = ORIENTED_EDGE('',*,*,#9043,.T.);
#11008 = ORIENTED_EDGE('',*,*,#9091,.T.);
#11009 = ORIENTED_EDGE('',*,*,#9139,.T.);
#11010 = ORIENTED_EDGE('',*,*,#11011,.F.);
#11011 = EDGE_CURVE('',#11012,#9140,#11014,.T.);
#11012 = VERTEX_POINT('',#11013);
#11013 = CARTESIAN_POINT('',(0.1,0.13,1.7396));
#11014 = LINE('',#11015,#11016);
#11015 = CARTESIAN_POINT('',(0.1,0.13,1.35133890128));
#11016 = VECTOR('',#11017,1.);
#11017 = DIRECTION('',(-9.245679891946E-32,2.22044604925E-16,1.));
#11018 = ORIENTED_EDGE('',*,*,#11019,.T.);
#11019 = EDGE_CURVE('',#11012,#11020,#11022,.T.);
#11020 = VERTEX_POINT('',#11021);
#11021 = CARTESIAN_POINT('',(-0.1,0.13,1.7396));
#11022 = LINE('',#11023,#11024);
#11023 = CARTESIAN_POINT('',(-5.E-02,0.13,1.7396));
#11024 = VECTOR('',#11025,1.);
#11025 = DIRECTION('',(-1.,-1.066673900323E-31,0.));
#11026 = ORIENTED_EDGE('',*,*,#11027,.T.);
#11027 = EDGE_CURVE('',#11020,#9243,#11028,.T.);
#11028 = LINE('',#11029,#11030);
#11029 = CARTESIAN_POINT('',(-0.1,0.13,1.35133890128));
#11030 = VECTOR('',#11031,1.);
#11031 = DIRECTION('',(-9.245679891946E-32,2.22044604925E-16,1.));
#11032 = ORIENTED_EDGE('',*,*,#9250,.T.);
#11033 = ORIENTED_EDGE('',*,*,#9178,.T.);
#11034 = ORIENTED_EDGE('',*,*,#9122,.T.);
#11035 = ORIENTED_EDGE('',*,*,#9074,.T.);
#11036 = ORIENTED_EDGE('',*,*,#9018,.T.);
#11037 = ORIENTED_EDGE('',*,*,#11038,.F.);
#11038 = EDGE_CURVE('',#11039,#9019,#11041,.T.);
#11039 = VERTEX_POINT('',#11040);
#11040 = CARTESIAN_POINT('',(-1.15,0.13,1.7396));
#11041 = LINE('',#11042,#11043);
#11042 = CARTESIAN_POINT('',(-1.15,0.13,1.35133890128));
#11043 = VECTOR('',#11044,1.);
#11044 = DIRECTION('',(-9.245679891946E-32,2.22044604925E-16,1.));
#11045 = ORIENTED_EDGE('',*,*,#11046,.T.);
#11046 = EDGE_CURVE('',#11039,#11047,#11049,.T.);
#11047 = VERTEX_POINT('',#11048);
#11048 = CARTESIAN_POINT('',(-1.35,0.13,1.7396));
#11049 = LINE('',#11050,#11051);
#11050 = CARTESIAN_POINT('',(-0.675,0.13,1.7396));
#11051 = VECTOR('',#11052,1.);
#11052 = DIRECTION('',(-1.,-1.066673900323E-31,0.));
#11053 = ORIENTED_EDGE('',*,*,#11054,.T.);
#11054 = EDGE_CURVE('',#11047,#8763,#11055,.T.);
#11055 = LINE('',#11056,#11057);
#11056 = CARTESIAN_POINT('',(-1.35,0.13,1.35133890128));
#11057 = VECTOR('',#11058,1.);
#11058 = DIRECTION('',(-9.245679891946E-32,2.22044604925E-16,1.));
#11059 = ORIENTED_EDGE('',*,*,#8770,.T.);
#11060 = ORIENTED_EDGE('',*,*,#8698,.T.);
#11061 = ORIENTED_EDGE('',*,*,#8642,.T.);
#11062 = ORIENTED_EDGE('',*,*,#8594,.T.);
#11063 = ORIENTED_EDGE('',*,*,#8538,.T.);
#11064 = ORIENTED_EDGE('',*,*,#11065,.F.);
#11065 = EDGE_CURVE('',#11066,#8539,#11068,.T.);
#11066 = VERTEX_POINT('',#11067);
#11067 = CARTESIAN_POINT('',(-2.4,0.13,1.7396));
#11068 = LINE('',#11069,#11070);
#11069 = CARTESIAN_POINT('',(-2.4,0.13,1.35133890128));
#11070 = VECTOR('',#11071,1.);
#11071 = DIRECTION('',(-9.245679891946E-32,2.22044604925E-16,1.));
#11072 = ORIENTED_EDGE('',*,*,#11073,.T.);
#11073 = EDGE_CURVE('',#11066,#11074,#11076,.T.);
#11074 = VERTEX_POINT('',#11075);
#11075 = CARTESIAN_POINT('',(-2.6,0.13,1.7396));
#11076 = LINE('',#11077,#11078);
#11077 = CARTESIAN_POINT('',(-1.3,0.13,1.7396));
#11078 = VECTOR('',#11079,1.);
#11079 = DIRECTION('',(-1.,-1.066673900323E-31,0.));
#11080 = ORIENTED_EDGE('',*,*,#11081,.T.);
#11081 = EDGE_CURVE('',#11074,#8283,#11082,.T.);
#11082 = LINE('',#11083,#11084);
#11083 = CARTESIAN_POINT('',(-2.6,0.13,1.35133890128));
#11084 = VECTOR('',#11085,1.);
#11085 = DIRECTION('',(-9.245679891946E-32,2.22044604925E-16,1.));
#11086 = ORIENTED_EDGE('',*,*,#8290,.T.);
#11087 = ORIENTED_EDGE('',*,*,#8218,.T.);
#11088 = ORIENTED_EDGE('',*,*,#8162,.T.);
#11089 = ORIENTED_EDGE('',*,*,#8114,.T.);
#11090 = ORIENTED_EDGE('',*,*,#8066,.T.);
#11091 = ORIENTED_EDGE('',*,*,#8018,.T.);
#11092 = FACE_BOUND('',#11093,.T.);
#11093 = EDGE_LOOP('',(#11094,#11104,#11112,#11120));
#11094 = ORIENTED_EDGE('',*,*,#11095,.T.);
#11095 = EDGE_CURVE('',#11096,#11098,#11100,.T.);
#11096 = VERTEX_POINT('',#11097);
#11097 = CARTESIAN_POINT('',(-0.1,0.13,0.6696));
#11098 = VERTEX_POINT('',#11099);
#11099 = CARTESIAN_POINT('',(-0.1,0.13,0.9996));
#11100 = LINE('',#11101,#11102);
#11101 = CARTESIAN_POINT('',(-0.1,0.13,1.35133890128));
#11102 = VECTOR('',#11103,1.);
#11103 = DIRECTION('',(-9.245679891946E-32,2.22044604925E-16,1.));
#11104 = ORIENTED_EDGE('',*,*,#11105,.T.);
#11105 = EDGE_CURVE('',#11098,#11106,#11108,.T.);
#11106 = VERTEX_POINT('',#11107);
#11107 = CARTESIAN_POINT('',(0.1,0.13,0.9996));
#11108 = LINE('',#11109,#11110);
#11109 = CARTESIAN_POINT('',(-5.E-02,0.13,0.9996));
#11110 = VECTOR('',#11111,1.);
#11111 = DIRECTION('',(1.,1.066673900323E-31,0.));
#11112 = ORIENTED_EDGE('',*,*,#11113,.F.);
#11113 = EDGE_CURVE('',#11114,#11106,#11116,.T.);
#11114 = VERTEX_POINT('',#11115);
#11115 = CARTESIAN_POINT('',(0.1,0.13,0.6696));
#11116 = LINE('',#11117,#11118);
#11117 = CARTESIAN_POINT('',(0.1,0.13,1.35133890128));
#11118 = VECTOR('',#11119,1.);
#11119 = DIRECTION('',(-9.245679891946E-32,2.22044604925E-16,1.));
#11120 = ORIENTED_EDGE('',*,*,#11121,.T.);
#11121 = EDGE_CURVE('',#11114,#11096,#11122,.T.);
#11122 = LINE('',#11123,#11124);
#11123 = CARTESIAN_POINT('',(-5.E-02,0.13,0.6696));
#11124 = VECTOR('',#11125,1.);
#11125 = DIRECTION('',(-1.,-1.066673900323E-31,0.));
#11126 = FACE_BOUND('',#11127,.T.);
#11127 = EDGE_LOOP('',(#11128,#11138,#11146,#11154));
#11128 = ORIENTED_EDGE('',*,*,#11129,.T.);
#11129 = EDGE_CURVE('',#11130,#11132,#11134,.T.);
#11130 = VERTEX_POINT('',#11131);
#11131 = CARTESIAN_POINT('',(-1.35,0.13,0.6696));
#11132 = VERTEX_POINT('',#11133);
#11133 = CARTESIAN_POINT('',(-1.35,0.13,0.9996));
#11134 = LINE('',#11135,#11136);
#11135 = CARTESIAN_POINT('',(-1.35,0.13,1.35133890128));
#11136 = VECTOR('',#11137,1.);
#11137 = DIRECTION('',(-9.245679891946E-32,2.22044604925E-16,1.));
#11138 = ORIENTED_EDGE('',*,*,#11139,.T.);
#11139 = EDGE_CURVE('',#11132,#11140,#11142,.T.);
#11140 = VERTEX_POINT('',#11141);
#11141 = CARTESIAN_POINT('',(-1.15,0.13,0.9996));
#11142 = LINE('',#11143,#11144);
#11143 = CARTESIAN_POINT('',(-0.675,0.13,0.9996));
#11144 = VECTOR('',#11145,1.);
#11145 = DIRECTION('',(1.,1.066673900323E-31,0.));
#11146 = ORIENTED_EDGE('',*,*,#11147,.F.);
#11147 = EDGE_CURVE('',#11148,#11140,#11150,.T.);
#11148 = VERTEX_POINT('',#11149);
#11149 = CARTESIAN_POINT('',(-1.15,0.13,0.6696));
#11150 = LINE('',#11151,#11152);
#11151 = CARTESIAN_POINT('',(-1.15,0.13,1.35133890128));
#11152 = VECTOR('',#11153,1.);
#11153 = DIRECTION('',(-9.245679891946E-32,2.22044604925E-16,1.));
#11154 = ORIENTED_EDGE('',*,*,#11155,.T.);
#11155 = EDGE_CURVE('',#11148,#11130,#11156,.T.);
#11156 = LINE('',#11157,#11158);
#11157 = CARTESIAN_POINT('',(-0.675,0.13,0.6696));
#11158 = VECTOR('',#11159,1.);
#11159 = DIRECTION('',(-1.,-1.066673900323E-31,0.));
#11160 = FACE_BOUND('',#11161,.T.);
#11161 = EDGE_LOOP('',(#11162,#11172,#11180,#11188));
#11162 = ORIENTED_EDGE('',*,*,#11163,.T.);
#11163 = EDGE_CURVE('',#11164,#11166,#11168,.T.);
#11164 = VERTEX_POINT('',#11165);
#11165 = CARTESIAN_POINT('',(-2.4,0.13,0.6696));
#11166 = VERTEX_POINT('',#11167);
#11167 = CARTESIAN_POINT('',(-2.6,0.13,0.6696));
#11168 = LINE('',#11169,#11170);
#11169 = CARTESIAN_POINT('',(-1.3,0.13,0.6696));
#11170 = VECTOR('',#11171,1.);
#11171 = DIRECTION('',(-1.,-1.066673900323E-31,0.));
#11172 = ORIENTED_EDGE('',*,*,#11173,.T.);
#11173 = EDGE_CURVE('',#11166,#11174,#11176,.T.);
#11174 = VERTEX_POINT('',#11175);
#11175 = CARTESIAN_POINT('',(-2.6,0.13,0.9996));
#11176 = LINE('',#11177,#11178);
#11177 = CARTESIAN_POINT('',(-2.6,0.13,1.35133890128));
#11178 = VECTOR('',#11179,1.);
#11179 = DIRECTION('',(-9.245679891946E-32,2.22044604925E-16,1.));
#11180 = ORIENTED_EDGE('',*,*,#11181,.T.);
#11181 = EDGE_CURVE('',#11174,#11182,#11184,.T.);
#11182 = VERTEX_POINT('',#11183);
#11183 = CARTESIAN_POINT('',(-2.4,0.13,0.9996));
#11184 = LINE('',#11185,#11186);
#11185 = CARTESIAN_POINT('',(-1.3,0.13,0.9996));
#11186 = VECTOR('',#11187,1.);
#11187 = DIRECTION('',(1.,1.066673900323E-31,0.));
#11188 = ORIENTED_EDGE('',*,*,#11189,.F.);
#11189 = EDGE_CURVE('',#11164,#11182,#11190,.T.);
#11190 = LINE('',#11191,#11192);
#11191 = CARTESIAN_POINT('',(-2.4,0.13,1.35133890128));
#11192 = VECTOR('',#11193,1.);
#11193 = DIRECTION('',(-9.245679891946E-32,2.22044604925E-16,1.));
#11194 = FACE_BOUND('',#11195,.T.);
#11195 = EDGE_LOOP('',(#11196,#11206,#11214,#11222));
#11196 = ORIENTED_EDGE('',*,*,#11197,.T.);
#11197 = EDGE_CURVE('',#11198,#11200,#11202,.T.);
#11198 = VERTEX_POINT('',#11199);
#11199 = CARTESIAN_POINT('',(1.15,0.13,0.6696));
#11200 = VERTEX_POINT('',#11201);
#11201 = CARTESIAN_POINT('',(1.15,0.13,0.9996));
#11202 = LINE('',#11203,#11204);
#11203 = CARTESIAN_POINT('',(1.15,0.13,1.35133890128));
#11204 = VECTOR('',#11205,1.);
#11205 = DIRECTION('',(-9.245679891946E-32,2.22044604925E-16,1.));
#11206 = ORIENTED_EDGE('',*,*,#11207,.T.);
#11207 = EDGE_CURVE('',#11200,#11208,#11210,.T.);
#11208 = VERTEX_POINT('',#11209);
#11209 = CARTESIAN_POINT('',(1.35,0.13,0.9996));
#11210 = LINE('',#11211,#11212);
#11211 = CARTESIAN_POINT('',(0.575,0.13,0.9996));
#11212 = VECTOR('',#11213,1.);
#11213 = DIRECTION('',(1.,1.066673900323E-31,0.));
#11214 = ORIENTED_EDGE('',*,*,#11215,.F.);
#11215 = EDGE_CURVE('',#11216,#11208,#11218,.T.);
#11216 = VERTEX_POINT('',#11217);
#11217 = CARTESIAN_POINT('',(1.35,0.13,0.6696));
#11218 = LINE('',#11219,#11220);
#11219 = CARTESIAN_POINT('',(1.35,0.13,1.35133890128));
#11220 = VECTOR('',#11221,1.);
#11221 = DIRECTION('',(-9.245679891946E-32,2.22044604925E-16,1.));
#11222 = ORIENTED_EDGE('',*,*,#11223,.T.);
#11223 = EDGE_CURVE('',#11216,#11198,#11224,.T.);
#11224 = LINE('',#11225,#11226);
#11225 = CARTESIAN_POINT('',(0.575,0.13,0.6696));
#11226 = VECTOR('',#11227,1.);
#11227 = DIRECTION('',(-1.,-1.066673900323E-31,0.));
#11228 = FACE_BOUND('',#11229,.T.);
#11229 = EDGE_LOOP('',(#11230,#11240,#11248,#11256));
#11230 = ORIENTED_EDGE('',*,*,#11231,.T.);
#11231 = EDGE_CURVE('',#11232,#11234,#11236,.T.);
#11232 = VERTEX_POINT('',#11233);
#11233 = CARTESIAN_POINT('',(2.4,0.13,0.6696));
#11234 = VERTEX_POINT('',#11235);
#11235 = CARTESIAN_POINT('',(2.4,0.13,0.9996));
#11236 = LINE('',#11237,#11238);
#11237 = CARTESIAN_POINT('',(2.4,0.13,1.35133890128));
#11238 = VECTOR('',#11239,1.);
#11239 = DIRECTION('',(-9.245679891946E-32,2.22044604925E-16,1.));
#11240 = ORIENTED_EDGE('',*,*,#11241,.T.);
#11241 = EDGE_CURVE('',#11234,#11242,#11244,.T.);
#11242 = VERTEX_POINT('',#11243);
#11243 = CARTESIAN_POINT('',(2.6,0.13,0.9996));
#11244 = LINE('',#11245,#11246);
#11245 = CARTESIAN_POINT('',(1.2,0.13,0.9996));
#11246 = VECTOR('',#11247,1.);
#11247 = DIRECTION('',(1.,1.066673900323E-31,0.));
#11248 = ORIENTED_EDGE('',*,*,#11249,.F.);
#11249 = EDGE_CURVE('',#11250,#11242,#11252,.T.);
#11250 = VERTEX_POINT('',#11251);
#11251 = CARTESIAN_POINT('',(2.6,0.13,0.6696));
#11252 = LINE('',#11253,#11254);
#11253 = CARTESIAN_POINT('',(2.6,0.13,1.35133890128));
#11254 = VECTOR('',#11255,1.);
#11255 = DIRECTION('',(-9.245679891946E-32,2.22044604925E-16,1.));
#11256 = ORIENTED_EDGE('',*,*,#11257,.T.);
#11257 = EDGE_CURVE('',#11250,#11232,#11258,.T.);
#11258 = LINE('',#11259,#11260);
#11259 = CARTESIAN_POINT('',(1.2,0.13,0.6696));
#11260 = VECTOR('',#11261,1.);
#11261 = DIRECTION('',(-1.,-1.066673900323E-31,0.));
#11262 = PLANE('',#11263);
#11263 = AXIS2_PLACEMENT_3D('',#11264,#11265,#11266);
#11264 = CARTESIAN_POINT('',(2.211232580166E-16,0.13,1.575394190871));
#11265 = DIRECTION('',(1.066673900323E-31,-1.,2.22044604925E-16));
#11266 = DIRECTION('',(0.,2.22044604925E-16,1.));
#11267 = ADVANCED_FACE('',(#11268),#11294,.T.);
#11268 = FACE_BOUND('',#11269,.T.);
#11269 = EDGE_LOOP('',(#11270,#11271,#11272,#11280,#11288));
#11270 = ORIENTED_EDGE('',*,*,#10957,.T.);
#11271 = ORIENTED_EDGE('',*,*,#8187,.F.);
#11272 = ORIENTED_EDGE('',*,*,#11273,.T.);
#11273 = EDGE_CURVE('',#8188,#11274,#11276,.T.);
#11274 = VERTEX_POINT('',#11275);
#11275 = CARTESIAN_POINT('',(2.6,-1.8446,1.6696));
#11276 = LINE('',#11277,#11278);
#11277 = CARTESIAN_POINT('',(2.6,-2.2446,2.0696));
#11278 = VECTOR('',#11279,1.);
#11279 = DIRECTION('',(0.,0.707106781187,-0.707106781187));
#11280 = ORIENTED_EDGE('',*,*,#11281,.T.);
#11281 = EDGE_CURVE('',#11274,#11282,#11284,.T.);
#11282 = VERTEX_POINT('',#11283);
#11283 = CARTESIAN_POINT('',(2.6,-1.8446,1.7396));
#11284 = LINE('',#11285,#11286);
#11285 = CARTESIAN_POINT('',(2.6,-1.8446,1.6696));
#11286 = VECTOR('',#11287,1.);
#11287 = DIRECTION('',(0.,0.,1.));
#11288 = ORIENTED_EDGE('',*,*,#11289,.T.);
#11289 = EDGE_CURVE('',#11282,#10958,#11290,.T.);
#11290 = LINE('',#11291,#11292);
#11291 = CARTESIAN_POINT('',(2.6,-1.8446,1.7396));
#11292 = VECTOR('',#11293,1.);
#11293 = DIRECTION('',(0.,1.,0.));
#11294 = PLANE('',#11295);
#11295 = AXIS2_PLACEMENT_3D('',#11296,#11297,#11298);
#11296 = CARTESIAN_POINT('',(2.6,1.293108022955E-02,1.127283611688));
#11297 = DIRECTION('',(1.,9.003329844341E-33,9.245679891946E-32));
#11298 = DIRECTION('',(-9.245679891946E-32,0.,1.));
#11299 = ADVANCED_FACE('',(#11300),#11311,.T.);
#11300 = FACE_BOUND('',#11301,.T.);
#11301 = EDGE_LOOP('',(#11302,#11308,#11309,#11310));
#11302 = ORIENTED_EDGE('',*,*,#11303,.T.);
#11303 = EDGE_CURVE('',#8373,#8245,#11304,.T.);
#11304 = LINE('',#11305,#11306);
#11305 = CARTESIAN_POINT('',(1.2,0.13,2.0696));
#11306 = VECTOR('',#11307,1.);
#11307 = DIRECTION('',(1.,1.066673900323E-31,0.));
#11308 = ORIENTED_EDGE('',*,*,#8252,.T.);
#11309 = ORIENTED_EDGE('',*,*,#8307,.T.);
#11310 = ORIENTED_EDGE('',*,*,#8372,.T.);
#11311 = PLANE('',#11312);
#11312 = AXIS2_PLACEMENT_3D('',#11313,#11314,#11315);
#11313 = CARTESIAN_POINT('',(2.211232580166E-16,0.13,1.575394190871));
#11314 = DIRECTION('',(1.066673900323E-31,-1.,2.22044604925E-16));
#11315 = DIRECTION('',(0.,2.22044604925E-16,1.));
#11316 = ADVANCED_FACE('',(#11317),#11328,.F.);
#11317 = FACE_BOUND('',#11318,.F.);
#11318 = EDGE_LOOP('',(#11319,#11320,#11321,#11322));
#11319 = ORIENTED_EDGE('',*,*,#8380,.F.);
#11320 = ORIENTED_EDGE('',*,*,#11303,.T.);
#11321 = ORIENTED_EDGE('',*,*,#8244,.T.);
#11322 = ORIENTED_EDGE('',*,*,#11323,.F.);
#11323 = EDGE_CURVE('',#8381,#8237,#11324,.T.);
#11324 = LINE('',#11325,#11326);
#11325 = CARTESIAN_POINT('',(2.4,-2.2446,2.0696));
#11326 = VECTOR('',#11327,1.);
#11327 = DIRECTION('',(1.,0.,0.));
#11328 = PLANE('',#11329);
#11329 = AXIS2_PLACEMENT_3D('',#11330,#11331,#11332);
#11330 = CARTESIAN_POINT('',(2.4,1.1054,2.0696));
#11331 = DIRECTION('',(0.,0.,-1.));
#11332 = DIRECTION('',(0.,-1.,0.));
#11333 = ADVANCED_FACE('',(#11334),#11354,.F.);
#11334 = FACE_BOUND('',#11335,.F.);
#11335 = EDGE_LOOP('',(#11336,#11337,#11338,#11339,#11347,#11353));
#11336 = ORIENTED_EDGE('',*,*,#11323,.T.);
#11337 = ORIENTED_EDGE('',*,*,#8236,.T.);
#11338 = ORIENTED_EDGE('',*,*,#11273,.T.);
#11339 = ORIENTED_EDGE('',*,*,#11340,.F.);
#11340 = EDGE_CURVE('',#11341,#11274,#11343,.T.);
#11341 = VERTEX_POINT('',#11342);
#11342 = CARTESIAN_POINT('',(2.4,-1.8446,1.6696));
#11343 = LINE('',#11344,#11345);
#11344 = CARTESIAN_POINT('',(2.4,-1.8446,1.6696));
#11345 = VECTOR('',#11346,1.);
#11346 = DIRECTION('',(1.,0.,0.));
#11347 = ORIENTED_EDGE('',*,*,#11348,.F.);
#11348 = EDGE_CURVE('',#8389,#11341,#11349,.T.);
#11349 = LINE('',#11350,#11351);
#11350 = CARTESIAN_POINT('',(2.4,-2.2446,2.0696));
#11351 = VECTOR('',#11352,1.);
#11352 = DIRECTION('',(0.,0.707106781187,-0.707106781187));
#11353 = ORIENTED_EDGE('',*,*,#8388,.F.);
#11354 = PLANE('',#11355);
#11355 = AXIS2_PLACEMENT_3D('',#11356,#11357,#11358);
#11356 = CARTESIAN_POINT('',(2.4,-2.2446,2.0696));
#11357 = DIRECTION('',(0.,0.707106781187,0.707106781187));
#11358 = DIRECTION('',(0.,0.707106781187,-0.707106781187));
#11359 = ADVANCED_FACE('',(#11360),#11386,.F.);
#11360 = FACE_BOUND('',#11361,.F.);
#11361 = EDGE_LOOP('',(#11362,#11363,#11364,#11372,#11380));
#11362 = ORIENTED_EDGE('',*,*,#11081,.T.);
#11363 = ORIENTED_EDGE('',*,*,#8282,.F.);
#11364 = ORIENTED_EDGE('',*,*,#11365,.T.);
#11365 = EDGE_CURVE('',#8275,#11366,#11368,.T.);
#11366 = VERTEX_POINT('',#11367);
#11367 = CARTESIAN_POINT('',(-2.6,-1.8446,1.6696));
#11368 = LINE('',#11369,#11370);
#11369 = CARTESIAN_POINT('',(-2.6,-2.2446,2.0696));
#11370 = VECTOR('',#11371,1.);
#11371 = DIRECTION('',(0.,0.707106781187,-0.707106781187));
#11372 = ORIENTED_EDGE('',*,*,#11373,.T.);
#11373 = EDGE_CURVE('',#11366,#11374,#11376,.T.);
#11374 = VERTEX_POINT('',#11375);
#11375 = CARTESIAN_POINT('',(-2.6,-1.8446,1.7396));
#11376 = LINE('',#11377,#11378);
#11377 = CARTESIAN_POINT('',(-2.6,-1.8446,1.6696));
#11378 = VECTOR('',#11379,1.);
#11379 = DIRECTION('',(0.,0.,1.));
#11380 = ORIENTED_EDGE('',*,*,#11381,.T.);
#11381 = EDGE_CURVE('',#11374,#11074,#11382,.T.);
#11382 = LINE('',#11383,#11384);
#11383 = CARTESIAN_POINT('',(-2.6,-1.8446,1.7396));
#11384 = VECTOR('',#11385,1.);
#11385 = DIRECTION('',(0.,1.,0.));
#11386 = PLANE('',#11387);
#11387 = AXIS2_PLACEMENT_3D('',#11388,#11389,#11390);
#11388 = CARTESIAN_POINT('',(-2.6,1.293108022955E-02,1.127283611688));
#11389 = DIRECTION('',(1.,9.003329844341E-33,9.245679891946E-32));
#11390 = DIRECTION('',(-9.245679891946E-32,0.,1.));
#11391 = ADVANCED_FACE('',(#11392),#11417,.F.);
#11392 = FACE_BOUND('',#11393,.F.);
#11393 = EDGE_LOOP('',(#11394,#11400,#11401,#11409,#11415,#11416));
#11394 = ORIENTED_EDGE('',*,*,#11395,.T.);
#11395 = EDGE_CURVE('',#8348,#8476,#11396,.T.);
#11396 = LINE('',#11397,#11398);
#11397 = CARTESIAN_POINT('',(-2.6,-2.2446,2.0696));
#11398 = VECTOR('',#11399,1.);
#11399 = DIRECTION('',(1.,0.,0.));
#11400 = ORIENTED_EDGE('',*,*,#8475,.T.);
#11401 = ORIENTED_EDGE('',*,*,#11402,.T.);
#11402 = EDGE_CURVE('',#8468,#11403,#11405,.T.);
#11403 = VERTEX_POINT('',#11404);
#11404 = CARTESIAN_POINT('',(-2.4,-1.8446,1.6696));
#11405 = LINE('',#11406,#11407);
#11406 = CARTESIAN_POINT('',(-2.4,-2.2446,2.0696));
#11407 = VECTOR('',#11408,1.);
#11408 = DIRECTION('',(0.,0.707106781187,-0.707106781187));
#11409 = ORIENTED_EDGE('',*,*,#11410,.F.);
#11410 = EDGE_CURVE('',#11366,#11403,#11411,.T.);
#11411 = LINE('',#11412,#11413);
#11412 = CARTESIAN_POINT('',(-2.6,-1.8446,1.6696));
#11413 = VECTOR('',#11414,1.);
#11414 = DIRECTION('',(1.,0.,0.));
#11415 = ORIENTED_EDGE('',*,*,#11365,.F.);
#11416 = ORIENTED_EDGE('',*,*,#8355,.F.);
#11417 = PLANE('',#11418);
#11418 = AXIS2_PLACEMENT_3D('',#11419,#11420,#11421);
#11419 = CARTESIAN_POINT('',(-2.6,-2.2446,2.0696));
#11420 = DIRECTION('',(0.,0.707106781187,0.707106781187));
#11421 = DIRECTION('',(0.,0.707106781187,-0.707106781187));
#11422 = ADVANCED_FACE('',(#11423),#11434,.F.);
#11423 = FACE_BOUND('',#11424,.F.);
#11424 = EDGE_LOOP('',(#11425,#11426,#11432,#11433));
#11425 = ORIENTED_EDGE('',*,*,#8347,.F.);
#11426 = ORIENTED_EDGE('',*,*,#11427,.T.);
#11427 = EDGE_CURVE('',#8340,#8484,#11428,.T.);
#11428 = LINE('',#11429,#11430);
#11429 = CARTESIAN_POINT('',(-1.3,0.13,2.0696));
#11430 = VECTOR('',#11431,1.);
#11431 = DIRECTION('',(1.,1.066673900323E-31,0.));
#11432 = ORIENTED_EDGE('',*,*,#8483,.T.);
#11433 = ORIENTED_EDGE('',*,*,#11395,.F.);
#11434 = PLANE('',#11435);
#11435 = AXIS2_PLACEMENT_3D('',#11436,#11437,#11438);
#11436 = CARTESIAN_POINT('',(-2.6,1.1054,2.0696));
#11437 = DIRECTION('',(0.,0.,-1.));
#11438 = DIRECTION('',(0.,-1.,0.));
#11439 = ADVANCED_FACE('',(#11440),#11446,.T.);
#11440 = FACE_BOUND('',#11441,.T.);
#11441 = EDGE_LOOP('',(#11442,#11443,#11444,#11445));
#11442 = ORIENTED_EDGE('',*,*,#8339,.T.);
#11443 = ORIENTED_EDGE('',*,*,#11427,.T.);
#11444 = ORIENTED_EDGE('',*,*,#8491,.T.);
#11445 = ORIENTED_EDGE('',*,*,#8418,.T.);
#11446 = PLANE('',#11447);
#11447 = AXIS2_PLACEMENT_3D('',#11448,#11449,#11450);
#11448 = CARTESIAN_POINT('',(2.211232580166E-16,0.13,1.575394190871));
#11449 = DIRECTION('',(1.066673900323E-31,-1.,2.22044604925E-16));
#11450 = DIRECTION('',(0.,2.22044604925E-16,1.));
#11451 = ADVANCED_FACE('',(#11452),#11471,.F.);
#11452 = FACE_BOUND('',#11453,.F.);
#11453 = EDGE_LOOP('',(#11454,#11455,#11456,#11457,#11465));
#11454 = ORIENTED_EDGE('',*,*,#10973,.T.);
#11455 = ORIENTED_EDGE('',*,*,#8435,.F.);
#11456 = ORIENTED_EDGE('',*,*,#11348,.T.);
#11457 = ORIENTED_EDGE('',*,*,#11458,.T.);
#11458 = EDGE_CURVE('',#11341,#11459,#11461,.T.);
#11459 = VERTEX_POINT('',#11460);
#11460 = CARTESIAN_POINT('',(2.4,-1.8446,1.7396));
#11461 = LINE('',#11462,#11463);
#11462 = CARTESIAN_POINT('',(2.4,-1.8446,1.6696));
#11463 = VECTOR('',#11464,1.);
#11464 = DIRECTION('',(0.,0.,1.));
#11465 = ORIENTED_EDGE('',*,*,#11466,.T.);
#11466 = EDGE_CURVE('',#11459,#10966,#11467,.T.);
#11467 = LINE('',#11468,#11469);
#11468 = CARTESIAN_POINT('',(2.4,-1.8446,1.7396));
#11469 = VECTOR('',#11470,1.);
#11470 = DIRECTION('',(0.,1.,0.));
#11471 = PLANE('',#11472);
#11472 = AXIS2_PLACEMENT_3D('',#11473,#11474,#11475);
#11473 = CARTESIAN_POINT('',(2.4,1.293108022955E-02,1.127283611688));
#11474 = DIRECTION('',(1.,9.003329844341E-33,9.245679891946E-32));
#11475 = DIRECTION('',(-9.245679891946E-32,0.,1.));
#11476 = ADVANCED_FACE('',(#11477),#11496,.T.);
#11477 = FACE_BOUND('',#11478,.T.);
#11478 = EDGE_LOOP('',(#11479,#11480,#11481,#11482,#11490));
#11479 = ORIENTED_EDGE('',*,*,#11065,.T.);
#11480 = ORIENTED_EDGE('',*,*,#8546,.F.);
#11481 = ORIENTED_EDGE('',*,*,#11402,.T.);
#11482 = ORIENTED_EDGE('',*,*,#11483,.T.);
#11483 = EDGE_CURVE('',#11403,#11484,#11486,.T.);
#11484 = VERTEX_POINT('',#11485);
#11485 = CARTESIAN_POINT('',(-2.4,-1.8446,1.7396));
#11486 = LINE('',#11487,#11488);
#11487 = CARTESIAN_POINT('',(-2.4,-1.8446,1.6696));
#11488 = VECTOR('',#11489,1.);
#11489 = DIRECTION('',(0.,0.,1.));
#11490 = ORIENTED_EDGE('',*,*,#11491,.T.);
#11491 = EDGE_CURVE('',#11484,#11066,#11492,.T.);
#11492 = LINE('',#11493,#11494);
#11493 = CARTESIAN_POINT('',(-2.4,-1.8446,1.7396));
#11494 = VECTOR('',#11495,1.);
#11495 = DIRECTION('',(0.,1.,0.));
#11496 = PLANE('',#11497);
#11497 = AXIS2_PLACEMENT_3D('',#11498,#11499,#11500);
#11498 = CARTESIAN_POINT('',(-2.4,1.293108022955E-02,1.127283611688));
#11499 = DIRECTION('',(1.,9.003329844341E-33,9.245679891946E-32));
#11500 = DIRECTION('',(-9.245679891946E-32,0.,1.));
#11501 = ADVANCED_FACE('',(#11502),#11528,.T.);
#11502 = FACE_BOUND('',#11503,.T.);
#11503 = EDGE_LOOP('',(#11504,#11505,#11506,#11514,#11522));
#11504 = ORIENTED_EDGE('',*,*,#10984,.T.);
#11505 = ORIENTED_EDGE('',*,*,#8667,.F.);
#11506 = ORIENTED_EDGE('',*,*,#11507,.T.);
#11507 = EDGE_CURVE('',#8668,#11508,#11510,.T.);
#11508 = VERTEX_POINT('',#11509);
#11509 = CARTESIAN_POINT('',(1.35,-1.8446,1.6696));
#11510 = LINE('',#11511,#11512);
#11511 = CARTESIAN_POINT('',(1.35,-2.2446,2.0696));
#11512 = VECTOR('',#11513,1.);
#11513 = DIRECTION('',(0.,0.707106781187,-0.707106781187));
#11514 = ORIENTED_EDGE('',*,*,#11515,.T.);
#11515 = EDGE_CURVE('',#11508,#11516,#11518,.T.);
#11516 = VERTEX_POINT('',#11517);
#11517 = CARTESIAN_POINT('',(1.35,-1.8446,1.7396));
#11518 = LINE('',#11519,#11520);
#11519 = CARTESIAN_POINT('',(1.35,-1.8446,1.6696));
#11520 = VECTOR('',#11521,1.);
#11521 = DIRECTION('',(0.,0.,1.));
#11522 = ORIENTED_EDGE('',*,*,#11523,.T.);
#11523 = EDGE_CURVE('',#11516,#10985,#11524,.T.);
#11524 = LINE('',#11525,#11526);
#11525 = CARTESIAN_POINT('',(1.35,-1.8446,1.7396));
#11526 = VECTOR('',#11527,1.);
#11527 = DIRECTION('',(0.,1.,0.));
#11528 = PLANE('',#11529);
#11529 = AXIS2_PLACEMENT_3D('',#11530,#11531,#11532);
#11530 = CARTESIAN_POINT('',(1.35,1.293108022955E-02,1.127283611688));
#11531 = DIRECTION('',(1.,9.003329844341E-33,9.245679891946E-32));
#11532 = DIRECTION('',(-9.245679891946E-32,0.,1.));
#11533 = ADVANCED_FACE('',(#11534),#11545,.T.);
#11534 = FACE_BOUND('',#11535,.T.);
#11535 = EDGE_LOOP('',(#11536,#11542,#11543,#11544));
#11536 = ORIENTED_EDGE('',*,*,#11537,.T.);
#11537 = EDGE_CURVE('',#8853,#8725,#11538,.T.);
#11538 = LINE('',#11539,#11540);
#11539 = CARTESIAN_POINT('',(0.575,0.13,2.0696));
#11540 = VECTOR('',#11541,1.);
#11541 = DIRECTION('',(1.,1.066673900323E-31,0.));
#11542 = ORIENTED_EDGE('',*,*,#8732,.T.);
#11543 = ORIENTED_EDGE('',*,*,#8787,.T.);
#11544 = ORIENTED_EDGE('',*,*,#8852,.T.);
#11545 = PLANE('',#11546);
#11546 = AXIS2_PLACEMENT_3D('',#11547,#11548,#11549);
#11547 = CARTESIAN_POINT('',(2.211232580166E-16,0.13,1.575394190871));
#11548 = DIRECTION('',(1.066673900323E-31,-1.,2.22044604925E-16));
#11549 = DIRECTION('',(0.,2.22044604925E-16,1.));
#11550 = ADVANCED_FACE('',(#11551),#11562,.F.);
#11551 = FACE_BOUND('',#11552,.F.);
#11552 = EDGE_LOOP('',(#11553,#11554,#11555,#11556));
#11553 = ORIENTED_EDGE('',*,*,#8860,.F.);
#11554 = ORIENTED_EDGE('',*,*,#11537,.T.);
#11555 = ORIENTED_EDGE('',*,*,#8724,.T.);
#11556 = ORIENTED_EDGE('',*,*,#11557,.F.);
#11557 = EDGE_CURVE('',#8861,#8717,#11558,.T.);
#11558 = LINE('',#11559,#11560);
#11559 = CARTESIAN_POINT('',(1.15,-2.2446,2.0696));
#11560 = VECTOR('',#11561,1.);
#11561 = DIRECTION('',(1.,0.,0.));
#11562 = PLANE('',#11563);
#11563 = AXIS2_PLACEMENT_3D('',#11564,#11565,#11566);
#11564 = CARTESIAN_POINT('',(1.15,1.1054,2.0696));
#11565 = DIRECTION('',(0.,0.,-1.));
#11566 = DIRECTION('',(0.,-1.,0.));
#11567 = ADVANCED_FACE('',(#11568),#11588,.F.);
#11568 = FACE_BOUND('',#11569,.F.);
#11569 = EDGE_LOOP('',(#11570,#11571,#11572,#11573,#11581,#11587));
#11570 = ORIENTED_EDGE('',*,*,#11557,.T.);
#11571 = ORIENTED_EDGE('',*,*,#8716,.T.);
#11572 = ORIENTED_EDGE('',*,*,#11507,.T.);
#11573 = ORIENTED_EDGE('',*,*,#11574,.F.);
#11574 = EDGE_CURVE('',#11575,#11508,#11577,.T.);
#11575 = VERTEX_POINT('',#11576);
#11576 = CARTESIAN_POINT('',(1.15,-1.8446,1.6696));
#11577 = LINE('',#11578,#11579);
#11578 = CARTESIAN_POINT('',(1.15,-1.8446,1.6696));
#11579 = VECTOR('',#11580,1.);
#11580 = DIRECTION('',(1.,0.,0.));
#11581 = ORIENTED_EDGE('',*,*,#11582,.F.);
#11582 = EDGE_CURVE('',#8869,#11575,#11583,.T.);
#11583 = LINE('',#11584,#11585);
#11584 = CARTESIAN_POINT('',(1.15,-2.2446,2.0696));
#11585 = VECTOR('',#11586,1.);
#11586 = DIRECTION('',(0.,0.707106781187,-0.707106781187));
#11587 = ORIENTED_EDGE('',*,*,#8868,.F.);
#11588 = PLANE('',#11589);
#11589 = AXIS2_PLACEMENT_3D('',#11590,#11591,#11592);
#11590 = CARTESIAN_POINT('',(1.15,-2.2446,2.0696));
#11591 = DIRECTION('',(0.,0.707106781187,0.707106781187));
#11592 = DIRECTION('',(0.,0.707106781187,-0.707106781187));
#11593 = ADVANCED_FACE('',(#11594),#11620,.F.);
#11594 = FACE_BOUND('',#11595,.F.);
#11595 = EDGE_LOOP('',(#11596,#11597,#11598,#11606,#11614));
#11596 = ORIENTED_EDGE('',*,*,#11054,.T.);
#11597 = ORIENTED_EDGE('',*,*,#8762,.F.);
#11598 = ORIENTED_EDGE('',*,*,#11599,.T.);
#11599 = EDGE_CURVE('',#8755,#11600,#11602,.T.);
#11600 = VERTEX_POINT('',#11601);
#11601 = CARTESIAN_POINT('',(-1.35,-1.8446,1.6696));
#11602 = LINE('',#11603,#11604);
#11603 = CARTESIAN_POINT('',(-1.35,-2.2446,2.0696));
#11604 = VECTOR('',#11605,1.);
#11605 = DIRECTION('',(0.,0.707106781187,-0.707106781187));
#11606 = ORIENTED_EDGE('',*,*,#11607,.T.);
#11607 = EDGE_CURVE('',#11600,#11608,#11610,.T.);
#11608 = VERTEX_POINT('',#11609);
#11609 = CARTESIAN_POINT('',(-1.35,-1.8446,1.7396));
#11610 = LINE('',#11611,#11612);
#11611 = CARTESIAN_POINT('',(-1.35,-1.8446,1.6696));
#11612 = VECTOR('',#11613,1.);
#11613 = DIRECTION('',(0.,0.,1.));
#11614 = ORIENTED_EDGE('',*,*,#11615,.T.);
#11615 = EDGE_CURVE('',#11608,#11047,#11616,.T.);
#11616 = LINE('',#11617,#11618);
#11617 = CARTESIAN_POINT('',(-1.35,-1.8446,1.7396));
#11618 = VECTOR('',#11619,1.);
#11619 = DIRECTION('',(0.,1.,0.));
#11620 = PLANE('',#11621);
#11621 = AXIS2_PLACEMENT_3D('',#11622,#11623,#11624);
#11622 = CARTESIAN_POINT('',(-1.35,1.293108022955E-02,1.127283611688));
#11623 = DIRECTION('',(1.,9.003329844341E-33,9.245679891946E-32));
#11624 = DIRECTION('',(-9.245679891946E-32,0.,1.));
#11625 = ADVANCED_FACE('',(#11626),#11651,.F.);
#11626 = FACE_BOUND('',#11627,.F.);
#11627 = EDGE_LOOP('',(#11628,#11634,#11635,#11643,#11649,#11650));
#11628 = ORIENTED_EDGE('',*,*,#11629,.T.);
#11629 = EDGE_CURVE('',#8828,#8956,#11630,.T.);
#11630 = LINE('',#11631,#11632);
#11631 = CARTESIAN_POINT('',(-1.35,-2.2446,2.0696));
#11632 = VECTOR('',#11633,1.);
#11633 = DIRECTION('',(1.,0.,0.));
#11634 = ORIENTED_EDGE('',*,*,#8955,.T.);
#11635 = ORIENTED_EDGE('',*,*,#11636,.T.);
#11636 = EDGE_CURVE('',#8948,#11637,#11639,.T.);
#11637 = VERTEX_POINT('',#11638);
#11638 = CARTESIAN_POINT('',(-1.15,-1.8446,1.6696));
#11639 = LINE('',#11640,#11641);
#11640 = CARTESIAN_POINT('',(-1.15,-2.2446,2.0696));
#11641 = VECTOR('',#11642,1.);
#11642 = DIRECTION('',(0.,0.707106781187,-0.707106781187));
#11643 = ORIENTED_EDGE('',*,*,#11644,.F.);
#11644 = EDGE_CURVE('',#11600,#11637,#11645,.T.);
#11645 = LINE('',#11646,#11647);
#11646 = CARTESIAN_POINT('',(-1.35,-1.8446,1.6696));
#11647 = VECTOR('',#11648,1.);
#11648 = DIRECTION('',(1.,0.,0.));
#11649 = ORIENTED_EDGE('',*,*,#11599,.F.);
#11650 = ORIENTED_EDGE('',*,*,#8835,.F.);
#11651 = PLANE('',#11652);
#11652 = AXIS2_PLACEMENT_3D('',#11653,#11654,#11655);
#11653 = CARTESIAN_POINT('',(-1.35,-2.2446,2.0696));
#11654 = DIRECTION('',(0.,0.707106781187,0.707106781187));
#11655 = DIRECTION('',(0.,0.707106781187,-0.707106781187));
#11656 = ADVANCED_FACE('',(#11657),#11668,.F.);
#11657 = FACE_BOUND('',#11658,.F.);
#11658 = EDGE_LOOP('',(#11659,#11660,#11666,#11667));
#11659 = ORIENTED_EDGE('',*,*,#8827,.F.);
#11660 = ORIENTED_EDGE('',*,*,#11661,.T.);
#11661 = EDGE_CURVE('',#8820,#8964,#11662,.T.);
#11662 = LINE('',#11663,#11664);
#11663 = CARTESIAN_POINT('',(-0.675,0.13,2.0696));
#11664 = VECTOR('',#11665,1.);
#11665 = DIRECTION('',(1.,1.066673900323E-31,0.));
#11666 = ORIENTED_EDGE('',*,*,#8963,.T.);
#11667 = ORIENTED_EDGE('',*,*,#11629,.F.);
#11668 = PLANE('',#11669);
#11669 = AXIS2_PLACEMENT_3D('',#11670,#11671,#11672);
#11670 = CARTESIAN_POINT('',(-1.35,1.1054,2.0696));
#11671 = DIRECTION('',(0.,0.,-1.));
#11672 = DIRECTION('',(0.,-1.,0.));
#11673 = ADVANCED_FACE('',(#11674),#11680,.T.);
#11674 = FACE_BOUND('',#11675,.T.);
#11675 = EDGE_LOOP('',(#11676,#11677,#11678,#11679));
#11676 = ORIENTED_EDGE('',*,*,#8819,.T.);
#11677 = ORIENTED_EDGE('',*,*,#11661,.T.);
#11678 = ORIENTED_EDGE('',*,*,#8971,.T.);
#11679 = ORIENTED_EDGE('',*,*,#8898,.T.);
#11680 = PLANE('',#11681);
#11681 = AXIS2_PLACEMENT_3D('',#11682,#11683,#11684);
#11682 = CARTESIAN_POINT('',(2.211232580166E-16,0.13,1.575394190871));
#11683 = DIRECTION('',(1.066673900323E-31,-1.,2.22044604925E-16));
#11684 = DIRECTION('',(0.,2.22044604925E-16,1.));
#11685 = ADVANCED_FACE('',(#11686),#11705,.F.);
#11686 = FACE_BOUND('',#11687,.F.);
#11687 = EDGE_LOOP('',(#11688,#11689,#11690,#11691,#11699));
#11688 = ORIENTED_EDGE('',*,*,#11000,.T.);
#11689 = ORIENTED_EDGE('',*,*,#8915,.F.);
#11690 = ORIENTED_EDGE('',*,*,#11582,.T.);
#11691 = ORIENTED_EDGE('',*,*,#11692,.T.);
#11692 = EDGE_CURVE('',#11575,#11693,#11695,.T.);
#11693 = VERTEX_POINT('',#11694);
#11694 = CARTESIAN_POINT('',(1.15,-1.8446,1.7396));
#11695 = LINE('',#11696,#11697);
#11696 = CARTESIAN_POINT('',(1.15,-1.8446,1.6696));
#11697 = VECTOR('',#11698,1.);
#11698 = DIRECTION('',(0.,0.,1.));
#11699 = ORIENTED_EDGE('',*,*,#11700,.T.);
#11700 = EDGE_CURVE('',#11693,#10993,#11701,.T.);
#11701 = LINE('',#11702,#11703);
#11702 = CARTESIAN_POINT('',(1.15,-1.8446,1.7396));
#11703 = VECTOR('',#11704,1.);
#11704 = DIRECTION('',(0.,1.,0.));
#11705 = PLANE('',#11706);
#11706 = AXIS2_PLACEMENT_3D('',#11707,#11708,#11709);
#11707 = CARTESIAN_POINT('',(1.15,1.293108022955E-02,1.127283611688));
#11708 = DIRECTION('',(1.,9.003329844341E-33,9.245679891946E-32));
#11709 = DIRECTION('',(-9.245679891946E-32,0.,1.));
#11710 = ADVANCED_FACE('',(#11711),#11730,.T.);
#11711 = FACE_BOUND('',#11712,.T.);
#11712 = EDGE_LOOP('',(#11713,#11714,#11715,#11716,#11724));
#11713 = ORIENTED_EDGE('',*,*,#11038,.T.);
#11714 = ORIENTED_EDGE('',*,*,#9026,.F.);
#11715 = ORIENTED_EDGE('',*,*,#11636,.T.);
#11716 = ORIENTED_EDGE('',*,*,#11717,.T.);
#11717 = EDGE_CURVE('',#11637,#11718,#11720,.T.);
#11718 = VERTEX_POINT('',#11719);
#11719 = CARTESIAN_POINT('',(-1.15,-1.8446,1.7396));
#11720 = LINE('',#11721,#11722);
#11721 = CARTESIAN_POINT('',(-1.15,-1.8446,1.6696));
#11722 = VECTOR('',#11723,1.);
#11723 = DIRECTION('',(0.,0.,1.));
#11724 = ORIENTED_EDGE('',*,*,#11725,.T.);
#11725 = EDGE_CURVE('',#11718,#11039,#11726,.T.);
#11726 = LINE('',#11727,#11728);
#11727 = CARTESIAN_POINT('',(-1.15,-1.8446,1.7396));
#11728 = VECTOR('',#11729,1.);
#11729 = DIRECTION('',(0.,1.,0.));
#11730 = PLANE('',#11731);
#11731 = AXIS2_PLACEMENT_3D('',#11732,#11733,#11734);
#11732 = CARTESIAN_POINT('',(-1.15,1.293108022955E-02,1.127283611688));
#11733 = DIRECTION('',(1.,9.003329844341E-33,9.245679891946E-32));
#11734 = DIRECTION('',(-9.245679891946E-32,0.,1.));
#11735 = ADVANCED_FACE('',(#11736),#11762,.T.);
#11736 = FACE_BOUND('',#11737,.T.);
#11737 = EDGE_LOOP('',(#11738,#11739,#11740,#11748,#11756));
#11738 = ORIENTED_EDGE('',*,*,#11011,.T.);
#11739 = ORIENTED_EDGE('',*,*,#9147,.F.);
#11740 = ORIENTED_EDGE('',*,*,#11741,.T.);
#11741 = EDGE_CURVE('',#9148,#11742,#11744,.T.);
#11742 = VERTEX_POINT('',#11743);
#11743 = CARTESIAN_POINT('',(0.1,-1.8446,1.6696));
#11744 = LINE('',#11745,#11746);
#11745 = CARTESIAN_POINT('',(0.1,-2.2446,2.0696));
#11746 = VECTOR('',#11747,1.);
#11747 = DIRECTION('',(0.,0.707106781187,-0.707106781187));
#11748 = ORIENTED_EDGE('',*,*,#11749,.T.);
#11749 = EDGE_CURVE('',#11742,#11750,#11752,.T.);
#11750 = VERTEX_POINT('',#11751);
#11751 = CARTESIAN_POINT('',(0.1,-1.8446,1.7396));
#11752 = LINE('',#11753,#11754);
#11753 = CARTESIAN_POINT('',(0.1,-1.8446,1.6696));
#11754 = VECTOR('',#11755,1.);
#11755 = DIRECTION('',(0.,0.,1.));
#11756 = ORIENTED_EDGE('',*,*,#11757,.T.);
#11757 = EDGE_CURVE('',#11750,#11012,#11758,.T.);
#11758 = LINE('',#11759,#11760);
#11759 = CARTESIAN_POINT('',(0.1,-1.8446,1.7396));
#11760 = VECTOR('',#11761,1.);
#11761 = DIRECTION('',(0.,1.,0.));
#11762 = PLANE('',#11763);
#11763 = AXIS2_PLACEMENT_3D('',#11764,#11765,#11766);
#11764 = CARTESIAN_POINT('',(0.1,1.293108022955E-02,1.127283611688));
#11765 = DIRECTION('',(1.,9.003329844341E-33,9.245679891946E-32));
#11766 = DIRECTION('',(-9.245679891946E-32,0.,1.));
#11767 = ADVANCED_FACE('',(#11768),#11779,.T.);
#11768 = FACE_BOUND('',#11769,.T.);
#11769 = EDGE_LOOP('',(#11770,#11776,#11777,#11778));
#11770 = ORIENTED_EDGE('',*,*,#11771,.T.);
#11771 = EDGE_CURVE('',#9293,#9205,#11772,.T.);
#11772 = LINE('',#11773,#11774);
#11773 = CARTESIAN_POINT('',(-5.E-02,0.13,2.0696));
#11774 = VECTOR('',#11775,1.);
#11775 = DIRECTION('',(1.,1.066673900323E-31,0.));
#11776 = ORIENTED_EDGE('',*,*,#9212,.T.);
#11777 = ORIENTED_EDGE('',*,*,#9267,.T.);
#11778 = ORIENTED_EDGE('',*,*,#9292,.T.);
#11779 = PLANE('',#11780);
#11780 = AXIS2_PLACEMENT_3D('',#11781,#11782,#11783);
#11781 = CARTESIAN_POINT('',(2.211232580166E-16,0.13,1.575394190871));
#11782 = DIRECTION('',(1.066673900323E-31,-1.,2.22044604925E-16));
#11783 = DIRECTION('',(0.,2.22044604925E-16,1.));
#11784 = ADVANCED_FACE('',(#11785),#11796,.F.);
#11785 = FACE_BOUND('',#11786,.F.);
#11786 = EDGE_LOOP('',(#11787,#11788,#11789,#11790));
#11787 = ORIENTED_EDGE('',*,*,#9300,.F.);
#11788 = ORIENTED_EDGE('',*,*,#11771,.T.);
#11789 = ORIENTED_EDGE('',*,*,#9204,.T.);
#11790 = ORIENTED_EDGE('',*,*,#11791,.F.);
#11791 = EDGE_CURVE('',#9301,#9197,#11792,.T.);
#11792 = LINE('',#11793,#11794);
#11793 = CARTESIAN_POINT('',(-0.1,-2.2446,2.0696));
#11794 = VECTOR('',#11795,1.);
#11795 = DIRECTION('',(1.,0.,0.));
#11796 = PLANE('',#11797);
#11797 = AXIS2_PLACEMENT_3D('',#11798,#11799,#11800);
#11798 = CARTESIAN_POINT('',(-0.1,1.1054,2.0696));
#11799 = DIRECTION('',(0.,0.,-1.));
#11800 = DIRECTION('',(0.,-1.,0.));
#11801 = ADVANCED_FACE('',(#11802),#11822,.F.);
#11802 = FACE_BOUND('',#11803,.F.);
#11803 = EDGE_LOOP('',(#11804,#11805,#11806,#11807,#11815,#11821));
#11804 = ORIENTED_EDGE('',*,*,#11791,.T.);
#11805 = ORIENTED_EDGE('',*,*,#9196,.T.);
#11806 = ORIENTED_EDGE('',*,*,#11741,.T.);
#11807 = ORIENTED_EDGE('',*,*,#11808,.F.);
#11808 = EDGE_CURVE('',#11809,#11742,#11811,.T.);
#11809 = VERTEX_POINT('',#11810);
#11810 = CARTESIAN_POINT('',(-0.1,-1.8446,1.6696));
#11811 = LINE('',#11812,#11813);
#11812 = CARTESIAN_POINT('',(-0.1,-1.8446,1.6696));
#11813 = VECTOR('',#11814,1.);
#11814 = DIRECTION('',(1.,0.,0.));
#11815 = ORIENTED_EDGE('',*,*,#11816,.F.);
#11816 = EDGE_CURVE('',#9235,#11809,#11817,.T.);
#11817 = LINE('',#11818,#11819);
#11818 = CARTESIAN_POINT('',(-0.1,-2.2446,2.0696));
#11819 = VECTOR('',#11820,1.);
#11820 = DIRECTION('',(0.,0.707106781187,-0.707106781187));
#11821 = ORIENTED_EDGE('',*,*,#9308,.F.);
#11822 = PLANE('',#11823);
#11823 = AXIS2_PLACEMENT_3D('',#11824,#11825,#11826);
#11824 = CARTESIAN_POINT('',(-0.1,-2.2446,2.0696));
#11825 = DIRECTION('',(0.,0.707106781187,0.707106781187));
#11826 = DIRECTION('',(0.,0.707106781187,-0.707106781187));
#11827 = ADVANCED_FACE('',(#11828),#11847,.F.);
#11828 = FACE_BOUND('',#11829,.F.);
#11829 = EDGE_LOOP('',(#11830,#11831,#11832,#11833,#11841));
#11830 = ORIENTED_EDGE('',*,*,#11027,.T.);
#11831 = ORIENTED_EDGE('',*,*,#9242,.F.);
#11832 = ORIENTED_EDGE('',*,*,#11816,.T.);
#11833 = ORIENTED_EDGE('',*,*,#11834,.T.);
#11834 = EDGE_CURVE('',#11809,#11835,#11837,.T.);
#11835 = VERTEX_POINT('',#11836);
#11836 = CARTESIAN_POINT('',(-0.1,-1.8446,1.7396));
#11837 = LINE('',#11838,#11839);
#11838 = CARTESIAN_POINT('',(-0.1,-1.8446,1.6696));
#11839 = VECTOR('',#11840,1.);
#11840 = DIRECTION('',(0.,0.,1.));
#11841 = ORIENTED_EDGE('',*,*,#11842,.T.);
#11842 = EDGE_CURVE('',#11835,#11020,#11843,.T.);
#11843 = LINE('',#11844,#11845);
#11844 = CARTESIAN_POINT('',(-0.1,-1.8446,1.7396));
#11845 = VECTOR('',#11846,1.);
#11846 = DIRECTION('',(0.,1.,0.));
#11847 = PLANE('',#11848);
#11848 = AXIS2_PLACEMENT_3D('',#11849,#11850,#11851);
#11849 = CARTESIAN_POINT('',(-0.1,1.293108022955E-02,1.127283611688));
#11850 = DIRECTION('',(1.,9.003329844341E-33,9.245679891946E-32));
#11851 = DIRECTION('',(-9.245679891946E-32,0.,1.));
#11852 = ADVANCED_FACE('',(#11853),#11859,.T.);
#11853 = FACE_BOUND('',#11854,.T.);
#11854 = EDGE_LOOP('',(#11855,#11856,#11857,#11858));
#11855 = ORIENTED_EDGE('',*,*,#9331,.F.);
#11856 = ORIENTED_EDGE('',*,*,#9378,.T.);
#11857 = ORIENTED_EDGE('',*,*,#9403,.T.);
#11858 = ORIENTED_EDGE('',*,*,#9354,.F.);
#11859 = PLANE('',#11860);
#11860 = AXIS2_PLACEMENT_3D('',#11861,#11862,#11863);
#11861 = CARTESIAN_POINT('',(-4.4,-1.47,3.295));
#11862 = DIRECTION('',(0.,-1.,2.22044604925E-16));
#11863 = DIRECTION('',(1.,0.,0.));
#11864 = ADVANCED_FACE('',(#11865),#11871,.T.);
#11865 = FACE_BOUND('',#11866,.T.);
#11866 = EDGE_LOOP('',(#11867,#11868,#11869,#11870));
#11867 = ORIENTED_EDGE('',*,*,#9427,.F.);
#11868 = ORIENTED_EDGE('',*,*,#9474,.T.);
#11869 = ORIENTED_EDGE('',*,*,#9499,.T.);
#11870 = ORIENTED_EDGE('',*,*,#9450,.F.);
#11871 = PLANE('',#11872);
#11872 = AXIS2_PLACEMENT_3D('',#11873,#11874,#11875);
#11873 = CARTESIAN_POINT('',(3.3,-1.47,3.295));
#11874 = DIRECTION('',(0.,-1.,2.22044604925E-16));
#11875 = DIRECTION('',(1.,0.,0.));
#11876 = ADVANCED_FACE('',(#11877),#11888,.F.);
#11877 = FACE_BOUND('',#11878,.F.);
#11878 = EDGE_LOOP('',(#11879,#11885,#11886,#11887));
#11879 = ORIENTED_EDGE('',*,*,#11880,.T.);
#11880 = EDGE_CURVE('',#9628,#9710,#11881,.T.);
#11881 = LINE('',#11882,#11883);
#11882 = CARTESIAN_POINT('',(-2.6,1.7754,0.65));
#11883 = VECTOR('',#11884,1.);
#11884 = DIRECTION('',(1.,0.,0.));
#11885 = ORIENTED_EDGE('',*,*,#9717,.T.);
#11886 = ORIENTED_EDGE('',*,*,#9662,.F.);
#11887 = ORIENTED_EDGE('',*,*,#9635,.F.);
#11888 = PLANE('',#11889);
#11889 = AXIS2_PLACEMENT_3D('',#11890,#11891,#11892);
#11890 = CARTESIAN_POINT('',(-2.6,1.7754,0.65));
#11891 = DIRECTION('',(0.,0.,-1.));
#11892 = DIRECTION('',(0.,-1.,0.));
#11893 = ADVANCED_FACE('',(#11894),#11905,.F.);
#11894 = FACE_BOUND('',#11895,.F.);
#11895 = EDGE_LOOP('',(#11896,#11902,#11903,#11904));
#11896 = ORIENTED_EDGE('',*,*,#11897,.T.);
#11897 = EDGE_CURVE('',#9620,#9702,#11898,.T.);
#11898 = LINE('',#11899,#11900);
#11899 = CARTESIAN_POINT('',(-2.6,1.7754,0.3));
#11900 = VECTOR('',#11901,1.);
#11901 = DIRECTION('',(1.,0.,0.));
#11902 = ORIENTED_EDGE('',*,*,#9709,.T.);
#11903 = ORIENTED_EDGE('',*,*,#11880,.F.);
#11904 = ORIENTED_EDGE('',*,*,#9627,.F.);
#11905 = PLANE('',#11906);
#11906 = AXIS2_PLACEMENT_3D('',#11907,#11908,#11909);
#11907 = CARTESIAN_POINT('',(-2.6,1.7754,0.3));
#11908 = DIRECTION('',(0.,-1.,0.));
#11909 = DIRECTION('',(0.,0.,1.));
#11910 = ADVANCED_FACE('',(#11911),#11922,.F.);
#11911 = FACE_BOUND('',#11912,.F.);
#11912 = EDGE_LOOP('',(#11913,#11919,#11920,#11921));
#11913 = ORIENTED_EDGE('',*,*,#11914,.T.);
#11914 = EDGE_CURVE('',#9612,#9694,#11915,.T.);
#11915 = LINE('',#11916,#11917);
#11916 = CARTESIAN_POINT('',(-2.6,2.4754,0.3));
#11917 = VECTOR('',#11918,1.);
#11918 = DIRECTION('',(1.,0.,0.));
#11919 = ORIENTED_EDGE('',*,*,#9701,.T.);
#11920 = ORIENTED_EDGE('',*,*,#11897,.F.);
#11921 = ORIENTED_EDGE('',*,*,#9619,.F.);
#11922 = PLANE('',#11923);
#11923 = AXIS2_PLACEMENT_3D('',#11924,#11925,#11926);
#11924 = CARTESIAN_POINT('',(-2.6,2.4754,0.3));
#11925 = DIRECTION('',(0.,0.,-1.));
#11926 = DIRECTION('',(0.,-1.,0.));
#11927 = ADVANCED_FACE('',(#11928),#11934,.F.);
#11928 = FACE_BOUND('',#11929,.F.);
#11929 = EDGE_LOOP('',(#11930,#11931,#11932,#11933));
#11930 = ORIENTED_EDGE('',*,*,#10592,.T.);
#11931 = ORIENTED_EDGE('',*,*,#9693,.T.);
#11932 = ORIENTED_EDGE('',*,*,#11914,.F.);
#11933 = ORIENTED_EDGE('',*,*,#9611,.F.);
#11934 = PLANE('',#11935);
#11935 = AXIS2_PLACEMENT_3D('',#11936,#11937,#11938);
#11936 = CARTESIAN_POINT('',(-2.6,2.4754,0.));
#11937 = DIRECTION('',(0.,-1.,0.));
#11938 = DIRECTION('',(0.,0.,1.));
#11939 = ADVANCED_FACE('',(#11940),#11951,.F.);
#11940 = FACE_BOUND('',#11941,.F.);
#11941 = EDGE_LOOP('',(#11942,#11948,#11949,#11950));
#11942 = ORIENTED_EDGE('',*,*,#11943,.T.);
#11943 = EDGE_CURVE('',#9797,#9884,#11944,.T.);
#11944 = LINE('',#11945,#11946);
#11945 = CARTESIAN_POINT('',(-1.35,1.7754,0.65));
#11946 = VECTOR('',#11947,1.);
#11947 = DIRECTION('',(1.,0.,0.));
#11948 = ORIENTED_EDGE('',*,*,#9891,.T.);
#11949 = ORIENTED_EDGE('',*,*,#9836,.F.);
#11950 = ORIENTED_EDGE('',*,*,#9804,.F.);
#11951 = PLANE('',#11952);
#11952 = AXIS2_PLACEMENT_3D('',#11953,#11954,#11955);
#11953 = CARTESIAN_POINT('',(-1.35,1.7754,0.65));
#11954 = DIRECTION('',(0.,0.,-1.));
#11955 = DIRECTION('',(0.,-1.,0.));
#11956 = ADVANCED_FACE('',(#11957),#11968,.F.);
#11957 = FACE_BOUND('',#11958,.F.);
#11958 = EDGE_LOOP('',(#11959,#11965,#11966,#11967));
#11959 = ORIENTED_EDGE('',*,*,#11960,.T.);
#11960 = EDGE_CURVE('',#9789,#9876,#11961,.T.);
#11961 = LINE('',#11962,#11963);
#11962 = CARTESIAN_POINT('',(-1.35,1.7754,0.3));
#11963 = VECTOR('',#11964,1.);
#11964 = DIRECTION('',(1.,0.,0.));
#11965 = ORIENTED_EDGE('',*,*,#9883,.T.);
#11966 = ORIENTED_EDGE('',*,*,#11943,.F.);
#11967 = ORIENTED_EDGE('',*,*,#9796,.F.);
#11968 = PLANE('',#11969);
#11969 = AXIS2_PLACEMENT_3D('',#11970,#11971,#11972);
#11970 = CARTESIAN_POINT('',(-1.35,1.7754,0.3));
#11971 = DIRECTION('',(0.,-1.,0.));
#11972 = DIRECTION('',(0.,0.,1.));
#11973 = ADVANCED_FACE('',(#11974),#11985,.F.);
#11974 = FACE_BOUND('',#11975,.F.);
#11975 = EDGE_LOOP('',(#11976,#11982,#11983,#11984));
#11976 = ORIENTED_EDGE('',*,*,#11977,.T.);
#11977 = EDGE_CURVE('',#9781,#9868,#11978,.T.);
#11978 = LINE('',#11979,#11980);
#11979 = CARTESIAN_POINT('',(-1.35,2.4754,0.3));
#11980 = VECTOR('',#11981,1.);
#11981 = DIRECTION('',(1.,0.,0.));
#11982 = ORIENTED_EDGE('',*,*,#9875,.T.);
#11983 = ORIENTED_EDGE('',*,*,#11960,.F.);
#11984 = ORIENTED_EDGE('',*,*,#9788,.F.);
#11985 = PLANE('',#11986);
#11986 = AXIS2_PLACEMENT_3D('',#11987,#11988,#11989);
#11987 = CARTESIAN_POINT('',(-1.35,2.4754,0.3));
#11988 = DIRECTION('',(0.,0.,-1.));
#11989 = DIRECTION('',(0.,-1.,0.));
#11990 = ADVANCED_FACE('',(#11991),#11997,.F.);
#11991 = FACE_BOUND('',#11992,.F.);
#11992 = EDGE_LOOP('',(#11993,#11994,#11995,#11996));
#11993 = ORIENTED_EDGE('',*,*,#10563,.T.);
#11994 = ORIENTED_EDGE('',*,*,#9867,.T.);
#11995 = ORIENTED_EDGE('',*,*,#11977,.F.);
#11996 = ORIENTED_EDGE('',*,*,#9780,.F.);
#11997 = PLANE('',#11998);
#11998 = AXIS2_PLACEMENT_3D('',#11999,#12000,#12001);
#11999 = CARTESIAN_POINT('',(-1.35,2.4754,0.));
#12000 = DIRECTION('',(0.,-1.,0.));
#12001 = DIRECTION('',(0.,0.,1.));
#12002 = ADVANCED_FACE('',(#12003),#12014,.F.);
#12003 = FACE_BOUND('',#12004,.F.);
#12004 = EDGE_LOOP('',(#12005,#12011,#12012,#12013));
#12005 = ORIENTED_EDGE('',*,*,#12006,.T.);
#12006 = EDGE_CURVE('',#9971,#10058,#12007,.T.);
#12007 = LINE('',#12008,#12009);
#12008 = CARTESIAN_POINT('',(-0.1,1.7754,0.65));
#12009 = VECTOR('',#12010,1.);
#12010 = DIRECTION('',(1.,0.,0.));
#12011 = ORIENTED_EDGE('',*,*,#10065,.T.);
#12012 = ORIENTED_EDGE('',*,*,#10010,.F.);
#12013 = ORIENTED_EDGE('',*,*,#9978,.F.);
#12014 = PLANE('',#12015);
#12015 = AXIS2_PLACEMENT_3D('',#12016,#12017,#12018);
#12016 = CARTESIAN_POINT('',(-0.1,1.7754,0.65));
#12017 = DIRECTION('',(0.,0.,-1.));
#12018 = DIRECTION('',(0.,-1.,0.));
#12019 = ADVANCED_FACE('',(#12020),#12031,.F.);
#12020 = FACE_BOUND('',#12021,.F.);
#12021 = EDGE_LOOP('',(#12022,#12028,#12029,#12030));
#12022 = ORIENTED_EDGE('',*,*,#12023,.T.);
#12023 = EDGE_CURVE('',#9963,#10050,#12024,.T.);
#12024 = LINE('',#12025,#12026);
#12025 = CARTESIAN_POINT('',(-0.1,1.7754,0.3));
#12026 = VECTOR('',#12027,1.);
#12027 = DIRECTION('',(1.,0.,0.));
#12028 = ORIENTED_EDGE('',*,*,#10057,.T.);
#12029 = ORIENTED_EDGE('',*,*,#12006,.F.);
#12030 = ORIENTED_EDGE('',*,*,#9970,.F.);
#12031 = PLANE('',#12032);
#12032 = AXIS2_PLACEMENT_3D('',#12033,#12034,#12035);
#12033 = CARTESIAN_POINT('',(-0.1,1.7754,0.3));
#12034 = DIRECTION('',(0.,-1.,0.));
#12035 = DIRECTION('',(0.,0.,1.));
#12036 = ADVANCED_FACE('',(#12037),#12048,.F.);
#12037 = FACE_BOUND('',#12038,.F.);
#12038 = EDGE_LOOP('',(#12039,#12045,#12046,#12047));
#12039 = ORIENTED_EDGE('',*,*,#12040,.T.);
#12040 = EDGE_CURVE('',#9955,#10042,#12041,.T.);
#12041 = LINE('',#12042,#12043);
#12042 = CARTESIAN_POINT('',(-0.1,2.4754,0.3));
#12043 = VECTOR('',#12044,1.);
#12044 = DIRECTION('',(1.,0.,0.));
#12045 = ORIENTED_EDGE('',*,*,#10049,.T.);
#12046 = ORIENTED_EDGE('',*,*,#12023,.F.);
#12047 = ORIENTED_EDGE('',*,*,#9962,.F.);
#12048 = PLANE('',#12049);
#12049 = AXIS2_PLACEMENT_3D('',#12050,#12051,#12052);
#12050 = CARTESIAN_POINT('',(-0.1,2.4754,0.3));
#12051 = DIRECTION('',(0.,0.,-1.));
#12052 = DIRECTION('',(0.,-1.,0.));
#12053 = ADVANCED_FACE('',(#12054),#12060,.F.);
#12054 = FACE_BOUND('',#12055,.F.);
#12055 = EDGE_LOOP('',(#12056,#12057,#12058,#12059));
#12056 = ORIENTED_EDGE('',*,*,#10534,.T.);
#12057 = ORIENTED_EDGE('',*,*,#10041,.T.);
#12058 = ORIENTED_EDGE('',*,*,#12040,.F.);
#12059 = ORIENTED_EDGE('',*,*,#9954,.F.);
#12060 = PLANE('',#12061);
#12061 = AXIS2_PLACEMENT_3D('',#12062,#12063,#12064);
#12062 = CARTESIAN_POINT('',(-0.1,2.4754,0.));
#12063 = DIRECTION('',(0.,-1.,0.));
#12064 = DIRECTION('',(0.,0.,1.));
#12065 = ADVANCED_FACE('',(#12066),#12077,.F.);
#12066 = FACE_BOUND('',#12067,.F.);
#12067 = EDGE_LOOP('',(#12068,#12074,#12075,#12076));
#12068 = ORIENTED_EDGE('',*,*,#12069,.T.);
#12069 = EDGE_CURVE('',#10145,#10232,#12070,.T.);
#12070 = LINE('',#12071,#12072);
#12071 = CARTESIAN_POINT('',(1.15,1.7754,0.65));
#12072 = VECTOR('',#12073,1.);
#12073 = DIRECTION('',(1.,0.,0.));
#12074 = ORIENTED_EDGE('',*,*,#10239,.T.);
#12075 = ORIENTED_EDGE('',*,*,#10184,.F.);
#12076 = ORIENTED_EDGE('',*,*,#10152,.F.);
#12077 = PLANE('',#12078);
#12078 = AXIS2_PLACEMENT_3D('',#12079,#12080,#12081);
#12079 = CARTESIAN_POINT('',(1.15,1.7754,0.65));
#12080 = DIRECTION('',(0.,0.,-1.));
#12081 = DIRECTION('',(0.,-1.,0.));
#12082 = ADVANCED_FACE('',(#12083),#12094,.F.);
#12083 = FACE_BOUND('',#12084,.F.);
#12084 = EDGE_LOOP('',(#12085,#12091,#12092,#12093));
#12085 = ORIENTED_EDGE('',*,*,#12086,.T.);
#12086 = EDGE_CURVE('',#10137,#10224,#12087,.T.);
#12087 = LINE('',#12088,#12089);
#12088 = CARTESIAN_POINT('',(1.15,1.7754,0.3));
#12089 = VECTOR('',#12090,1.);
#12090 = DIRECTION('',(1.,0.,0.));
#12091 = ORIENTED_EDGE('',*,*,#10231,.T.);
#12092 = ORIENTED_EDGE('',*,*,#12069,.F.);
#12093 = ORIENTED_EDGE('',*,*,#10144,.F.);
#12094 = PLANE('',#12095);
#12095 = AXIS2_PLACEMENT_3D('',#12096,#12097,#12098);
#12096 = CARTESIAN_POINT('',(1.15,1.7754,0.3));
#12097 = DIRECTION('',(0.,-1.,0.));
#12098 = DIRECTION('',(0.,0.,1.));
#12099 = ADVANCED_FACE('',(#12100),#12111,.F.);
#12100 = FACE_BOUND('',#12101,.F.);
#12101 = EDGE_LOOP('',(#12102,#12108,#12109,#12110));
#12102 = ORIENTED_EDGE('',*,*,#12103,.T.);
#12103 = EDGE_CURVE('',#10129,#10216,#12104,.T.);
#12104 = LINE('',#12105,#12106);
#12105 = CARTESIAN_POINT('',(1.15,2.4754,0.3));
#12106 = VECTOR('',#12107,1.);
#12107 = DIRECTION('',(1.,0.,0.));
#12108 = ORIENTED_EDGE('',*,*,#10223,.T.);
#12109 = ORIENTED_EDGE('',*,*,#12086,.F.);
#12110 = ORIENTED_EDGE('',*,*,#10136,.F.);
#12111 = PLANE('',#12112);
#12112 = AXIS2_PLACEMENT_3D('',#12113,#12114,#12115);
#12113 = CARTESIAN_POINT('',(1.15,2.4754,0.3));
#12114 = DIRECTION('',(0.,0.,-1.));
#12115 = DIRECTION('',(0.,-1.,0.));
#12116 = ADVANCED_FACE('',(#12117),#12123,.F.);
#12117 = FACE_BOUND('',#12118,.F.);
#12118 = EDGE_LOOP('',(#12119,#12120,#12121,#12122));
#12119 = ORIENTED_EDGE('',*,*,#10505,.T.);
#12120 = ORIENTED_EDGE('',*,*,#10215,.T.);
#12121 = ORIENTED_EDGE('',*,*,#12103,.F.);
#12122 = ORIENTED_EDGE('',*,*,#10128,.F.);
#12123 = PLANE('',#12124);
#12124 = AXIS2_PLACEMENT_3D('',#12125,#12126,#12127);
#12125 = CARTESIAN_POINT('',(1.15,2.4754,0.));
#12126 = DIRECTION('',(0.,-1.,0.));
#12127 = DIRECTION('',(0.,0.,1.));
#12128 = ADVANCED_FACE('',(#12129),#12140,.F.);
#12129 = FACE_BOUND('',#12130,.F.);
#12130 = EDGE_LOOP('',(#12131,#12137,#12138,#12139));
#12131 = ORIENTED_EDGE('',*,*,#12132,.T.);
#12132 = EDGE_CURVE('',#10319,#10406,#12133,.T.);
#12133 = LINE('',#12134,#12135);
#12134 = CARTESIAN_POINT('',(2.4,1.7754,0.65));
#12135 = VECTOR('',#12136,1.);
#12136 = DIRECTION('',(1.,0.,0.));
#12137 = ORIENTED_EDGE('',*,*,#10413,.T.);
#12138 = ORIENTED_EDGE('',*,*,#10358,.F.);
#12139 = ORIENTED_EDGE('',*,*,#10326,.F.);
#12140 = PLANE('',#12141);
#12141 = AXIS2_PLACEMENT_3D('',#12142,#12143,#12144);
#12142 = CARTESIAN_POINT('',(2.4,1.7754,0.65));
#12143 = DIRECTION('',(0.,0.,-1.));
#12144 = DIRECTION('',(0.,-1.,0.));
#12145 = ADVANCED_FACE('',(#12146),#12157,.F.);
#12146 = FACE_BOUND('',#12147,.F.);
#12147 = EDGE_LOOP('',(#12148,#12154,#12155,#12156));
#12148 = ORIENTED_EDGE('',*,*,#12149,.T.);
#12149 = EDGE_CURVE('',#10311,#10398,#12150,.T.);
#12150 = LINE('',#12151,#12152);
#12151 = CARTESIAN_POINT('',(2.4,1.7754,0.3));
#12152 = VECTOR('',#12153,1.);
#12153 = DIRECTION('',(1.,0.,0.));
#12154 = ORIENTED_EDGE('',*,*,#10405,.T.);
#12155 = ORIENTED_EDGE('',*,*,#12132,.F.);
#12156 = ORIENTED_EDGE('',*,*,#10318,.F.);
#12157 = PLANE('',#12158);
#12158 = AXIS2_PLACEMENT_3D('',#12159,#12160,#12161);
#12159 = CARTESIAN_POINT('',(2.4,1.7754,0.3));
#12160 = DIRECTION('',(0.,-1.,0.));
#12161 = DIRECTION('',(0.,0.,1.));
#12162 = ADVANCED_FACE('',(#12163),#12174,.F.);
#12163 = FACE_BOUND('',#12164,.F.);
#12164 = EDGE_LOOP('',(#12165,#12171,#12172,#12173));
#12165 = ORIENTED_EDGE('',*,*,#12166,.T.);
#12166 = EDGE_CURVE('',#10303,#10390,#12167,.T.);
#12167 = LINE('',#12168,#12169);
#12168 = CARTESIAN_POINT('',(2.4,2.4754,0.3));
#12169 = VECTOR('',#12170,1.);
#12170 = DIRECTION('',(1.,0.,0.));
#12171 = ORIENTED_EDGE('',*,*,#10397,.T.);
#12172 = ORIENTED_EDGE('',*,*,#12149,.F.);
#12173 = ORIENTED_EDGE('',*,*,#10310,.F.);
#12174 = PLANE('',#12175);
#12175 = AXIS2_PLACEMENT_3D('',#12176,#12177,#12178);
#12176 = CARTESIAN_POINT('',(2.4,2.4754,0.3));
#12177 = DIRECTION('',(0.,0.,-1.));
#12178 = DIRECTION('',(0.,-1.,0.));
#12179 = ADVANCED_FACE('',(#12180),#12186,.F.);
#12180 = FACE_BOUND('',#12181,.F.);
#12181 = EDGE_LOOP('',(#12182,#12183,#12184,#12185));
#12182 = ORIENTED_EDGE('',*,*,#10476,.T.);
#12183 = ORIENTED_EDGE('',*,*,#10389,.T.);
#12184 = ORIENTED_EDGE('',*,*,#12166,.F.);
#12185 = ORIENTED_EDGE('',*,*,#10302,.F.);
#12186 = PLANE('',#12187);
#12187 = AXIS2_PLACEMENT_3D('',#12188,#12189,#12190);
#12188 = CARTESIAN_POINT('',(2.4,2.4754,0.));
#12189 = DIRECTION('',(0.,-1.,0.));
#12190 = DIRECTION('',(0.,0.,1.));
#12191 = ADVANCED_FACE('',(#12192),#12198,.F.);
#12192 = FACE_BOUND('',#12193,.F.);
#12193 = EDGE_LOOP('',(#12194,#12195,#12196,#12197));
#12194 = ORIENTED_EDGE('',*,*,#10846,.F.);
#12195 = ORIENTED_EDGE('',*,*,#10636,.T.);
#12196 = ORIENTED_EDGE('',*,*,#10798,.F.);
#12197 = ORIENTED_EDGE('',*,*,#10832,.F.);
#12198 = PLANE('',#12199);
#12199 = AXIS2_PLACEMENT_3D('',#12200,#12201,#12202);
#12200 = CARTESIAN_POINT('',(4.25,-1.602142857143,0.712857142857));
#12201 = DIRECTION('',(-1.,1.11927691467E-30,1.146375123746E-30));
#12202 = DIRECTION('',(-1.146375123746E-30,-2.22044604925E-16,-1.));
#12203 = ADVANCED_FACE('',(#12204),#12215,.F.);
#12204 = FACE_BOUND('',#12205,.F.);
#12205 = EDGE_LOOP('',(#12206,#12207,#12213,#12214));
#12206 = ORIENTED_EDGE('',*,*,#11381,.F.);
#12207 = ORIENTED_EDGE('',*,*,#12208,.T.);
#12208 = EDGE_CURVE('',#11374,#11484,#12209,.T.);
#12209 = LINE('',#12210,#12211);
#12210 = CARTESIAN_POINT('',(-2.6,-1.8446,1.7396));
#12211 = VECTOR('',#12212,1.);
#12212 = DIRECTION('',(1.,0.,0.));
#12213 = ORIENTED_EDGE('',*,*,#11491,.T.);
#12214 = ORIENTED_EDGE('',*,*,#11073,.T.);
#12215 = PLANE('',#12216);
#12216 = AXIS2_PLACEMENT_3D('',#12217,#12218,#12219);
#12217 = CARTESIAN_POINT('',(-2.6,-1.8446,1.7396));
#12218 = DIRECTION('',(0.,0.,1.));
#12219 = DIRECTION('',(0.,1.,0.));
#12220 = ADVANCED_FACE('',(#12221),#12232,.F.);
#12221 = FACE_BOUND('',#12222,.F.);
#12222 = EDGE_LOOP('',(#12223,#12224,#12230,#12231));
#12223 = ORIENTED_EDGE('',*,*,#11615,.F.);
#12224 = ORIENTED_EDGE('',*,*,#12225,.T.);
#12225 = EDGE_CURVE('',#11608,#11718,#12226,.T.);
#12226 = LINE('',#12227,#12228);
#12227 = CARTESIAN_POINT('',(-1.35,-1.8446,1.7396));
#12228 = VECTOR('',#12229,1.);
#12229 = DIRECTION('',(1.,0.,0.));
#12230 = ORIENTED_EDGE('',*,*,#11725,.T.);
#12231 = ORIENTED_EDGE('',*,*,#11046,.T.);
#12232 = PLANE('',#12233);
#12233 = AXIS2_PLACEMENT_3D('',#12234,#12235,#12236);
#12234 = CARTESIAN_POINT('',(-1.35,-1.8446,1.7396));
#12235 = DIRECTION('',(0.,0.,1.));
#12236 = DIRECTION('',(0.,1.,0.));
#12237 = ADVANCED_FACE('',(#12238),#12249,.F.);
#12238 = FACE_BOUND('',#12239,.F.);
#12239 = EDGE_LOOP('',(#12240,#12241,#12247,#12248));
#12240 = ORIENTED_EDGE('',*,*,#11842,.F.);
#12241 = ORIENTED_EDGE('',*,*,#12242,.T.);
#12242 = EDGE_CURVE('',#11835,#11750,#12243,.T.);
#12243 = LINE('',#12244,#12245);
#12244 = CARTESIAN_POINT('',(-0.1,-1.8446,1.7396));
#12245 = VECTOR('',#12246,1.);
#12246 = DIRECTION('',(1.,0.,0.));
#12247 = ORIENTED_EDGE('',*,*,#11757,.T.);
#12248 = ORIENTED_EDGE('',*,*,#11019,.T.);
#12249 = PLANE('',#12250);
#12250 = AXIS2_PLACEMENT_3D('',#12251,#12252,#12253);
#12251 = CARTESIAN_POINT('',(-0.1,-1.8446,1.7396));
#12252 = DIRECTION('',(0.,0.,1.));
#12253 = DIRECTION('',(0.,1.,0.));
#12254 = ADVANCED_FACE('',(#12255),#12266,.F.);
#12255 = FACE_BOUND('',#12256,.F.);
#12256 = EDGE_LOOP('',(#12257,#12258,#12264,#12265));
#12257 = ORIENTED_EDGE('',*,*,#11700,.F.);
#12258 = ORIENTED_EDGE('',*,*,#12259,.T.);
#12259 = EDGE_CURVE('',#11693,#11516,#12260,.T.);
#12260 = LINE('',#12261,#12262);
#12261 = CARTESIAN_POINT('',(1.15,-1.8446,1.7396));
#12262 = VECTOR('',#12263,1.);
#12263 = DIRECTION('',(1.,0.,0.));
#12264 = ORIENTED_EDGE('',*,*,#11523,.T.);
#12265 = ORIENTED_EDGE('',*,*,#10992,.T.);
#12266 = PLANE('',#12267);
#12267 = AXIS2_PLACEMENT_3D('',#12268,#12269,#12270);
#12268 = CARTESIAN_POINT('',(1.15,-1.8446,1.7396));
#12269 = DIRECTION('',(0.,0.,1.));
#12270 = DIRECTION('',(0.,1.,0.));
#12271 = ADVANCED_FACE('',(#12272),#12283,.F.);
#12272 = FACE_BOUND('',#12273,.F.);
#12273 = EDGE_LOOP('',(#12274,#12275,#12281,#12282));
#12274 = ORIENTED_EDGE('',*,*,#11466,.F.);
#12275 = ORIENTED_EDGE('',*,*,#12276,.T.);
#12276 = EDGE_CURVE('',#11459,#11282,#12277,.T.);
#12277 = LINE('',#12278,#12279);
#12278 = CARTESIAN_POINT('',(2.4,-1.8446,1.7396));
#12279 = VECTOR('',#12280,1.);
#12280 = DIRECTION('',(1.,0.,0.));
#12281 = ORIENTED_EDGE('',*,*,#11289,.T.);
#12282 = ORIENTED_EDGE('',*,*,#10965,.T.);
#12283 = PLANE('',#12284);
#12284 = AXIS2_PLACEMENT_3D('',#12285,#12286,#12287);
#12285 = CARTESIAN_POINT('',(2.4,-1.8446,1.7396));
#12286 = DIRECTION('',(0.,0.,1.));
#12287 = DIRECTION('',(0.,1.,0.));
#12288 = ADVANCED_FACE('',(#12289),#12322,.F.);
#12289 = FACE_BOUND('',#12290,.F.);
#12290 = EDGE_LOOP('',(#12291,#12299,#12300,#12308,#12316));
#12291 = ORIENTED_EDGE('',*,*,#12292,.T.);
#12292 = EDGE_CURVE('',#12293,#11096,#12295,.T.);
#12293 = VERTEX_POINT('',#12294);
#12294 = CARTESIAN_POINT('',(-0.1,-2.0946,0.6696));
#12295 = LINE('',#12296,#12297);
#12296 = CARTESIAN_POINT('',(-0.1,-2.0946,0.6696));
#12297 = VECTOR('',#12298,1.);
#12298 = DIRECTION('',(0.,1.,0.));
#12299 = ORIENTED_EDGE('',*,*,#11095,.T.);
#12300 = ORIENTED_EDGE('',*,*,#12301,.T.);
#12301 = EDGE_CURVE('',#11098,#12302,#12304,.T.);
#12302 = VERTEX_POINT('',#12303);
#12303 = CARTESIAN_POINT('',(-0.1,-1.6946,0.9996));
#12304 = LINE('',#12305,#12306);
#12305 = CARTESIAN_POINT('',(-0.1,0.7054,0.9996));
#12306 = VECTOR('',#12307,1.);
#12307 = DIRECTION('',(0.,-1.,0.));
#12308 = ORIENTED_EDGE('',*,*,#12309,.T.);
#12309 = EDGE_CURVE('',#12302,#12310,#12312,.T.);
#12310 = VERTEX_POINT('',#12311);
#12311 = CARTESIAN_POINT('',(-0.1,-2.0946,0.8396));
#12312 = LINE('',#12313,#12314);
#12313 = CARTESIAN_POINT('',(-0.1,-1.6946,0.9996));
#12314 = VECTOR('',#12315,1.);
#12315 = DIRECTION('',(0.,-0.928476690885,-0.371390676354));
#12316 = ORIENTED_EDGE('',*,*,#12317,.T.);
#12317 = EDGE_CURVE('',#12310,#12293,#12318,.T.);
#12318 = LINE('',#12319,#12320);
#12319 = CARTESIAN_POINT('',(-0.1,-2.0946,0.8396));
#12320 = VECTOR('',#12321,1.);
#12321 = DIRECTION('',(0.,0.,-1.));
#12322 = PLANE('',#12323);
#12323 = AXIS2_PLACEMENT_3D('',#12324,#12325,#12326);
#12324 = CARTESIAN_POINT('',(-0.1,1.293108022955E-02,1.127283611688));
#12325 = DIRECTION('',(1.,9.003329844341E-33,9.245679891946E-32));
#12326 = DIRECTION('',(-9.245679891946E-32,0.,1.));
#12327 = ADVANCED_FACE('',(#12328),#12346,.F.);
#12328 = FACE_BOUND('',#12329,.F.);
#12329 = EDGE_LOOP('',(#12330,#12331,#12339,#12345));
#12330 = ORIENTED_EDGE('',*,*,#12292,.F.);
#12331 = ORIENTED_EDGE('',*,*,#12332,.T.);
#12332 = EDGE_CURVE('',#12293,#12333,#12335,.T.);
#12333 = VERTEX_POINT('',#12334);
#12334 = CARTESIAN_POINT('',(0.1,-2.0946,0.6696));
#12335 = LINE('',#12336,#12337);
#12336 = CARTESIAN_POINT('',(-0.1,-2.0946,0.6696));
#12337 = VECTOR('',#12338,1.);
#12338 = DIRECTION('',(1.,0.,0.));
#12339 = ORIENTED_EDGE('',*,*,#12340,.T.);
#12340 = EDGE_CURVE('',#12333,#11114,#12341,.T.);
#12341 = LINE('',#12342,#12343);
#12342 = CARTESIAN_POINT('',(0.1,-2.0946,0.6696));
#12343 = VECTOR('',#12344,1.);
#12344 = DIRECTION('',(0.,1.,0.));
#12345 = ORIENTED_EDGE('',*,*,#11121,.T.);
#12346 = PLANE('',#12347);
#12347 = AXIS2_PLACEMENT_3D('',#12348,#12349,#12350);
#12348 = CARTESIAN_POINT('',(-0.1,-2.0946,0.6696));
#12349 = DIRECTION('',(0.,0.,1.));
#12350 = DIRECTION('',(0.,1.,0.));
#12351 = ADVANCED_FACE('',(#12352),#12378,.T.);
#12352 = FACE_BOUND('',#12353,.T.);
#12353 = EDGE_LOOP('',(#12354,#12355,#12356,#12364,#12372));
#12354 = ORIENTED_EDGE('',*,*,#12340,.T.);
#12355 = ORIENTED_EDGE('',*,*,#11113,.T.);
#12356 = ORIENTED_EDGE('',*,*,#12357,.T.);
#12357 = EDGE_CURVE('',#11106,#12358,#12360,.T.);
#12358 = VERTEX_POINT('',#12359);
#12359 = CARTESIAN_POINT('',(0.1,-1.6946,0.9996));
#12360 = LINE('',#12361,#12362);
#12361 = CARTESIAN_POINT('',(0.1,0.7054,0.9996));
#12362 = VECTOR('',#12363,1.);
#12363 = DIRECTION('',(0.,-1.,0.));
#12364 = ORIENTED_EDGE('',*,*,#12365,.T.);
#12365 = EDGE_CURVE('',#12358,#12366,#12368,.T.);
#12366 = VERTEX_POINT('',#12367);
#12367 = CARTESIAN_POINT('',(0.1,-2.0946,0.8396));
#12368 = LINE('',#12369,#12370);
#12369 = CARTESIAN_POINT('',(0.1,-1.6946,0.9996));
#12370 = VECTOR('',#12371,1.);
#12371 = DIRECTION('',(0.,-0.928476690885,-0.371390676354));
#12372 = ORIENTED_EDGE('',*,*,#12373,.T.);
#12373 = EDGE_CURVE('',#12366,#12333,#12374,.T.);
#12374 = LINE('',#12375,#12376);
#12375 = CARTESIAN_POINT('',(0.1,-2.0946,0.8396));
#12376 = VECTOR('',#12377,1.);
#12377 = DIRECTION('',(0.,0.,-1.));
#12378 = PLANE('',#12379);
#12379 = AXIS2_PLACEMENT_3D('',#12380,#12381,#12382);
#12380 = CARTESIAN_POINT('',(0.1,1.293108022955E-02,1.127283611688));
#12381 = DIRECTION('',(1.,9.003329844341E-33,9.245679891946E-32));
#12382 = DIRECTION('',(-9.245679891946E-32,0.,1.));
#12383 = ADVANCED_FACE('',(#12384),#12395,.F.);
#12384 = FACE_BOUND('',#12385,.F.);
#12385 = EDGE_LOOP('',(#12386,#12387,#12388,#12389));
#12386 = ORIENTED_EDGE('',*,*,#12301,.F.);
#12387 = ORIENTED_EDGE('',*,*,#11105,.T.);
#12388 = ORIENTED_EDGE('',*,*,#12357,.T.);
#12389 = ORIENTED_EDGE('',*,*,#12390,.F.);
#12390 = EDGE_CURVE('',#12302,#12358,#12391,.T.);
#12391 = LINE('',#12392,#12393);
#12392 = CARTESIAN_POINT('',(-0.1,-1.6946,0.9996));
#12393 = VECTOR('',#12394,1.);
#12394 = DIRECTION('',(1.,0.,0.));
#12395 = PLANE('',#12396);
#12396 = AXIS2_PLACEMENT_3D('',#12397,#12398,#12399);
#12397 = CARTESIAN_POINT('',(-0.1,0.7054,0.9996));
#12398 = DIRECTION('',(0.,0.,-1.));
#12399 = DIRECTION('',(0.,-1.,0.));
#12400 = ADVANCED_FACE('',(#12401),#12434,.F.);
#12401 = FACE_BOUND('',#12402,.F.);
#12402 = EDGE_LOOP('',(#12403,#12411,#12412,#12420,#12428));
#12403 = ORIENTED_EDGE('',*,*,#12404,.T.);
#12404 = EDGE_CURVE('',#12405,#11130,#12407,.T.);
#12405 = VERTEX_POINT('',#12406);
#12406 = CARTESIAN_POINT('',(-1.35,-2.0946,0.6696));
#12407 = LINE('',#12408,#12409);
#12408 = CARTESIAN_POINT('',(-1.35,-2.0946,0.6696));
#12409 = VECTOR('',#12410,1.);
#12410 = DIRECTION('',(0.,1.,0.));
#12411 = ORIENTED_EDGE('',*,*,#11129,.T.);
#12412 = ORIENTED_EDGE('',*,*,#12413,.T.);
#12413 = EDGE_CURVE('',#11132,#12414,#12416,.T.);
#12414 = VERTEX_POINT('',#12415);
#12415 = CARTESIAN_POINT('',(-1.35,-1.6946,0.9996));
#12416 = LINE('',#12417,#12418);
#12417 = CARTESIAN_POINT('',(-1.35,0.7054,0.9996));
#12418 = VECTOR('',#12419,1.);
#12419 = DIRECTION('',(0.,-1.,0.));
#12420 = ORIENTED_EDGE('',*,*,#12421,.T.);
#12421 = EDGE_CURVE('',#12414,#12422,#12424,.T.);
#12422 = VERTEX_POINT('',#12423);
#12423 = CARTESIAN_POINT('',(-1.35,-2.0946,0.8396));
#12424 = LINE('',#12425,#12426);
#12425 = CARTESIAN_POINT('',(-1.35,-1.6946,0.9996));
#12426 = VECTOR('',#12427,1.);
#12427 = DIRECTION('',(0.,-0.928476690885,-0.371390676354));
#12428 = ORIENTED_EDGE('',*,*,#12429,.T.);
#12429 = EDGE_CURVE('',#12422,#12405,#12430,.T.);
#12430 = LINE('',#12431,#12432);
#12431 = CARTESIAN_POINT('',(-1.35,-2.0946,0.8396));
#12432 = VECTOR('',#12433,1.);
#12433 = DIRECTION('',(0.,0.,-1.));
#12434 = PLANE('',#12435);
#12435 = AXIS2_PLACEMENT_3D('',#12436,#12437,#12438);
#12436 = CARTESIAN_POINT('',(-1.35,1.293108022955E-02,1.127283611688));
#12437 = DIRECTION('',(1.,9.003329844341E-33,9.245679891946E-32));
#12438 = DIRECTION('',(-9.245679891946E-32,0.,1.));
#12439 = ADVANCED_FACE('',(#12440),#12458,.F.);
#12440 = FACE_BOUND('',#12441,.F.);
#12441 = EDGE_LOOP('',(#12442,#12443,#12451,#12457));
#12442 = ORIENTED_EDGE('',*,*,#12404,.F.);
#12443 = ORIENTED_EDGE('',*,*,#12444,.T.);
#12444 = EDGE_CURVE('',#12405,#12445,#12447,.T.);
#12445 = VERTEX_POINT('',#12446);
#12446 = CARTESIAN_POINT('',(-1.15,-2.0946,0.6696));
#12447 = LINE('',#12448,#12449);
#12448 = CARTESIAN_POINT('',(-1.35,-2.0946,0.6696));
#12449 = VECTOR('',#12450,1.);
#12450 = DIRECTION('',(1.,0.,0.));
#12451 = ORIENTED_EDGE('',*,*,#12452,.T.);
#12452 = EDGE_CURVE('',#12445,#11148,#12453,.T.);
#12453 = LINE('',#12454,#12455);
#12454 = CARTESIAN_POINT('',(-1.15,-2.0946,0.6696));
#12455 = VECTOR('',#12456,1.);
#12456 = DIRECTION('',(0.,1.,0.));
#12457 = ORIENTED_EDGE('',*,*,#11155,.T.);
#12458 = PLANE('',#12459);
#12459 = AXIS2_PLACEMENT_3D('',#12460,#12461,#12462);
#12460 = CARTESIAN_POINT('',(-1.35,-2.0946,0.6696));
#12461 = DIRECTION('',(0.,0.,1.));
#12462 = DIRECTION('',(0.,1.,0.));
#12463 = ADVANCED_FACE('',(#12464),#12490,.T.);
#12464 = FACE_BOUND('',#12465,.T.);
#12465 = EDGE_LOOP('',(#12466,#12467,#12468,#12476,#12484));
#12466 = ORIENTED_EDGE('',*,*,#12452,.T.);
#12467 = ORIENTED_EDGE('',*,*,#11147,.T.);
#12468 = ORIENTED_EDGE('',*,*,#12469,.T.);
#12469 = EDGE_CURVE('',#11140,#12470,#12472,.T.);
#12470 = VERTEX_POINT('',#12471);
#12471 = CARTESIAN_POINT('',(-1.15,-1.6946,0.9996));
#12472 = LINE('',#12473,#12474);
#12473 = CARTESIAN_POINT('',(-1.15,0.7054,0.9996));
#12474 = VECTOR('',#12475,1.);
#12475 = DIRECTION('',(0.,-1.,0.));
#12476 = ORIENTED_EDGE('',*,*,#12477,.T.);
#12477 = EDGE_CURVE('',#12470,#12478,#12480,.T.);
#12478 = VERTEX_POINT('',#12479);
#12479 = CARTESIAN_POINT('',(-1.15,-2.0946,0.8396));
#12480 = LINE('',#12481,#12482);
#12481 = CARTESIAN_POINT('',(-1.15,-1.6946,0.9996));
#12482 = VECTOR('',#12483,1.);
#12483 = DIRECTION('',(0.,-0.928476690885,-0.371390676354));
#12484 = ORIENTED_EDGE('',*,*,#12485,.T.);
#12485 = EDGE_CURVE('',#12478,#12445,#12486,.T.);
#12486 = LINE('',#12487,#12488);
#12487 = CARTESIAN_POINT('',(-1.15,-2.0946,0.8396));
#12488 = VECTOR('',#12489,1.);
#12489 = DIRECTION('',(0.,0.,-1.));
#12490 = PLANE('',#12491);
#12491 = AXIS2_PLACEMENT_3D('',#12492,#12493,#12494);
#12492 = CARTESIAN_POINT('',(-1.15,1.293108022955E-02,1.127283611688));
#12493 = DIRECTION('',(1.,9.003329844341E-33,9.245679891946E-32));
#12494 = DIRECTION('',(-9.245679891946E-32,0.,1.));
#12495 = ADVANCED_FACE('',(#12496),#12507,.F.);
#12496 = FACE_BOUND('',#12497,.F.);
#12497 = EDGE_LOOP('',(#12498,#12499,#12500,#12501));
#12498 = ORIENTED_EDGE('',*,*,#12413,.F.);
#12499 = ORIENTED_EDGE('',*,*,#11139,.T.);
#12500 = ORIENTED_EDGE('',*,*,#12469,.T.);
#12501 = ORIENTED_EDGE('',*,*,#12502,.F.);
#12502 = EDGE_CURVE('',#12414,#12470,#12503,.T.);
#12503 = LINE('',#12504,#12505);
#12504 = CARTESIAN_POINT('',(-1.35,-1.6946,0.9996));
#12505 = VECTOR('',#12506,1.);
#12506 = DIRECTION('',(1.,0.,0.));
#12507 = PLANE('',#12508);
#12508 = AXIS2_PLACEMENT_3D('',#12509,#12510,#12511);
#12509 = CARTESIAN_POINT('',(-1.35,0.7054,0.9996));
#12510 = DIRECTION('',(0.,0.,-1.));
#12511 = DIRECTION('',(0.,-1.,0.));
#12512 = ADVANCED_FACE('',(#12513),#12538,.F.);
#12513 = FACE_BOUND('',#12514,.F.);
#12514 = EDGE_LOOP('',(#12515,#12523,#12531,#12537));
#12515 = ORIENTED_EDGE('',*,*,#12516,.F.);
#12516 = EDGE_CURVE('',#12517,#11166,#12519,.T.);
#12517 = VERTEX_POINT('',#12518);
#12518 = CARTESIAN_POINT('',(-2.6,-2.0946,0.6696));
#12519 = LINE('',#12520,#12521);
#12520 = CARTESIAN_POINT('',(-2.6,-2.0946,0.6696));
#12521 = VECTOR('',#12522,1.);
#12522 = DIRECTION('',(0.,1.,0.));
#12523 = ORIENTED_EDGE('',*,*,#12524,.T.);
#12524 = EDGE_CURVE('',#12517,#12525,#12527,.T.);
#12525 = VERTEX_POINT('',#12526);
#12526 = CARTESIAN_POINT('',(-2.4,-2.0946,0.6696));
#12527 = LINE('',#12528,#12529);
#12528 = CARTESIAN_POINT('',(-2.6,-2.0946,0.6696));
#12529 = VECTOR('',#12530,1.);
#12530 = DIRECTION('',(1.,0.,0.));
#12531 = ORIENTED_EDGE('',*,*,#12532,.T.);
#12532 = EDGE_CURVE('',#12525,#11164,#12533,.T.);
#12533 = LINE('',#12534,#12535);
#12534 = CARTESIAN_POINT('',(-2.4,-2.0946,0.6696));
#12535 = VECTOR('',#12536,1.);
#12536 = DIRECTION('',(0.,1.,0.));
#12537 = ORIENTED_EDGE('',*,*,#11163,.T.);
#12538 = PLANE('',#12539);
#12539 = AXIS2_PLACEMENT_3D('',#12540,#12541,#12542);
#12540 = CARTESIAN_POINT('',(-2.6,-2.0946,0.6696));
#12541 = DIRECTION('',(0.,0.,1.));
#12542 = DIRECTION('',(0.,1.,0.));
#12543 = ADVANCED_FACE('',(#12544),#12570,.T.);
#12544 = FACE_BOUND('',#12545,.T.);
#12545 = EDGE_LOOP('',(#12546,#12547,#12548,#12556,#12564));
#12546 = ORIENTED_EDGE('',*,*,#12532,.T.);
#12547 = ORIENTED_EDGE('',*,*,#11189,.T.);
#12548 = ORIENTED_EDGE('',*,*,#12549,.T.);
#12549 = EDGE_CURVE('',#11182,#12550,#12552,.T.);
#12550 = VERTEX_POINT('',#12551);
#12551 = CARTESIAN_POINT('',(-2.4,-1.6946,0.9996));
#12552 = LINE('',#12553,#12554);
#12553 = CARTESIAN_POINT('',(-2.4,0.7054,0.9996));
#12554 = VECTOR('',#12555,1.);
#12555 = DIRECTION('',(0.,-1.,0.));
#12556 = ORIENTED_EDGE('',*,*,#12557,.T.);
#12557 = EDGE_CURVE('',#12550,#12558,#12560,.T.);
#12558 = VERTEX_POINT('',#12559);
#12559 = CARTESIAN_POINT('',(-2.4,-2.0946,0.8396));
#12560 = LINE('',#12561,#12562);
#12561 = CARTESIAN_POINT('',(-2.4,-1.6946,0.9996));
#12562 = VECTOR('',#12563,1.);
#12563 = DIRECTION('',(0.,-0.928476690885,-0.371390676354));
#12564 = ORIENTED_EDGE('',*,*,#12565,.T.);
#12565 = EDGE_CURVE('',#12558,#12525,#12566,.T.);
#12566 = LINE('',#12567,#12568);
#12567 = CARTESIAN_POINT('',(-2.4,-2.0946,0.8396));
#12568 = VECTOR('',#12569,1.);
#12569 = DIRECTION('',(0.,0.,-1.));
#12570 = PLANE('',#12571);
#12571 = AXIS2_PLACEMENT_3D('',#12572,#12573,#12574);
#12572 = CARTESIAN_POINT('',(-2.4,1.293108022955E-02,1.127283611688));
#12573 = DIRECTION('',(1.,9.003329844341E-33,9.245679891946E-32));
#12574 = DIRECTION('',(-9.245679891946E-32,0.,1.));
#12575 = ADVANCED_FACE('',(#12576),#12594,.F.);
#12576 = FACE_BOUND('',#12577,.F.);
#12577 = EDGE_LOOP('',(#12578,#12586,#12587,#12588));
#12578 = ORIENTED_EDGE('',*,*,#12579,.F.);
#12579 = EDGE_CURVE('',#11174,#12580,#12582,.T.);
#12580 = VERTEX_POINT('',#12581);
#12581 = CARTESIAN_POINT('',(-2.6,-1.6946,0.9996));
#12582 = LINE('',#12583,#12584);
#12583 = CARTESIAN_POINT('',(-2.6,0.7054,0.9996));
#12584 = VECTOR('',#12585,1.);
#12585 = DIRECTION('',(0.,-1.,0.));
#12586 = ORIENTED_EDGE('',*,*,#11181,.T.);
#12587 = ORIENTED_EDGE('',*,*,#12549,.T.);
#12588 = ORIENTED_EDGE('',*,*,#12589,.F.);
#12589 = EDGE_CURVE('',#12580,#12550,#12590,.T.);
#12590 = LINE('',#12591,#12592);
#12591 = CARTESIAN_POINT('',(-2.6,-1.6946,0.9996));
#12592 = VECTOR('',#12593,1.);
#12593 = DIRECTION('',(1.,0.,0.));
#12594 = PLANE('',#12595);
#12595 = AXIS2_PLACEMENT_3D('',#12596,#12597,#12598);
#12596 = CARTESIAN_POINT('',(-2.6,0.7054,0.9996));
#12597 = DIRECTION('',(0.,0.,-1.));
#12598 = DIRECTION('',(0.,-1.,0.));
#12599 = ADVANCED_FACE('',(#12600),#12619,.F.);
#12600 = FACE_BOUND('',#12601,.F.);
#12601 = EDGE_LOOP('',(#12602,#12603,#12604,#12605,#12613));
#12602 = ORIENTED_EDGE('',*,*,#12516,.T.);
#12603 = ORIENTED_EDGE('',*,*,#11173,.T.);
#12604 = ORIENTED_EDGE('',*,*,#12579,.T.);
#12605 = ORIENTED_EDGE('',*,*,#12606,.T.);
#12606 = EDGE_CURVE('',#12580,#12607,#12609,.T.);
#12607 = VERTEX_POINT('',#12608);
#12608 = CARTESIAN_POINT('',(-2.6,-2.0946,0.8396));
#12609 = LINE('',#12610,#12611);
#12610 = CARTESIAN_POINT('',(-2.6,-1.6946,0.9996));
#12611 = VECTOR('',#12612,1.);
#12612 = DIRECTION('',(0.,-0.928476690885,-0.371390676354));
#12613 = ORIENTED_EDGE('',*,*,#12614,.T.);
#12614 = EDGE_CURVE('',#12607,#12517,#12615,.T.);
#12615 = LINE('',#12616,#12617);
#12616 = CARTESIAN_POINT('',(-2.6,-2.0946,0.8396));
#12617 = VECTOR('',#12618,1.);
#12618 = DIRECTION('',(0.,0.,-1.));
#12619 = PLANE('',#12620);
#12620 = AXIS2_PLACEMENT_3D('',#12621,#12622,#12623);
#12621 = CARTESIAN_POINT('',(-2.6,1.293108022955E-02,1.127283611688));
#12622 = DIRECTION('',(1.,9.003329844341E-33,9.245679891946E-32));
#12623 = DIRECTION('',(-9.245679891946E-32,0.,1.));
#12624 = ADVANCED_FACE('',(#12625),#12658,.F.);
#12625 = FACE_BOUND('',#12626,.F.);
#12626 = EDGE_LOOP('',(#12627,#12635,#12636,#12644,#12652));
#12627 = ORIENTED_EDGE('',*,*,#12628,.T.);
#12628 = EDGE_CURVE('',#12629,#11198,#12631,.T.);
#12629 = VERTEX_POINT('',#12630);
#12630 = CARTESIAN_POINT('',(1.15,-2.0946,0.6696));
#12631 = LINE('',#12632,#12633);
#12632 = CARTESIAN_POINT('',(1.15,-2.0946,0.6696));
#12633 = VECTOR('',#12634,1.);
#12634 = DIRECTION('',(0.,1.,0.));
#12635 = ORIENTED_EDGE('',*,*,#11197,.T.);
#12636 = ORIENTED_EDGE('',*,*,#12637,.T.);
#12637 = EDGE_CURVE('',#11200,#12638,#12640,.T.);
#12638 = VERTEX_POINT('',#12639);
#12639 = CARTESIAN_POINT('',(1.15,-1.6946,0.9996));
#12640 = LINE('',#12641,#12642);
#12641 = CARTESIAN_POINT('',(1.15,0.7054,0.9996));
#12642 = VECTOR('',#12643,1.);
#12643 = DIRECTION('',(0.,-1.,0.));
#12644 = ORIENTED_EDGE('',*,*,#12645,.T.);
#12645 = EDGE_CURVE('',#12638,#12646,#12648,.T.);
#12646 = VERTEX_POINT('',#12647);
#12647 = CARTESIAN_POINT('',(1.15,-2.0946,0.8396));
#12648 = LINE('',#12649,#12650);
#12649 = CARTESIAN_POINT('',(1.15,-1.6946,0.9996));
#12650 = VECTOR('',#12651,1.);
#12651 = DIRECTION('',(0.,-0.928476690885,-0.371390676354));
#12652 = ORIENTED_EDGE('',*,*,#12653,.T.);
#12653 = EDGE_CURVE('',#12646,#12629,#12654,.T.);
#12654 = LINE('',#12655,#12656);
#12655 = CARTESIAN_POINT('',(1.15,-2.0946,0.8396));
#12656 = VECTOR('',#12657,1.);
#12657 = DIRECTION('',(0.,0.,-1.));
#12658 = PLANE('',#12659);
#12659 = AXIS2_PLACEMENT_3D('',#12660,#12661,#12662);
#12660 = CARTESIAN_POINT('',(1.15,1.293108022955E-02,1.127283611688));
#12661 = DIRECTION('',(1.,9.003329844341E-33,9.245679891946E-32));
#12662 = DIRECTION('',(-9.245679891946E-32,0.,1.));
#12663 = ADVANCED_FACE('',(#12664),#12682,.F.);
#12664 = FACE_BOUND('',#12665,.F.);
#12665 = EDGE_LOOP('',(#12666,#12667,#12675,#12681));
#12666 = ORIENTED_EDGE('',*,*,#12628,.F.);
#12667 = ORIENTED_EDGE('',*,*,#12668,.T.);
#12668 = EDGE_CURVE('',#12629,#12669,#12671,.T.);
#12669 = VERTEX_POINT('',#12670);
#12670 = CARTESIAN_POINT('',(1.35,-2.0946,0.6696));
#12671 = LINE('',#12672,#12673);
#12672 = CARTESIAN_POINT('',(1.15,-2.0946,0.6696));
#12673 = VECTOR('',#12674,1.);
#12674 = DIRECTION('',(1.,0.,0.));
#12675 = ORIENTED_EDGE('',*,*,#12676,.T.);
#12676 = EDGE_CURVE('',#12669,#11216,#12677,.T.);
#12677 = LINE('',#12678,#12679);
#12678 = CARTESIAN_POINT('',(1.35,-2.0946,0.6696));
#12679 = VECTOR('',#12680,1.);
#12680 = DIRECTION('',(0.,1.,0.));
#12681 = ORIENTED_EDGE('',*,*,#11223,.T.);
#12682 = PLANE('',#12683);
#12683 = AXIS2_PLACEMENT_3D('',#12684,#12685,#12686);
#12684 = CARTESIAN_POINT('',(1.15,-2.0946,0.6696));
#12685 = DIRECTION('',(0.,0.,1.));
#12686 = DIRECTION('',(0.,1.,0.));
#12687 = ADVANCED_FACE('',(#12688),#12714,.T.);
#12688 = FACE_BOUND('',#12689,.T.);
#12689 = EDGE_LOOP('',(#12690,#12691,#12692,#12700,#12708));
#12690 = ORIENTED_EDGE('',*,*,#12676,.T.);
#12691 = ORIENTED_EDGE('',*,*,#11215,.T.);
#12692 = ORIENTED_EDGE('',*,*,#12693,.T.);
#12693 = EDGE_CURVE('',#11208,#12694,#12696,.T.);
#12694 = VERTEX_POINT('',#12695);
#12695 = CARTESIAN_POINT('',(1.35,-1.6946,0.9996));
#12696 = LINE('',#12697,#12698);
#12697 = CARTESIAN_POINT('',(1.35,0.7054,0.9996));
#12698 = VECTOR('',#12699,1.);
#12699 = DIRECTION('',(0.,-1.,0.));
#12700 = ORIENTED_EDGE('',*,*,#12701,.T.);
#12701 = EDGE_CURVE('',#12694,#12702,#12704,.T.);
#12702 = VERTEX_POINT('',#12703);
#12703 = CARTESIAN_POINT('',(1.35,-2.0946,0.8396));
#12704 = LINE('',#12705,#12706);
#12705 = CARTESIAN_POINT('',(1.35,-1.6946,0.9996));
#12706 = VECTOR('',#12707,1.);
#12707 = DIRECTION('',(0.,-0.928476690885,-0.371390676354));
#12708 = ORIENTED_EDGE('',*,*,#12709,.T.);
#12709 = EDGE_CURVE('',#12702,#12669,#12710,.T.);
#12710 = LINE('',#12711,#12712);
#12711 = CARTESIAN_POINT('',(1.35,-2.0946,0.8396));
#12712 = VECTOR('',#12713,1.);
#12713 = DIRECTION('',(0.,0.,-1.));
#12714 = PLANE('',#12715);
#12715 = AXIS2_PLACEMENT_3D('',#12716,#12717,#12718);
#12716 = CARTESIAN_POINT('',(1.35,1.293108022955E-02,1.127283611688));
#12717 = DIRECTION('',(1.,9.003329844341E-33,9.245679891946E-32));
#12718 = DIRECTION('',(-9.245679891946E-32,0.,1.));
#12719 = ADVANCED_FACE('',(#12720),#12731,.F.);
#12720 = FACE_BOUND('',#12721,.F.);
#12721 = EDGE_LOOP('',(#12722,#12723,#12724,#12725));
#12722 = ORIENTED_EDGE('',*,*,#12637,.F.);
#12723 = ORIENTED_EDGE('',*,*,#11207,.T.);
#12724 = ORIENTED_EDGE('',*,*,#12693,.T.);
#12725 = ORIENTED_EDGE('',*,*,#12726,.F.);
#12726 = EDGE_CURVE('',#12638,#12694,#12727,.T.);
#12727 = LINE('',#12728,#12729);
#12728 = CARTESIAN_POINT('',(1.15,-1.6946,0.9996));
#12729 = VECTOR('',#12730,1.);
#12730 = DIRECTION('',(1.,0.,0.));
#12731 = PLANE('',#12732);
#12732 = AXIS2_PLACEMENT_3D('',#12733,#12734,#12735);
#12733 = CARTESIAN_POINT('',(1.15,0.7054,0.9996));
#12734 = DIRECTION('',(0.,0.,-1.));
#12735 = DIRECTION('',(0.,-1.,0.));
#12736 = ADVANCED_FACE('',(#12737),#12770,.F.);
#12737 = FACE_BOUND('',#12738,.F.);
#12738 = EDGE_LOOP('',(#12739,#12747,#12748,#12756,#12764));
#12739 = ORIENTED_EDGE('',*,*,#12740,.T.);
#12740 = EDGE_CURVE('',#12741,#11232,#12743,.T.);
#12741 = VERTEX_POINT('',#12742);
#12742 = CARTESIAN_POINT('',(2.4,-2.0946,0.6696));
#12743 = LINE('',#12744,#12745);
#12744 = CARTESIAN_POINT('',(2.4,-2.0946,0.6696));
#12745 = VECTOR('',#12746,1.);
#12746 = DIRECTION('',(0.,1.,0.));
#12747 = ORIENTED_EDGE('',*,*,#11231,.T.);
#12748 = ORIENTED_EDGE('',*,*,#12749,.T.);
#12749 = EDGE_CURVE('',#11234,#12750,#12752,.T.);
#12750 = VERTEX_POINT('',#12751);
#12751 = CARTESIAN_POINT('',(2.4,-1.6946,0.9996));
#12752 = LINE('',#12753,#12754);
#12753 = CARTESIAN_POINT('',(2.4,0.7054,0.9996));
#12754 = VECTOR('',#12755,1.);
#12755 = DIRECTION('',(0.,-1.,0.));
#12756 = ORIENTED_EDGE('',*,*,#12757,.T.);
#12757 = EDGE_CURVE('',#12750,#12758,#12760,.T.);
#12758 = VERTEX_POINT('',#12759);
#12759 = CARTESIAN_POINT('',(2.4,-2.0946,0.8396));
#12760 = LINE('',#12761,#12762);
#12761 = CARTESIAN_POINT('',(2.4,-1.6946,0.9996));
#12762 = VECTOR('',#12763,1.);
#12763 = DIRECTION('',(0.,-0.928476690885,-0.371390676354));
#12764 = ORIENTED_EDGE('',*,*,#12765,.T.);
#12765 = EDGE_CURVE('',#12758,#12741,#12766,.T.);
#12766 = LINE('',#12767,#12768);
#12767 = CARTESIAN_POINT('',(2.4,-2.0946,0.8396));
#12768 = VECTOR('',#12769,1.);
#12769 = DIRECTION('',(0.,0.,-1.));
#12770 = PLANE('',#12771);
#12771 = AXIS2_PLACEMENT_3D('',#12772,#12773,#12774);
#12772 = CARTESIAN_POINT('',(2.4,1.293108022955E-02,1.127283611688));
#12773 = DIRECTION('',(1.,9.003329844341E-33,9.245679891946E-32));
#12774 = DIRECTION('',(-9.245679891946E-32,0.,1.));
#12775 = ADVANCED_FACE('',(#12776),#12794,.F.);
#12776 = FACE_BOUND('',#12777,.F.);
#12777 = EDGE_LOOP('',(#12778,#12779,#12787,#12793));
#12778 = ORIENTED_EDGE('',*,*,#12740,.F.);
#12779 = ORIENTED_EDGE('',*,*,#12780,.T.);
#12780 = EDGE_CURVE('',#12741,#12781,#12783,.T.);
#12781 = VERTEX_POINT('',#12782);
#12782 = CARTESIAN_POINT('',(2.6,-2.0946,0.6696));
#12783 = LINE('',#12784,#12785);
#12784 = CARTESIAN_POINT('',(2.4,-2.0946,0.6696));
#12785 = VECTOR('',#12786,1.);
#12786 = DIRECTION('',(1.,0.,0.));
#12787 = ORIENTED_EDGE('',*,*,#12788,.T.);
#12788 = EDGE_CURVE('',#12781,#11250,#12789,.T.);
#12789 = LINE('',#12790,#12791);
#12790 = CARTESIAN_POINT('',(2.6,-2.0946,0.6696));
#12791 = VECTOR('',#12792,1.);
#12792 = DIRECTION('',(0.,1.,0.));
#12793 = ORIENTED_EDGE('',*,*,#11257,.T.);
#12794 = PLANE('',#12795);
#12795 = AXIS2_PLACEMENT_3D('',#12796,#12797,#12798);
#12796 = CARTESIAN_POINT('',(2.4,-2.0946,0.6696));
#12797 = DIRECTION('',(0.,0.,1.));
#12798 = DIRECTION('',(0.,1.,0.));
#12799 = ADVANCED_FACE('',(#12800),#12826,.T.);
#12800 = FACE_BOUND('',#12801,.T.);
#12801 = EDGE_LOOP('',(#12802,#12803,#12804,#12812,#12820));
#12802 = ORIENTED_EDGE('',*,*,#12788,.T.);
#12803 = ORIENTED_EDGE('',*,*,#11249,.T.);
#12804 = ORIENTED_EDGE('',*,*,#12805,.T.);
#12805 = EDGE_CURVE('',#11242,#12806,#12808,.T.);
#12806 = VERTEX_POINT('',#12807);
#12807 = CARTESIAN_POINT('',(2.6,-1.6946,0.9996));
#12808 = LINE('',#12809,#12810);
#12809 = CARTESIAN_POINT('',(2.6,0.7054,0.9996));
#12810 = VECTOR('',#12811,1.);
#12811 = DIRECTION('',(0.,-1.,0.));
#12812 = ORIENTED_EDGE('',*,*,#12813,.T.);
#12813 = EDGE_CURVE('',#12806,#12814,#12816,.T.);
#12814 = VERTEX_POINT('',#12815);
#12815 = CARTESIAN_POINT('',(2.6,-2.0946,0.8396));
#12816 = LINE('',#12817,#12818);
#12817 = CARTESIAN_POINT('',(2.6,-1.6946,0.9996));
#12818 = VECTOR('',#12819,1.);
#12819 = DIRECTION('',(0.,-0.928476690885,-0.371390676354));
#12820 = ORIENTED_EDGE('',*,*,#12821,.T.);
#12821 = EDGE_CURVE('',#12814,#12781,#12822,.T.);
#12822 = LINE('',#12823,#12824);
#12823 = CARTESIAN_POINT('',(2.6,-2.0946,0.8396));
#12824 = VECTOR('',#12825,1.);
#12825 = DIRECTION('',(0.,0.,-1.));
#12826 = PLANE('',#12827);
#12827 = AXIS2_PLACEMENT_3D('',#12828,#12829,#12830);
#12828 = CARTESIAN_POINT('',(2.6,1.293108022955E-02,1.127283611688));
#12829 = DIRECTION('',(1.,9.003329844341E-33,9.245679891946E-32));
#12830 = DIRECTION('',(-9.245679891946E-32,0.,1.));
#12831 = ADVANCED_FACE('',(#12832),#12843,.F.);
#12832 = FACE_BOUND('',#12833,.F.);
#12833 = EDGE_LOOP('',(#12834,#12835,#12836,#12837));
#12834 = ORIENTED_EDGE('',*,*,#12749,.F.);
#12835 = ORIENTED_EDGE('',*,*,#11241,.T.);
#12836 = ORIENTED_EDGE('',*,*,#12805,.T.);
#12837 = ORIENTED_EDGE('',*,*,#12838,.F.);
#12838 = EDGE_CURVE('',#12750,#12806,#12839,.T.);
#12839 = LINE('',#12840,#12841);
#12840 = CARTESIAN_POINT('',(2.4,-1.6946,0.9996));
#12841 = VECTOR('',#12842,1.);
#12842 = DIRECTION('',(1.,0.,0.));
#12843 = PLANE('',#12844);
#12844 = AXIS2_PLACEMENT_3D('',#12845,#12846,#12847);
#12845 = CARTESIAN_POINT('',(2.4,0.7054,0.9996));
#12846 = DIRECTION('',(0.,0.,-1.));
#12847 = DIRECTION('',(0.,-1.,0.));
#12848 = ADVANCED_FACE('',(#12849),#12855,.F.);
#12849 = FACE_BOUND('',#12850,.F.);
#12850 = EDGE_LOOP('',(#12851,#12852,#12853,#12854));
#12851 = ORIENTED_EDGE('',*,*,#11340,.T.);
#12852 = ORIENTED_EDGE('',*,*,#11281,.T.);
#12853 = ORIENTED_EDGE('',*,*,#12276,.F.);
#12854 = ORIENTED_EDGE('',*,*,#11458,.F.);
#12855 = PLANE('',#12856);
#12856 = AXIS2_PLACEMENT_3D('',#12857,#12858,#12859);
#12857 = CARTESIAN_POINT('',(2.4,-1.8446,1.6696));
#12858 = DIRECTION('',(0.,-1.,0.));
#12859 = DIRECTION('',(0.,0.,1.));
#12860 = ADVANCED_FACE('',(#12861),#12867,.F.);
#12861 = FACE_BOUND('',#12862,.F.);
#12862 = EDGE_LOOP('',(#12863,#12864,#12865,#12866));
#12863 = ORIENTED_EDGE('',*,*,#11410,.T.);
#12864 = ORIENTED_EDGE('',*,*,#11483,.T.);
#12865 = ORIENTED_EDGE('',*,*,#12208,.F.);
#12866 = ORIENTED_EDGE('',*,*,#11373,.F.);
#12867 = PLANE('',#12868);
#12868 = AXIS2_PLACEMENT_3D('',#12869,#12870,#12871);
#12869 = CARTESIAN_POINT('',(-2.6,-1.8446,1.6696));
#12870 = DIRECTION('',(0.,-1.,0.));
#12871 = DIRECTION('',(0.,0.,1.));
#12872 = ADVANCED_FACE('',(#12873),#12879,.F.);
#12873 = FACE_BOUND('',#12874,.F.);
#12874 = EDGE_LOOP('',(#12875,#12876,#12877,#12878));
#12875 = ORIENTED_EDGE('',*,*,#11574,.T.);
#12876 = ORIENTED_EDGE('',*,*,#11515,.T.);
#12877 = ORIENTED_EDGE('',*,*,#12259,.F.);
#12878 = ORIENTED_EDGE('',*,*,#11692,.F.);
#12879 = PLANE('',#12880);
#12880 = AXIS2_PLACEMENT_3D('',#12881,#12882,#12883);
#12881 = CARTESIAN_POINT('',(1.15,-1.8446,1.6696));
#12882 = DIRECTION('',(0.,-1.,0.));
#12883 = DIRECTION('',(0.,0.,1.));
#12884 = ADVANCED_FACE('',(#12885),#12891,.F.);
#12885 = FACE_BOUND('',#12886,.F.);
#12886 = EDGE_LOOP('',(#12887,#12888,#12889,#12890));
#12887 = ORIENTED_EDGE('',*,*,#11644,.T.);
#12888 = ORIENTED_EDGE('',*,*,#11717,.T.);
#12889 = ORIENTED_EDGE('',*,*,#12225,.F.);
#12890 = ORIENTED_EDGE('',*,*,#11607,.F.);
#12891 = PLANE('',#12892);
#12892 = AXIS2_PLACEMENT_3D('',#12893,#12894,#12895);
#12893 = CARTESIAN_POINT('',(-1.35,-1.8446,1.6696));
#12894 = DIRECTION('',(0.,-1.,0.));
#12895 = DIRECTION('',(0.,0.,1.));
#12896 = ADVANCED_FACE('',(#12897),#12903,.F.);
#12897 = FACE_BOUND('',#12898,.F.);
#12898 = EDGE_LOOP('',(#12899,#12900,#12901,#12902));
#12899 = ORIENTED_EDGE('',*,*,#11808,.T.);
#12900 = ORIENTED_EDGE('',*,*,#11749,.T.);
#12901 = ORIENTED_EDGE('',*,*,#12242,.F.);
#12902 = ORIENTED_EDGE('',*,*,#11834,.F.);
#12903 = PLANE('',#12904);
#12904 = AXIS2_PLACEMENT_3D('',#12905,#12906,#12907);
#12905 = CARTESIAN_POINT('',(-0.1,-1.8446,1.6696));
#12906 = DIRECTION('',(0.,-1.,0.));
#12907 = DIRECTION('',(0.,0.,1.));
#12908 = ADVANCED_FACE('',(#12909),#12920,.F.);
#12909 = FACE_BOUND('',#12910,.F.);
#12910 = EDGE_LOOP('',(#12911,#12917,#12918,#12919));
#12911 = ORIENTED_EDGE('',*,*,#12912,.T.);
#12912 = EDGE_CURVE('',#12310,#12366,#12913,.T.);
#12913 = LINE('',#12914,#12915);
#12914 = CARTESIAN_POINT('',(-0.1,-2.0946,0.8396));
#12915 = VECTOR('',#12916,1.);
#12916 = DIRECTION('',(1.,0.,0.));
#12917 = ORIENTED_EDGE('',*,*,#12373,.T.);
#12918 = ORIENTED_EDGE('',*,*,#12332,.F.);
#12919 = ORIENTED_EDGE('',*,*,#12317,.F.);
#12920 = PLANE('',#12921);
#12921 = AXIS2_PLACEMENT_3D('',#12922,#12923,#12924);
#12922 = CARTESIAN_POINT('',(-0.1,-2.0946,0.8396));
#12923 = DIRECTION('',(0.,1.,0.));
#12924 = DIRECTION('',(0.,0.,-1.));
#12925 = ADVANCED_FACE('',(#12926),#12932,.F.);
#12926 = FACE_BOUND('',#12927,.F.);
#12927 = EDGE_LOOP('',(#12928,#12929,#12930,#12931));
#12928 = ORIENTED_EDGE('',*,*,#12390,.T.);
#12929 = ORIENTED_EDGE('',*,*,#12365,.T.);
#12930 = ORIENTED_EDGE('',*,*,#12912,.F.);
#12931 = ORIENTED_EDGE('',*,*,#12309,.F.);
#12932 = PLANE('',#12933);
#12933 = AXIS2_PLACEMENT_3D('',#12934,#12935,#12936);
#12934 = CARTESIAN_POINT('',(-0.1,-1.6946,0.9996));
#12935 = DIRECTION('',(0.,0.371390676354,-0.928476690885));
#12936 = DIRECTION('',(0.,-0.928476690885,-0.371390676354));
#12937 = ADVANCED_FACE('',(#12938),#12949,.F.);
#12938 = FACE_BOUND('',#12939,.F.);
#12939 = EDGE_LOOP('',(#12940,#12946,#12947,#12948));
#12940 = ORIENTED_EDGE('',*,*,#12941,.T.);
#12941 = EDGE_CURVE('',#12422,#12478,#12942,.T.);
#12942 = LINE('',#12943,#12944);
#12943 = CARTESIAN_POINT('',(-1.35,-2.0946,0.8396));
#12944 = VECTOR('',#12945,1.);
#12945 = DIRECTION('',(1.,0.,0.));
#12946 = ORIENTED_EDGE('',*,*,#12485,.T.);
#12947 = ORIENTED_EDGE('',*,*,#12444,.F.);
#12948 = ORIENTED_EDGE('',*,*,#12429,.F.);
#12949 = PLANE('',#12950);
#12950 = AXIS2_PLACEMENT_3D('',#12951,#12952,#12953);
#12951 = CARTESIAN_POINT('',(-1.35,-2.0946,0.8396));
#12952 = DIRECTION('',(0.,1.,0.));
#12953 = DIRECTION('',(0.,0.,-1.));
#12954 = ADVANCED_FACE('',(#12955),#12961,.F.);
#12955 = FACE_BOUND('',#12956,.F.);
#12956 = EDGE_LOOP('',(#12957,#12958,#12959,#12960));
#12957 = ORIENTED_EDGE('',*,*,#12502,.T.);
#12958 = ORIENTED_EDGE('',*,*,#12477,.T.);
#12959 = ORIENTED_EDGE('',*,*,#12941,.F.);
#12960 = ORIENTED_EDGE('',*,*,#12421,.F.);
#12961 = PLANE('',#12962);
#12962 = AXIS2_PLACEMENT_3D('',#12963,#12964,#12965);
#12963 = CARTESIAN_POINT('',(-1.35,-1.6946,0.9996));
#12964 = DIRECTION('',(0.,0.371390676354,-0.928476690885));
#12965 = DIRECTION('',(0.,-0.928476690885,-0.371390676354));
#12966 = ADVANCED_FACE('',(#12967),#12978,.F.);
#12967 = FACE_BOUND('',#12968,.F.);
#12968 = EDGE_LOOP('',(#12969,#12975,#12976,#12977));
#12969 = ORIENTED_EDGE('',*,*,#12970,.T.);
#12970 = EDGE_CURVE('',#12607,#12558,#12971,.T.);
#12971 = LINE('',#12972,#12973);
#12972 = CARTESIAN_POINT('',(-2.6,-2.0946,0.8396));
#12973 = VECTOR('',#12974,1.);
#12974 = DIRECTION('',(1.,0.,0.));
#12975 = ORIENTED_EDGE('',*,*,#12565,.T.);
#12976 = ORIENTED_EDGE('',*,*,#12524,.F.);
#12977 = ORIENTED_EDGE('',*,*,#12614,.F.);
#12978 = PLANE('',#12979);
#12979 = AXIS2_PLACEMENT_3D('',#12980,#12981,#12982);
#12980 = CARTESIAN_POINT('',(-2.6,-2.0946,0.8396));
#12981 = DIRECTION('',(0.,1.,0.));
#12982 = DIRECTION('',(0.,0.,-1.));
#12983 = ADVANCED_FACE('',(#12984),#12990,.F.);
#12984 = FACE_BOUND('',#12985,.F.);
#12985 = EDGE_LOOP('',(#12986,#12987,#12988,#12989));
#12986 = ORIENTED_EDGE('',*,*,#12589,.T.);
#12987 = ORIENTED_EDGE('',*,*,#12557,.T.);
#12988 = ORIENTED_EDGE('',*,*,#12970,.F.);
#12989 = ORIENTED_EDGE('',*,*,#12606,.F.);
#12990 = PLANE('',#12991);
#12991 = AXIS2_PLACEMENT_3D('',#12992,#12993,#12994);
#12992 = CARTESIAN_POINT('',(-2.6,-1.6946,0.9996));
#12993 = DIRECTION('',(0.,0.371390676354,-0.928476690885));
#12994 = DIRECTION('',(0.,-0.928476690885,-0.371390676354));
#12995 = ADVANCED_FACE('',(#12996),#13007,.F.);
#12996 = FACE_BOUND('',#12997,.F.);
#12997 = EDGE_LOOP('',(#12998,#13004,#13005,#13006));
#12998 = ORIENTED_EDGE('',*,*,#12999,.T.);
#12999 = EDGE_CURVE('',#12646,#12702,#13000,.T.);
#13000 = LINE('',#13001,#13002);
#13001 = CARTESIAN_POINT('',(1.15,-2.0946,0.8396));
#13002 = VECTOR('',#13003,1.);
#13003 = DIRECTION('',(1.,0.,0.));
#13004 = ORIENTED_EDGE('',*,*,#12709,.T.);
#13005 = ORIENTED_EDGE('',*,*,#12668,.F.);
#13006 = ORIENTED_EDGE('',*,*,#12653,.F.);
#13007 = PLANE('',#13008);
#13008 = AXIS2_PLACEMENT_3D('',#13009,#13010,#13011);
#13009 = CARTESIAN_POINT('',(1.15,-2.0946,0.8396));
#13010 = DIRECTION('',(0.,1.,0.));
#13011 = DIRECTION('',(0.,0.,-1.));
#13012 = ADVANCED_FACE('',(#13013),#13019,.F.);
#13013 = FACE_BOUND('',#13014,.F.);
#13014 = EDGE_LOOP('',(#13015,#13016,#13017,#13018));
#13015 = ORIENTED_EDGE('',*,*,#12726,.T.);
#13016 = ORIENTED_EDGE('',*,*,#12701,.T.);
#13017 = ORIENTED_EDGE('',*,*,#12999,.F.);
#13018 = ORIENTED_EDGE('',*,*,#12645,.F.);
#13019 = PLANE('',#13020);
#13020 = AXIS2_PLACEMENT_3D('',#13021,#13022,#13023);
#13021 = CARTESIAN_POINT('',(1.15,-1.6946,0.9996));
#13022 = DIRECTION('',(0.,0.371390676354,-0.928476690885));
#13023 = DIRECTION('',(0.,-0.928476690885,-0.371390676354));
#13024 = ADVANCED_FACE('',(#13025),#13036,.F.);
#13025 = FACE_BOUND('',#13026,.F.);
#13026 = EDGE_LOOP('',(#13027,#13033,#13034,#13035));
#13027 = ORIENTED_EDGE('',*,*,#13028,.T.);
#13028 = EDGE_CURVE('',#12758,#12814,#13029,.T.);
#13029 = LINE('',#13030,#13031);
#13030 = CARTESIAN_POINT('',(2.4,-2.0946,0.8396));
#13031 = VECTOR('',#13032,1.);
#13032 = DIRECTION('',(1.,0.,0.));
#13033 = ORIENTED_EDGE('',*,*,#12821,.T.);
#13034 = ORIENTED_EDGE('',*,*,#12780,.F.);
#13035 = ORIENTED_EDGE('',*,*,#12765,.F.);
#13036 = PLANE('',#13037);
#13037 = AXIS2_PLACEMENT_3D('',#13038,#13039,#13040);
#13038 = CARTESIAN_POINT('',(2.4,-2.0946,0.8396));
#13039 = DIRECTION('',(0.,1.,0.));
#13040 = DIRECTION('',(0.,0.,-1.));
#13041 = ADVANCED_FACE('',(#13042),#13048,.F.);
#13042 = FACE_BOUND('',#13043,.F.);
#13043 = EDGE_LOOP('',(#13044,#13045,#13046,#13047));
#13044 = ORIENTED_EDGE('',*,*,#12838,.T.);
#13045 = ORIENTED_EDGE('',*,*,#12813,.T.);
#13046 = ORIENTED_EDGE('',*,*,#13028,.F.);
#13047 = ORIENTED_EDGE('',*,*,#12757,.F.);
#13048 = PLANE('',#13049);
#13049 = AXIS2_PLACEMENT_3D('',#13050,#13051,#13052);
#13050 = CARTESIAN_POINT('',(2.4,-1.6946,0.9996));
#13051 = DIRECTION('',(0.,0.371390676354,-0.928476690885));
#13052 = DIRECTION('',(0.,-0.928476690885,-0.371390676354));
#13053 = ( GEOMETRIC_REPRESENTATION_CONTEXT(3) 
GLOBAL_UNCERTAINTY_ASSIGNED_CONTEXT((#13057)) 
GLOBAL_UNIT_ASSIGNED_CONTEXT((#13054,#13055,#13056)) 
REPRESENTATION_CONTEXT('Context #1',
  '3D Context with UNIT and UNCERTAINTY') );
#13054 = ( LENGTH_UNIT() NAMED_UNIT(*) SI_UNIT(.MILLI.,.METRE.) );
#13055 = ( NAMED_UNIT(*) PLANE_ANGLE_UNIT() SI_UNIT($,.RADIAN.) );
#13056 = ( NAMED_UNIT(*) SI_UNIT($,.STERADIAN.) SOLID_ANGLE_UNIT() );
#13057 = UNCERTAINTY_MEASURE_WITH_UNIT(LENGTH_MEASURE(1.E-07),#13054,
  'distance_accuracy_value','confusion accuracy');
#13058 = CONTEXT_DEPENDENT_SHAPE_REPRESENTATION(#13059,#13061);
#13059 = ( REPRESENTATION_RELATIONSHIP('','',#5671,#5648) 
REPRESENTATION_RELATIONSHIP_WITH_TRANSFORMATION(#13060) 
SHAPE_REPRESENTATION_RELATIONSHIP() );
#13060 = ITEM_DEFINED_TRANSFORMATION('','',#11,#5649);
#13061 = PRODUCT_DEFINITION_SHAPE('Placement','Placement of an item',
  #13062);
#13062 = NEXT_ASSEMBLY_USAGE_OCCURRENCE('11','=>[0:1:1:7]','',#5643,
  #5666,$);
#13063 = PRODUCT_RELATED_PRODUCT_CATEGORY('part',$,(#5668));
#13064 = SHAPE_DEFINITION_REPRESENTATION(#13065,#13071);
#13065 = PRODUCT_DEFINITION_SHAPE('','',#13066);
#13066 = PRODUCT_DEFINITION('design','',#13067,#13070);
#13067 = PRODUCT_DEFINITION_FORMATION('','',#13068);
#13068 = PRODUCT('FOC_driver_board_PCB','FOC_driver_board_PCB','',(
    #13069));
#13069 = PRODUCT_CONTEXT('',#2,'mechanical');
#13070 = PRODUCT_DEFINITION_CONTEXT('part definition',#2,'design');
#13071 = ADVANCED_BREP_SHAPE_REPRESENTATION('',(#11,#13072),#13997);
#13072 = MANIFOLD_SOLID_BREP('',#13073);
#13073 = CLOSED_SHELL('',(#13074,#13107,#13348,#13589,#13606,#13623,
    #13645,#13662,#13679,#13691,#13708,#13725,#13742,#13764,#13781,
    #13798,#13810,#13827,#13844,#13861,#13883,#13900,#13917,#13929,
    #13951,#13968,#13985));
#13074 = ADVANCED_FACE('',(#13075),#13102,.T.);
#13075 = FACE_BOUND('',#13076,.F.);
#13076 = EDGE_LOOP('',(#13077,#13087,#13094,#13095));
#13077 = ORIENTED_EDGE('',*,*,#13078,.T.);
#13078 = EDGE_CURVE('',#13079,#13081,#13083,.T.);
#13079 = VERTEX_POINT('',#13080);
#13080 = CARTESIAN_POINT('',(223.9,-99.6,0.));
#13081 = VERTEX_POINT('',#13082);
#13082 = CARTESIAN_POINT('',(223.9,-99.6,1.6));
#13083 = LINE('',#13084,#13085);
#13084 = CARTESIAN_POINT('',(223.9,-99.6,0.));
#13085 = VECTOR('',#13086,1.);
#13086 = DIRECTION('',(0.,0.,1.));
#13087 = ORIENTED_EDGE('',*,*,#13088,.T.);
#13088 = EDGE_CURVE('',#13081,#13081,#13089,.T.);
#13089 = CIRCLE('',#13090,25.);
#13090 = AXIS2_PLACEMENT_3D('',#13091,#13092,#13093);
#13091 = CARTESIAN_POINT('',(198.9,-99.6,1.6));
#13092 = DIRECTION('',(0.,0.,1.));
#13093 = DIRECTION('',(1.,0.,-0.));
#13094 = ORIENTED_EDGE('',*,*,#13078,.F.);
#13095 = ORIENTED_EDGE('',*,*,#13096,.F.);
#13096 = EDGE_CURVE('',#13079,#13079,#13097,.T.);
#13097 = CIRCLE('',#13098,25.);
#13098 = AXIS2_PLACEMENT_3D('',#13099,#13100,#13101);
#13099 = CARTESIAN_POINT('',(198.9,-99.6,0.));
#13100 = DIRECTION('',(0.,0.,1.));
#13101 = DIRECTION('',(1.,0.,-0.));
#13102 = CYLINDRICAL_SURFACE('',#13103,25.);
#13103 = AXIS2_PLACEMENT_3D('',#13104,#13105,#13106);
#13104 = CARTESIAN_POINT('',(198.9,-99.6,0.));
#13105 = DIRECTION('',(-0.,-0.,-1.));
#13106 = DIRECTION('',(1.,0.,-0.));
#13107 = ADVANCED_FACE('',(#13108,#13111,#13122,#13133,#13169,#13180,
    #13191,#13202,#13238,#13249,#13260,#13271,#13307),#13343,.F.);
#13108 = FACE_BOUND('',#13109,.F.);
#13109 = EDGE_LOOP('',(#13110));
#13110 = ORIENTED_EDGE('',*,*,#13096,.T.);
#13111 = FACE_BOUND('',#13112,.F.);
#13112 = EDGE_LOOP('',(#13113));
#13113 = ORIENTED_EDGE('',*,*,#13114,.F.);
#13114 = EDGE_CURVE('',#13115,#13115,#13117,.T.);
#13115 = VERTEX_POINT('',#13116);
#13116 = CARTESIAN_POINT('',(187.6,-114.1,0.));
#13117 = CIRCLE('',#13118,3.2);
#13118 = AXIS2_PLACEMENT_3D('',#13119,#13120,#13121);
#13119 = CARTESIAN_POINT('',(184.4,-114.1,0.));
#13120 = DIRECTION('',(0.,0.,1.));
#13121 = DIRECTION('',(1.,0.,-0.));
#13122 = FACE_BOUND('',#13123,.F.);
#13123 = EDGE_LOOP('',(#13124));
#13124 = ORIENTED_EDGE('',*,*,#13125,.T.);
#13125 = EDGE_CURVE('',#13126,#13126,#13128,.T.);
#13126 = VERTEX_POINT('',#13127);
#13127 = CARTESIAN_POINT('',(197.5,-100.4,0.));
#13128 = CIRCLE('',#13129,1.E-01);
#13129 = AXIS2_PLACEMENT_3D('',#13130,#13131,#13132);
#13130 = CARTESIAN_POINT('',(197.5,-100.3,0.));
#13131 = DIRECTION('',(-0.,0.,-1.));
#13132 = DIRECTION('',(-0.,-1.,0.));
#13133 = FACE_BOUND('',#13134,.F.);
#13134 = EDGE_LOOP('',(#13135,#13146,#13154,#13163));
#13135 = ORIENTED_EDGE('',*,*,#13136,.F.);
#13136 = EDGE_CURVE('',#13137,#13139,#13141,.T.);
#13137 = VERTEX_POINT('',#13138);
#13138 = CARTESIAN_POINT('',(202.05,-109.6,0.));
#13139 = VERTEX_POINT('',#13140);
#13140 = CARTESIAN_POINT('',(195.75,-109.6,0.));
#13141 = CIRCLE('',#13142,3.15);
#13142 = AXIS2_PLACEMENT_3D('',#13143,#13144,#13145);
#13143 = CARTESIAN_POINT('',(198.9,-109.6,0.));
#13144 = DIRECTION('',(0.,0.,1.));
#13145 = DIRECTION('',(1.,9.022764898541E-15,-0.));
#13146 = ORIENTED_EDGE('',*,*,#13147,.F.);
#13147 = EDGE_CURVE('',#13148,#13137,#13150,.T.);
#13148 = VERTEX_POINT('',#13149);
#13149 = CARTESIAN_POINT('',(202.05,-118.6,0.));
#13150 = LINE('',#13151,#13152);
#13151 = CARTESIAN_POINT('',(202.05,-118.6,0.));
#13152 = VECTOR('',#13153,1.);
#13153 = DIRECTION('',(0.,1.,0.));
#13154 = ORIENTED_EDGE('',*,*,#13155,.F.);
#13155 = EDGE_CURVE('',#13156,#13148,#13158,.T.);
#13156 = VERTEX_POINT('',#13157);
#13157 = CARTESIAN_POINT('',(195.75,-118.6,0.));
#13158 = CIRCLE('',#13159,3.15);
#13159 = AXIS2_PLACEMENT_3D('',#13160,#13161,#13162);
#13160 = CARTESIAN_POINT('',(198.9,-118.6,0.));
#13161 = DIRECTION('',(0.,0.,1.));
#13162 = DIRECTION('',(-1.,-4.51138244927E-15,0.));
#13163 = ORIENTED_EDGE('',*,*,#13164,.F.);
#13164 = EDGE_CURVE('',#13139,#13156,#13165,.T.);
#13165 = LINE('',#13166,#13167);
#13166 = CARTESIAN_POINT('',(195.75,-109.6,0.));
#13167 = VECTOR('',#13168,1.);
#13168 = DIRECTION('',(0.,-1.,0.));
#13169 = FACE_BOUND('',#13170,.F.);
#13170 = EDGE_LOOP('',(#13171));
#13171 = ORIENTED_EDGE('',*,*,#13172,.F.);
#13172 = EDGE_CURVE('',#13173,#13173,#13175,.T.);
#13173 = VERTEX_POINT('',#13174);
#13174 = CARTESIAN_POINT('',(216.6,-114.1,0.));
#13175 = CIRCLE('',#13176,3.2);
#13176 = AXIS2_PLACEMENT_3D('',#13177,#13178,#13179);
#13177 = CARTESIAN_POINT('',(213.4,-114.1,0.));
#13178 = DIRECTION('',(0.,0.,1.));
#13179 = DIRECTION('',(1.,0.,-0.));
#13180 = FACE_BOUND('',#13181,.F.);
#13181 = EDGE_LOOP('',(#13182));
#13182 = ORIENTED_EDGE('',*,*,#13183,.T.);
#13183 = EDGE_CURVE('',#13184,#13184,#13186,.T.);
#13184 = VERTEX_POINT('',#13185);
#13185 = CARTESIAN_POINT('',(198.9,-100.4,0.));
#13186 = CIRCLE('',#13187,9.999999999999E-02);
#13187 = AXIS2_PLACEMENT_3D('',#13188,#13189,#13190);
#13188 = CARTESIAN_POINT('',(198.9,-100.3,0.));
#13189 = DIRECTION('',(-0.,0.,-1.));
#13190 = DIRECTION('',(-0.,-1.,0.));
#13191 = FACE_BOUND('',#13192,.F.);
#13192 = EDGE_LOOP('',(#13193));
#13193 = ORIENTED_EDGE('',*,*,#13194,.T.);
#13194 = EDGE_CURVE('',#13195,#13195,#13197,.T.);
#13195 = VERTEX_POINT('',#13196);
#13196 = CARTESIAN_POINT('',(200.3,-100.4,0.));
#13197 = CIRCLE('',#13198,0.1);
#13198 = AXIS2_PLACEMENT_3D('',#13199,#13200,#13201);
#13199 = CARTESIAN_POINT('',(200.3,-100.3,0.));
#13200 = DIRECTION('',(-0.,0.,-1.));
#13201 = DIRECTION('',(-0.,-1.,0.));
#13202 = FACE_BOUND('',#13203,.F.);
#13203 = EDGE_LOOP('',(#13204,#13215,#13223,#13232));
#13204 = ORIENTED_EDGE('',*,*,#13205,.F.);
#13205 = EDGE_CURVE('',#13206,#13208,#13210,.T.);
#13206 = VERTEX_POINT('',#13207);
#13207 = CARTESIAN_POINT('',(179.9,-96.45,0.));
#13208 = VERTEX_POINT('',#13209);
#13209 = CARTESIAN_POINT('',(179.9,-102.75,0.));
#13210 = CIRCLE('',#13211,3.15);
#13211 = AXIS2_PLACEMENT_3D('',#13212,#13213,#13214);
#13212 = CARTESIAN_POINT('',(179.9,-99.6,0.));
#13213 = DIRECTION('',(0.,0.,1.));
#13214 = DIRECTION('',(9.022764898541E-15,1.,-0.));
#13215 = ORIENTED_EDGE('',*,*,#13216,.F.);
#13216 = EDGE_CURVE('',#13217,#13206,#13219,.T.);
#13217 = VERTEX_POINT('',#13218);
#13218 = CARTESIAN_POINT('',(188.9,-96.45,0.));
#13219 = LINE('',#13220,#13221);
#13220 = CARTESIAN_POINT('',(188.9,-96.45,0.));
#13221 = VECTOR('',#13222,1.);
#13222 = DIRECTION('',(-1.,0.,0.));
#13223 = ORIENTED_EDGE('',*,*,#13224,.F.);
#13224 = EDGE_CURVE('',#13225,#13217,#13227,.T.);
#13225 = VERTEX_POINT('',#13226);
#13226 = CARTESIAN_POINT('',(188.9,-102.75,0.));
#13227 = CIRCLE('',#13228,3.15);
#13228 = AXIS2_PLACEMENT_3D('',#13229,#13230,#13231);
#13229 = CARTESIAN_POINT('',(188.9,-99.6,0.));
#13230 = DIRECTION('',(0.,0.,1.));
#13231 = DIRECTION('',(-9.022764898541E-15,-1.,0.));
#13232 = ORIENTED_EDGE('',*,*,#13233,.F.);
#13233 = EDGE_CURVE('',#13208,#13225,#13234,.T.);
#13234 = LINE('',#13235,#13236);
#13235 = CARTESIAN_POINT('',(179.9,-102.75,0.));
#13236 = VECTOR('',#13237,1.);
#13237 = DIRECTION('',(1.,0.,0.));
#13238 = FACE_BOUND('',#13239,.F.);
#13239 = EDGE_LOOP('',(#13240));
#13240 = ORIENTED_EDGE('',*,*,#13241,.T.);
#13241 = EDGE_CURVE('',#13242,#13242,#13244,.T.);
#13242 = VERTEX_POINT('',#13243);
#13243 = CARTESIAN_POINT('',(197.5,-99.,0.));
#13244 = CIRCLE('',#13245,1.E-01);
#13245 = AXIS2_PLACEMENT_3D('',#13246,#13247,#13248);
#13246 = CARTESIAN_POINT('',(197.5,-98.9,0.));
#13247 = DIRECTION('',(-0.,0.,-1.));
#13248 = DIRECTION('',(-0.,-1.,0.));
#13249 = FACE_BOUND('',#13250,.F.);
#13250 = EDGE_LOOP('',(#13251));
#13251 = ORIENTED_EDGE('',*,*,#13252,.T.);
#13252 = EDGE_CURVE('',#13253,#13253,#13255,.T.);
#13253 = VERTEX_POINT('',#13254);
#13254 = CARTESIAN_POINT('',(198.9,-99.,0.));
#13255 = CIRCLE('',#13256,9.999999999999E-02);
#13256 = AXIS2_PLACEMENT_3D('',#13257,#13258,#13259);
#13257 = CARTESIAN_POINT('',(198.9,-98.9,0.));
#13258 = DIRECTION('',(-0.,0.,-1.));
#13259 = DIRECTION('',(-0.,-1.,0.));
#13260 = FACE_BOUND('',#13261,.F.);
#13261 = EDGE_LOOP('',(#13262));
#13262 = ORIENTED_EDGE('',*,*,#13263,.T.);
#13263 = EDGE_CURVE('',#13264,#13264,#13266,.T.);
#13264 = VERTEX_POINT('',#13265);
#13265 = CARTESIAN_POINT('',(200.3,-99.,0.));
#13266 = CIRCLE('',#13267,0.1);
#13267 = AXIS2_PLACEMENT_3D('',#13268,#13269,#13270);
#13268 = CARTESIAN_POINT('',(200.3,-98.9,0.));
#13269 = DIRECTION('',(-0.,0.,-1.));
#13270 = DIRECTION('',(-0.,-1.,0.));
#13271 = FACE_BOUND('',#13272,.F.);
#13272 = EDGE_LOOP('',(#13273,#13284,#13292,#13301));
#13273 = ORIENTED_EDGE('',*,*,#13274,.F.);
#13274 = EDGE_CURVE('',#13275,#13277,#13279,.T.);
#13275 = VERTEX_POINT('',#13276);
#13276 = CARTESIAN_POINT('',(208.9,-96.45,0.));
#13277 = VERTEX_POINT('',#13278);
#13278 = CARTESIAN_POINT('',(208.9,-102.75,0.));
#13279 = CIRCLE('',#13280,3.15);
#13280 = AXIS2_PLACEMENT_3D('',#13281,#13282,#13283);
#13281 = CARTESIAN_POINT('',(208.9,-99.6,0.));
#13282 = DIRECTION('',(0.,0.,1.));
#13283 = DIRECTION('',(9.022764898541E-15,1.,-0.));
#13284 = ORIENTED_EDGE('',*,*,#13285,.F.);
#13285 = EDGE_CURVE('',#13286,#13275,#13288,.T.);
#13286 = VERTEX_POINT('',#13287);
#13287 = CARTESIAN_POINT('',(217.9,-96.45,0.));
#13288 = LINE('',#13289,#13290);
#13289 = CARTESIAN_POINT('',(217.9,-96.45,0.));
#13290 = VECTOR('',#13291,1.);
#13291 = DIRECTION('',(-1.,0.,0.));
#13292 = ORIENTED_EDGE('',*,*,#13293,.F.);
#13293 = EDGE_CURVE('',#13294,#13286,#13296,.T.);
#13294 = VERTEX_POINT('',#13295);
#13295 = CARTESIAN_POINT('',(217.9,-102.75,0.));
#13296 = CIRCLE('',#13297,3.15);
#13297 = AXIS2_PLACEMENT_3D('',#13298,#13299,#13300);
#13298 = CARTESIAN_POINT('',(217.9,-99.6,0.));
#13299 = DIRECTION('',(0.,0.,1.));
#13300 = DIRECTION('',(-9.022764898541E-15,-1.,0.));
#13301 = ORIENTED_EDGE('',*,*,#13302,.F.);
#13302 = EDGE_CURVE('',#13277,#13294,#13303,.T.);
#13303 = LINE('',#13304,#13305);
#13304 = CARTESIAN_POINT('',(208.9,-102.75,0.));
#13305 = VECTOR('',#13306,1.);
#13306 = DIRECTION('',(1.,0.,0.));
#13307 = FACE_BOUND('',#13308,.F.);
#13308 = EDGE_LOOP('',(#13309,#13320,#13328,#13337));
#13309 = ORIENTED_EDGE('',*,*,#13310,.F.);
#13310 = EDGE_CURVE('',#13311,#13313,#13315,.T.);
#13311 = VERTEX_POINT('',#13312);
#13312 = CARTESIAN_POINT('',(202.05,-80.6,0.));
#13313 = VERTEX_POINT('',#13314);
#13314 = CARTESIAN_POINT('',(195.75,-80.6,0.));
#13315 = CIRCLE('',#13316,3.15);
#13316 = AXIS2_PLACEMENT_3D('',#13317,#13318,#13319);
#13317 = CARTESIAN_POINT('',(198.9,-80.6,0.));
#13318 = DIRECTION('',(0.,0.,1.));
#13319 = DIRECTION('',(1.,9.022764898541E-15,-0.));
#13320 = ORIENTED_EDGE('',*,*,#13321,.F.);
#13321 = EDGE_CURVE('',#13322,#13311,#13324,.T.);
#13322 = VERTEX_POINT('',#13323);
#13323 = CARTESIAN_POINT('',(202.05,-89.6,0.));
#13324 = LINE('',#13325,#13326);
#13325 = CARTESIAN_POINT('',(202.05,-89.6,0.));
#13326 = VECTOR('',#13327,1.);
#13327 = DIRECTION('',(0.,1.,0.));
#13328 = ORIENTED_EDGE('',*,*,#13329,.F.);
#13329 = EDGE_CURVE('',#13330,#13322,#13332,.T.);
#13330 = VERTEX_POINT('',#13331);
#13331 = CARTESIAN_POINT('',(195.75,-89.6,0.));
#13332 = CIRCLE('',#13333,3.15);
#13333 = AXIS2_PLACEMENT_3D('',#13334,#13335,#13336);
#13334 = CARTESIAN_POINT('',(198.9,-89.6,0.));
#13335 = DIRECTION('',(0.,0.,1.));
#13336 = DIRECTION('',(-1.,-4.51138244927E-15,0.));
#13337 = ORIENTED_EDGE('',*,*,#13338,.F.);
#13338 = EDGE_CURVE('',#13313,#13330,#13339,.T.);
#13339 = LINE('',#13340,#13341);
#13340 = CARTESIAN_POINT('',(195.75,-80.6,0.));
#13341 = VECTOR('',#13342,1.);
#13342 = DIRECTION('',(0.,-1.,0.));
#13343 = PLANE('',#13344);
#13344 = AXIS2_PLACEMENT_3D('',#13345,#13346,#13347);
#13345 = CARTESIAN_POINT('',(0.,0.,0.));
#13346 = DIRECTION('',(0.,0.,1.));
#13347 = DIRECTION('',(1.,0.,-0.));
#13348 = ADVANCED_FACE('',(#13349,#13352,#13363,#13374,#13410,#13421,
    #13432,#13443,#13479,#13490,#13501,#13512,#13548),#13584,.T.);
#13349 = FACE_BOUND('',#13350,.T.);
#13350 = EDGE_LOOP('',(#13351));
#13351 = ORIENTED_EDGE('',*,*,#13088,.T.);
#13352 = FACE_BOUND('',#13353,.T.);
#13353 = EDGE_LOOP('',(#13354));
#13354 = ORIENTED_EDGE('',*,*,#13355,.F.);
#13355 = EDGE_CURVE('',#13356,#13356,#13358,.T.);
#13356 = VERTEX_POINT('',#13357);
#13357 = CARTESIAN_POINT('',(187.6,-114.1,1.6));
#13358 = CIRCLE('',#13359,3.2);
#13359 = AXIS2_PLACEMENT_3D('',#13360,#13361,#13362);
#13360 = CARTESIAN_POINT('',(184.4,-114.1,1.6));
#13361 = DIRECTION('',(0.,0.,1.));
#13362 = DIRECTION('',(1.,0.,-0.));
#13363 = FACE_BOUND('',#13364,.T.);
#13364 = EDGE_LOOP('',(#13365));
#13365 = ORIENTED_EDGE('',*,*,#13366,.T.);
#13366 = EDGE_CURVE('',#13367,#13367,#13369,.T.);
#13367 = VERTEX_POINT('',#13368);
#13368 = CARTESIAN_POINT('',(197.5,-100.4,1.6));
#13369 = CIRCLE('',#13370,1.E-01);
#13370 = AXIS2_PLACEMENT_3D('',#13371,#13372,#13373);
#13371 = CARTESIAN_POINT('',(197.5,-100.3,1.6));
#13372 = DIRECTION('',(-0.,0.,-1.));
#13373 = DIRECTION('',(-0.,-1.,0.));
#13374 = FACE_BOUND('',#13375,.T.);
#13375 = EDGE_LOOP('',(#13376,#13387,#13395,#13404));
#13376 = ORIENTED_EDGE('',*,*,#13377,.F.);
#13377 = EDGE_CURVE('',#13378,#13380,#13382,.T.);
#13378 = VERTEX_POINT('',#13379);
#13379 = CARTESIAN_POINT('',(202.05,-109.6,1.6));
#13380 = VERTEX_POINT('',#13381);
#13381 = CARTESIAN_POINT('',(195.75,-109.6,1.6));
#13382 = CIRCLE('',#13383,3.15);
#13383 = AXIS2_PLACEMENT_3D('',#13384,#13385,#13386);
#13384 = CARTESIAN_POINT('',(198.9,-109.6,1.6));
#13385 = DIRECTION('',(0.,0.,1.));
#13386 = DIRECTION('',(1.,9.022764898541E-15,-0.));
#13387 = ORIENTED_EDGE('',*,*,#13388,.F.);
#13388 = EDGE_CURVE('',#13389,#13378,#13391,.T.);
#13389 = VERTEX_POINT('',#13390);
#13390 = CARTESIAN_POINT('',(202.05,-118.6,1.6));
#13391 = LINE('',#13392,#13393);
#13392 = CARTESIAN_POINT('',(202.05,-118.6,1.6));
#13393 = VECTOR('',#13394,1.);
#13394 = DIRECTION('',(0.,1.,0.));
#13395 = ORIENTED_EDGE('',*,*,#13396,.F.);
#13396 = EDGE_CURVE('',#13397,#13389,#13399,.T.);
#13397 = VERTEX_POINT('',#13398);
#13398 = CARTESIAN_POINT('',(195.75,-118.6,1.6));
#13399 = CIRCLE('',#13400,3.15);
#13400 = AXIS2_PLACEMENT_3D('',#13401,#13402,#13403);
#13401 = CARTESIAN_POINT('',(198.9,-118.6,1.6));
#13402 = DIRECTION('',(0.,0.,1.));
#13403 = DIRECTION('',(-1.,-4.51138244927E-15,0.));
#13404 = ORIENTED_EDGE('',*,*,#13405,.F.);
#13405 = EDGE_CURVE('',#13380,#13397,#13406,.T.);
#13406 = LINE('',#13407,#13408);
#13407 = CARTESIAN_POINT('',(195.75,-109.6,1.6));
#13408 = VECTOR('',#13409,1.);
#13409 = DIRECTION('',(0.,-1.,0.));
#13410 = FACE_BOUND('',#13411,.T.);
#13411 = EDGE_LOOP('',(#13412));
#13412 = ORIENTED_EDGE('',*,*,#13413,.F.);
#13413 = EDGE_CURVE('',#13414,#13414,#13416,.T.);
#13414 = VERTEX_POINT('',#13415);
#13415 = CARTESIAN_POINT('',(216.6,-114.1,1.6));
#13416 = CIRCLE('',#13417,3.2);
#13417 = AXIS2_PLACEMENT_3D('',#13418,#13419,#13420);
#13418 = CARTESIAN_POINT('',(213.4,-114.1,1.6));
#13419 = DIRECTION('',(0.,0.,1.));
#13420 = DIRECTION('',(1.,0.,-0.));
#13421 = FACE_BOUND('',#13422,.T.);
#13422 = EDGE_LOOP('',(#13423));
#13423 = ORIENTED_EDGE('',*,*,#13424,.T.);
#13424 = EDGE_CURVE('',#13425,#13425,#13427,.T.);
#13425 = VERTEX_POINT('',#13426);
#13426 = CARTESIAN_POINT('',(198.9,-100.4,1.6));
#13427 = CIRCLE('',#13428,9.999999999999E-02);
#13428 = AXIS2_PLACEMENT_3D('',#13429,#13430,#13431);
#13429 = CARTESIAN_POINT('',(198.9,-100.3,1.6));
#13430 = DIRECTION('',(-0.,0.,-1.));
#13431 = DIRECTION('',(-0.,-1.,0.));
#13432 = FACE_BOUND('',#13433,.T.);
#13433 = EDGE_LOOP('',(#13434));
#13434 = ORIENTED_EDGE('',*,*,#13435,.T.);
#13435 = EDGE_CURVE('',#13436,#13436,#13438,.T.);
#13436 = VERTEX_POINT('',#13437);
#13437 = CARTESIAN_POINT('',(200.3,-100.4,1.6));
#13438 = CIRCLE('',#13439,0.1);
#13439 = AXIS2_PLACEMENT_3D('',#13440,#13441,#13442);
#13440 = CARTESIAN_POINT('',(200.3,-100.3,1.6));
#13441 = DIRECTION('',(-0.,0.,-1.));
#13442 = DIRECTION('',(-0.,-1.,0.));
#13443 = FACE_BOUND('',#13444,.T.);
#13444 = EDGE_LOOP('',(#13445,#13456,#13464,#13473));
#13445 = ORIENTED_EDGE('',*,*,#13446,.F.);
#13446 = EDGE_CURVE('',#13447,#13449,#13451,.T.);
#13447 = VERTEX_POINT('',#13448);
#13448 = CARTESIAN_POINT('',(179.9,-96.45,1.6));
#13449 = VERTEX_POINT('',#13450);
#13450 = CARTESIAN_POINT('',(179.9,-102.75,1.6));
#13451 = CIRCLE('',#13452,3.15);
#13452 = AXIS2_PLACEMENT_3D('',#13453,#13454,#13455);
#13453 = CARTESIAN_POINT('',(179.9,-99.6,1.6));
#13454 = DIRECTION('',(0.,0.,1.));
#13455 = DIRECTION('',(9.022764898541E-15,1.,-0.));
#13456 = ORIENTED_EDGE('',*,*,#13457,.F.);
#13457 = EDGE_CURVE('',#13458,#13447,#13460,.T.);
#13458 = VERTEX_POINT('',#13459);
#13459 = CARTESIAN_POINT('',(188.9,-96.45,1.6));
#13460 = LINE('',#13461,#13462);
#13461 = CARTESIAN_POINT('',(188.9,-96.45,1.6));
#13462 = VECTOR('',#13463,1.);
#13463 = DIRECTION('',(-1.,0.,0.));
#13464 = ORIENTED_EDGE('',*,*,#13465,.F.);
#13465 = EDGE_CURVE('',#13466,#13458,#13468,.T.);
#13466 = VERTEX_POINT('',#13467);
#13467 = CARTESIAN_POINT('',(188.9,-102.75,1.6));
#13468 = CIRCLE('',#13469,3.15);
#13469 = AXIS2_PLACEMENT_3D('',#13470,#13471,#13472);
#13470 = CARTESIAN_POINT('',(188.9,-99.6,1.6));
#13471 = DIRECTION('',(0.,0.,1.));
#13472 = DIRECTION('',(-9.022764898541E-15,-1.,0.));
#13473 = ORIENTED_EDGE('',*,*,#13474,.F.);
#13474 = EDGE_CURVE('',#13449,#13466,#13475,.T.);
#13475 = LINE('',#13476,#13477);
#13476 = CARTESIAN_POINT('',(179.9,-102.75,1.6));
#13477 = VECTOR('',#13478,1.);
#13478 = DIRECTION('',(1.,0.,0.));
#13479 = FACE_BOUND('',#13480,.T.);
#13480 = EDGE_LOOP('',(#13481));
#13481 = ORIENTED_EDGE('',*,*,#13482,.T.);
#13482 = EDGE_CURVE('',#13483,#13483,#13485,.T.);
#13483 = VERTEX_POINT('',#13484);
#13484 = CARTESIAN_POINT('',(197.5,-99.,1.6));
#13485 = CIRCLE('',#13486,1.E-01);
#13486 = AXIS2_PLACEMENT_3D('',#13487,#13488,#13489);
#13487 = CARTESIAN_POINT('',(197.5,-98.9,1.6));
#13488 = DIRECTION('',(-0.,0.,-1.));
#13489 = DIRECTION('',(-0.,-1.,0.));
#13490 = FACE_BOUND('',#13491,.T.);
#13491 = EDGE_LOOP('',(#13492));
#13492 = ORIENTED_EDGE('',*,*,#13493,.T.);
#13493 = EDGE_CURVE('',#13494,#13494,#13496,.T.);
#13494 = VERTEX_POINT('',#13495);
#13495 = CARTESIAN_POINT('',(198.9,-99.,1.6));
#13496 = CIRCLE('',#13497,9.999999999999E-02);
#13497 = AXIS2_PLACEMENT_3D('',#13498,#13499,#13500);
#13498 = CARTESIAN_POINT('',(198.9,-98.9,1.6));
#13499 = DIRECTION('',(-0.,0.,-1.));
#13500 = DIRECTION('',(-0.,-1.,0.));
#13501 = FACE_BOUND('',#13502,.T.);
#13502 = EDGE_LOOP('',(#13503));
#13503 = ORIENTED_EDGE('',*,*,#13504,.T.);
#13504 = EDGE_CURVE('',#13505,#13505,#13507,.T.);
#13505 = VERTEX_POINT('',#13506);
#13506 = CARTESIAN_POINT('',(200.3,-99.,1.6));
#13507 = CIRCLE('',#13508,0.1);
#13508 = AXIS2_PLACEMENT_3D('',#13509,#13510,#13511);
#13509 = CARTESIAN_POINT('',(200.3,-98.9,1.6));
#13510 = DIRECTION('',(-0.,0.,-1.));
#13511 = DIRECTION('',(-0.,-1.,0.));
#13512 = FACE_BOUND('',#13513,.T.);
#13513 = EDGE_LOOP('',(#13514,#13525,#13533,#13542));
#13514 = ORIENTED_EDGE('',*,*,#13515,.F.);
#13515 = EDGE_CURVE('',#13516,#13518,#13520,.T.);
#13516 = VERTEX_POINT('',#13517);
#13517 = CARTESIAN_POINT('',(208.9,-96.45,1.6));
#13518 = VERTEX_POINT('',#13519);
#13519 = CARTESIAN_POINT('',(208.9,-102.75,1.6));
#13520 = CIRCLE('',#13521,3.15);
#13521 = AXIS2_PLACEMENT_3D('',#13522,#13523,#13524);
#13522 = CARTESIAN_POINT('',(208.9,-99.6,1.6));
#13523 = DIRECTION('',(0.,0.,1.));
#13524 = DIRECTION('',(9.022764898541E-15,1.,-0.));
#13525 = ORIENTED_EDGE('',*,*,#13526,.F.);
#13526 = EDGE_CURVE('',#13527,#13516,#13529,.T.);
#13527 = VERTEX_POINT('',#13528);
#13528 = CARTESIAN_POINT('',(217.9,-96.45,1.6));
#13529 = LINE('',#13530,#13531);
#13530 = CARTESIAN_POINT('',(217.9,-96.45,1.6));
#13531 = VECTOR('',#13532,1.);
#13532 = DIRECTION('',(-1.,0.,0.));
#13533 = ORIENTED_EDGE('',*,*,#13534,.F.);
#13534 = EDGE_CURVE('',#13535,#13527,#13537,.T.);
#13535 = VERTEX_POINT('',#13536);
#13536 = CARTESIAN_POINT('',(217.9,-102.75,1.6));
#13537 = CIRCLE('',#13538,3.15);
#13538 = AXIS2_PLACEMENT_3D('',#13539,#13540,#13541);
#13539 = CARTESIAN_POINT('',(217.9,-99.6,1.6));
#13540 = DIRECTION('',(0.,0.,1.));
#13541 = DIRECTION('',(-9.022764898541E-15,-1.,0.));
#13542 = ORIENTED_EDGE('',*,*,#13543,.F.);
#13543 = EDGE_CURVE('',#13518,#13535,#13544,.T.);
#13544 = LINE('',#13545,#13546);
#13545 = CARTESIAN_POINT('',(208.9,-102.75,1.6));
#13546 = VECTOR('',#13547,1.);
#13547 = DIRECTION('',(1.,0.,0.));
#13548 = FACE_BOUND('',#13549,.T.);
#13549 = EDGE_LOOP('',(#13550,#13561,#13569,#13578));
#13550 = ORIENTED_EDGE('',*,*,#13551,.F.);
#13551 = EDGE_CURVE('',#13552,#13554,#13556,.T.);
#13552 = VERTEX_POINT('',#13553);
#13553 = CARTESIAN_POINT('',(202.05,-80.6,1.6));
#13554 = VERTEX_POINT('',#13555);
#13555 = CARTESIAN_POINT('',(195.75,-80.6,1.6));
#13556 = CIRCLE('',#13557,3.15);
#13557 = AXIS2_PLACEMENT_3D('',#13558,#13559,#13560);
#13558 = CARTESIAN_POINT('',(198.9,-80.6,1.6));
#13559 = DIRECTION('',(0.,0.,1.));
#13560 = DIRECTION('',(1.,9.022764898541E-15,-0.));
#13561 = ORIENTED_EDGE('',*,*,#13562,.F.);
#13562 = EDGE_CURVE('',#13563,#13552,#13565,.T.);
#13563 = VERTEX_POINT('',#13564);
#13564 = CARTESIAN_POINT('',(202.05,-89.6,1.6));
#13565 = LINE('',#13566,#13567);
#13566 = CARTESIAN_POINT('',(202.05,-89.6,1.6));
#13567 = VECTOR('',#13568,1.);
#13568 = DIRECTION('',(0.,1.,0.));
#13569 = ORIENTED_EDGE('',*,*,#13570,.F.);
#13570 = EDGE_CURVE('',#13571,#13563,#13573,.T.);
#13571 = VERTEX_POINT('',#13572);
#13572 = CARTESIAN_POINT('',(195.75,-89.6,1.6));
#13573 = CIRCLE('',#13574,3.15);
#13574 = AXIS2_PLACEMENT_3D('',#13575,#13576,#13577);
#13575 = CARTESIAN_POINT('',(198.9,-89.6,1.6));
#13576 = DIRECTION('',(0.,0.,1.));
#13577 = DIRECTION('',(-1.,-4.51138244927E-15,0.));
#13578 = ORIENTED_EDGE('',*,*,#13579,.F.);
#13579 = EDGE_CURVE('',#13554,#13571,#13580,.T.);
#13580 = LINE('',#13581,#13582);
#13581 = CARTESIAN_POINT('',(195.75,-80.6,1.6));
#13582 = VECTOR('',#13583,1.);
#13583 = DIRECTION('',(0.,-1.,0.));
#13584 = PLANE('',#13585);
#13585 = AXIS2_PLACEMENT_3D('',#13586,#13587,#13588);
#13586 = CARTESIAN_POINT('',(0.,0.,1.6));
#13587 = DIRECTION('',(0.,0.,1.));
#13588 = DIRECTION('',(1.,0.,-0.));
#13589 = ADVANCED_FACE('',(#13590),#13601,.F.);
#13590 = FACE_BOUND('',#13591,.T.);
#13591 = EDGE_LOOP('',(#13592,#13598,#13599,#13600));
#13592 = ORIENTED_EDGE('',*,*,#13593,.T.);
#13593 = EDGE_CURVE('',#13115,#13356,#13594,.T.);
#13594 = LINE('',#13595,#13596);
#13595 = CARTESIAN_POINT('',(187.6,-114.1,0.));
#13596 = VECTOR('',#13597,1.);
#13597 = DIRECTION('',(0.,0.,1.));
#13598 = ORIENTED_EDGE('',*,*,#13355,.T.);
#13599 = ORIENTED_EDGE('',*,*,#13593,.F.);
#13600 = ORIENTED_EDGE('',*,*,#13114,.F.);
#13601 = CYLINDRICAL_SURFACE('',#13602,3.2);
#13602 = AXIS2_PLACEMENT_3D('',#13603,#13604,#13605);
#13603 = CARTESIAN_POINT('',(184.4,-114.1,0.));
#13604 = DIRECTION('',(-0.,-0.,-1.));
#13605 = DIRECTION('',(1.,0.,-0.));
#13606 = ADVANCED_FACE('',(#13607),#13618,.F.);
#13607 = FACE_BOUND('',#13608,.T.);
#13608 = EDGE_LOOP('',(#13609,#13610,#13616,#13617));
#13609 = ORIENTED_EDGE('',*,*,#13125,.T.);
#13610 = ORIENTED_EDGE('',*,*,#13611,.T.);
#13611 = EDGE_CURVE('',#13126,#13367,#13612,.T.);
#13612 = LINE('',#13613,#13614);
#13613 = CARTESIAN_POINT('',(197.5,-100.4,-4.5E-02));
#13614 = VECTOR('',#13615,1.);
#13615 = DIRECTION('',(0.,0.,1.));
#13616 = ORIENTED_EDGE('',*,*,#13366,.F.);
#13617 = ORIENTED_EDGE('',*,*,#13611,.F.);
#13618 = CYLINDRICAL_SURFACE('',#13619,1.E-01);
#13619 = AXIS2_PLACEMENT_3D('',#13620,#13621,#13622);
#13620 = CARTESIAN_POINT('',(197.5,-100.3,-4.5E-02));
#13621 = DIRECTION('',(-0.,-0.,-1.));
#13622 = DIRECTION('',(-0.,-1.,0.));
#13623 = ADVANCED_FACE('',(#13624),#13640,.F.);
#13624 = FACE_BOUND('',#13625,.T.);
#13625 = EDGE_LOOP('',(#13626,#13632,#13633,#13639));
#13626 = ORIENTED_EDGE('',*,*,#13627,.T.);
#13627 = EDGE_CURVE('',#13137,#13378,#13628,.T.);
#13628 = LINE('',#13629,#13630);
#13629 = CARTESIAN_POINT('',(202.05,-109.6,0.));
#13630 = VECTOR('',#13631,1.);
#13631 = DIRECTION('',(0.,0.,1.));
#13632 = ORIENTED_EDGE('',*,*,#13377,.T.);
#13633 = ORIENTED_EDGE('',*,*,#13634,.F.);
#13634 = EDGE_CURVE('',#13139,#13380,#13635,.T.);
#13635 = LINE('',#13636,#13637);
#13636 = CARTESIAN_POINT('',(195.75,-109.6,0.));
#13637 = VECTOR('',#13638,1.);
#13638 = DIRECTION('',(0.,0.,1.));
#13639 = ORIENTED_EDGE('',*,*,#13136,.F.);
#13640 = CYLINDRICAL_SURFACE('',#13641,3.15);
#13641 = AXIS2_PLACEMENT_3D('',#13642,#13643,#13644);
#13642 = CARTESIAN_POINT('',(198.9,-109.6,0.));
#13643 = DIRECTION('',(-0.,-0.,-1.));
#13644 = DIRECTION('',(1.,9.022764898541E-15,-0.));
#13645 = ADVANCED_FACE('',(#13646),#13657,.T.);
#13646 = FACE_BOUND('',#13647,.T.);
#13647 = EDGE_LOOP('',(#13648,#13654,#13655,#13656));
#13648 = ORIENTED_EDGE('',*,*,#13649,.T.);
#13649 = EDGE_CURVE('',#13148,#13389,#13650,.T.);
#13650 = LINE('',#13651,#13652);
#13651 = CARTESIAN_POINT('',(202.05,-118.6,0.));
#13652 = VECTOR('',#13653,1.);
#13653 = DIRECTION('',(0.,0.,1.));
#13654 = ORIENTED_EDGE('',*,*,#13388,.T.);
#13655 = ORIENTED_EDGE('',*,*,#13627,.F.);
#13656 = ORIENTED_EDGE('',*,*,#13147,.F.);
#13657 = PLANE('',#13658);
#13658 = AXIS2_PLACEMENT_3D('',#13659,#13660,#13661);
#13659 = CARTESIAN_POINT('',(202.05,-118.6,0.));
#13660 = DIRECTION('',(-1.,0.,0.));
#13661 = DIRECTION('',(0.,1.,0.));
#13662 = ADVANCED_FACE('',(#13663),#13674,.T.);
#13663 = FACE_BOUND('',#13664,.T.);
#13664 = EDGE_LOOP('',(#13665,#13666,#13667,#13673));
#13665 = ORIENTED_EDGE('',*,*,#13634,.T.);
#13666 = ORIENTED_EDGE('',*,*,#13405,.T.);
#13667 = ORIENTED_EDGE('',*,*,#13668,.F.);
#13668 = EDGE_CURVE('',#13156,#13397,#13669,.T.);
#13669 = LINE('',#13670,#13671);
#13670 = CARTESIAN_POINT('',(195.75,-118.6,0.));
#13671 = VECTOR('',#13672,1.);
#13672 = DIRECTION('',(0.,0.,1.));
#13673 = ORIENTED_EDGE('',*,*,#13164,.F.);
#13674 = PLANE('',#13675);
#13675 = AXIS2_PLACEMENT_3D('',#13676,#13677,#13678);
#13676 = CARTESIAN_POINT('',(195.75,-109.6,0.));
#13677 = DIRECTION('',(1.,0.,-0.));
#13678 = DIRECTION('',(0.,-1.,0.));
#13679 = ADVANCED_FACE('',(#13680),#13686,.F.);
#13680 = FACE_BOUND('',#13681,.T.);
#13681 = EDGE_LOOP('',(#13682,#13683,#13684,#13685));
#13682 = ORIENTED_EDGE('',*,*,#13668,.T.);
#13683 = ORIENTED_EDGE('',*,*,#13396,.T.);
#13684 = ORIENTED_EDGE('',*,*,#13649,.F.);
#13685 = ORIENTED_EDGE('',*,*,#13155,.F.);
#13686 = CYLINDRICAL_SURFACE('',#13687,3.15);
#13687 = AXIS2_PLACEMENT_3D('',#13688,#13689,#13690);
#13688 = CARTESIAN_POINT('',(198.9,-118.6,0.));
#13689 = DIRECTION('',(-0.,-0.,-1.));
#13690 = DIRECTION('',(-1.,-4.51138244927E-15,0.));
#13691 = ADVANCED_FACE('',(#13692),#13703,.F.);
#13692 = FACE_BOUND('',#13693,.T.);
#13693 = EDGE_LOOP('',(#13694,#13700,#13701,#13702));
#13694 = ORIENTED_EDGE('',*,*,#13695,.T.);
#13695 = EDGE_CURVE('',#13173,#13414,#13696,.T.);
#13696 = LINE('',#13697,#13698);
#13697 = CARTESIAN_POINT('',(216.6,-114.1,0.));
#13698 = VECTOR('',#13699,1.);
#13699 = DIRECTION('',(0.,0.,1.));
#13700 = ORIENTED_EDGE('',*,*,#13413,.T.);
#13701 = ORIENTED_EDGE('',*,*,#13695,.F.);
#13702 = ORIENTED_EDGE('',*,*,#13172,.F.);
#13703 = CYLINDRICAL_SURFACE('',#13704,3.2);
#13704 = AXIS2_PLACEMENT_3D('',#13705,#13706,#13707);
#13705 = CARTESIAN_POINT('',(213.4,-114.1,0.));
#13706 = DIRECTION('',(-0.,-0.,-1.));
#13707 = DIRECTION('',(1.,0.,-0.));
#13708 = ADVANCED_FACE('',(#13709),#13720,.F.);
#13709 = FACE_BOUND('',#13710,.T.);
#13710 = EDGE_LOOP('',(#13711,#13712,#13718,#13719));
#13711 = ORIENTED_EDGE('',*,*,#13183,.T.);
#13712 = ORIENTED_EDGE('',*,*,#13713,.T.);
#13713 = EDGE_CURVE('',#13184,#13425,#13714,.T.);
#13714 = LINE('',#13715,#13716);
#13715 = CARTESIAN_POINT('',(198.9,-100.4,-4.5E-02));
#13716 = VECTOR('',#13717,1.);
#13717 = DIRECTION('',(0.,0.,1.));
#13718 = ORIENTED_EDGE('',*,*,#13424,.F.);
#13719 = ORIENTED_EDGE('',*,*,#13713,.F.);
#13720 = CYLINDRICAL_SURFACE('',#13721,9.999999999999E-02);
#13721 = AXIS2_PLACEMENT_3D('',#13722,#13723,#13724);
#13722 = CARTESIAN_POINT('',(198.9,-100.3,-4.5E-02));
#13723 = DIRECTION('',(-0.,-0.,-1.));
#13724 = DIRECTION('',(-0.,-1.,0.));
#13725 = ADVANCED_FACE('',(#13726),#13737,.F.);
#13726 = FACE_BOUND('',#13727,.T.);
#13727 = EDGE_LOOP('',(#13728,#13729,#13735,#13736));
#13728 = ORIENTED_EDGE('',*,*,#13194,.T.);
#13729 = ORIENTED_EDGE('',*,*,#13730,.T.);
#13730 = EDGE_CURVE('',#13195,#13436,#13731,.T.);
#13731 = LINE('',#13732,#13733);
#13732 = CARTESIAN_POINT('',(200.3,-100.4,-4.5E-02));
#13733 = VECTOR('',#13734,1.);
#13734 = DIRECTION('',(0.,0.,1.));
#13735 = ORIENTED_EDGE('',*,*,#13435,.F.);
#13736 = ORIENTED_EDGE('',*,*,#13730,.F.);
#13737 = CYLINDRICAL_SURFACE('',#13738,0.1);
#13738 = AXIS2_PLACEMENT_3D('',#13739,#13740,#13741);
#13739 = CARTESIAN_POINT('',(200.3,-100.3,-4.5E-02));
#13740 = DIRECTION('',(-0.,-0.,-1.));
#13741 = DIRECTION('',(-0.,-1.,0.));
#13742 = ADVANCED_FACE('',(#13743),#13759,.F.);
#13743 = FACE_BOUND('',#13744,.T.);
#13744 = EDGE_LOOP('',(#13745,#13751,#13752,#13758));
#13745 = ORIENTED_EDGE('',*,*,#13746,.T.);
#13746 = EDGE_CURVE('',#13206,#13447,#13747,.T.);
#13747 = LINE('',#13748,#13749);
#13748 = CARTESIAN_POINT('',(179.9,-96.45,0.));
#13749 = VECTOR('',#13750,1.);
#13750 = DIRECTION('',(0.,0.,1.));
#13751 = ORIENTED_EDGE('',*,*,#13446,.T.);
#13752 = ORIENTED_EDGE('',*,*,#13753,.F.);
#13753 = EDGE_CURVE('',#13208,#13449,#13754,.T.);
#13754 = LINE('',#13755,#13756);
#13755 = CARTESIAN_POINT('',(179.9,-102.75,0.));
#13756 = VECTOR('',#13757,1.);
#13757 = DIRECTION('',(0.,0.,1.));
#13758 = ORIENTED_EDGE('',*,*,#13205,.F.);
#13759 = CYLINDRICAL_SURFACE('',#13760,3.15);
#13760 = AXIS2_PLACEMENT_3D('',#13761,#13762,#13763);
#13761 = CARTESIAN_POINT('',(179.9,-99.6,0.));
#13762 = DIRECTION('',(-0.,-0.,-1.));
#13763 = DIRECTION('',(9.022764898541E-15,1.,-0.));
#13764 = ADVANCED_FACE('',(#13765),#13776,.T.);
#13765 = FACE_BOUND('',#13766,.T.);
#13766 = EDGE_LOOP('',(#13767,#13773,#13774,#13775));
#13767 = ORIENTED_EDGE('',*,*,#13768,.T.);
#13768 = EDGE_CURVE('',#13217,#13458,#13769,.T.);
#13769 = LINE('',#13770,#13771);
#13770 = CARTESIAN_POINT('',(188.9,-96.45,0.));
#13771 = VECTOR('',#13772,1.);
#13772 = DIRECTION('',(0.,0.,1.));
#13773 = ORIENTED_EDGE('',*,*,#13457,.T.);
#13774 = ORIENTED_EDGE('',*,*,#13746,.F.);
#13775 = ORIENTED_EDGE('',*,*,#13216,.F.);
#13776 = PLANE('',#13777);
#13777 = AXIS2_PLACEMENT_3D('',#13778,#13779,#13780);
#13778 = CARTESIAN_POINT('',(188.9,-96.45,0.));
#13779 = DIRECTION('',(0.,-1.,0.));
#13780 = DIRECTION('',(-1.,0.,0.));
#13781 = ADVANCED_FACE('',(#13782),#13793,.T.);
#13782 = FACE_BOUND('',#13783,.T.);
#13783 = EDGE_LOOP('',(#13784,#13785,#13786,#13792));
#13784 = ORIENTED_EDGE('',*,*,#13753,.T.);
#13785 = ORIENTED_EDGE('',*,*,#13474,.T.);
#13786 = ORIENTED_EDGE('',*,*,#13787,.F.);
#13787 = EDGE_CURVE('',#13225,#13466,#13788,.T.);
#13788 = LINE('',#13789,#13790);
#13789 = CARTESIAN_POINT('',(188.9,-102.75,0.));
#13790 = VECTOR('',#13791,1.);
#13791 = DIRECTION('',(0.,0.,1.));
#13792 = ORIENTED_EDGE('',*,*,#13233,.F.);
#13793 = PLANE('',#13794);
#13794 = AXIS2_PLACEMENT_3D('',#13795,#13796,#13797);
#13795 = CARTESIAN_POINT('',(179.9,-102.75,0.));
#13796 = DIRECTION('',(0.,1.,0.));
#13797 = DIRECTION('',(1.,0.,0.));
#13798 = ADVANCED_FACE('',(#13799),#13805,.F.);
#13799 = FACE_BOUND('',#13800,.T.);
#13800 = EDGE_LOOP('',(#13801,#13802,#13803,#13804));
#13801 = ORIENTED_EDGE('',*,*,#13787,.T.);
#13802 = ORIENTED_EDGE('',*,*,#13465,.T.);
#13803 = ORIENTED_EDGE('',*,*,#13768,.F.);
#13804 = ORIENTED_EDGE('',*,*,#13224,.F.);
#13805 = CYLINDRICAL_SURFACE('',#13806,3.15);
#13806 = AXIS2_PLACEMENT_3D('',#13807,#13808,#13809);
#13807 = CARTESIAN_POINT('',(188.9,-99.6,0.));
#13808 = DIRECTION('',(-0.,-0.,-1.));
#13809 = DIRECTION('',(-9.022764898541E-15,-1.,0.));
#13810 = ADVANCED_FACE('',(#13811),#13822,.F.);
#13811 = FACE_BOUND('',#13812,.T.);
#13812 = EDGE_LOOP('',(#13813,#13814,#13820,#13821));
#13813 = ORIENTED_EDGE('',*,*,#13241,.T.);
#13814 = ORIENTED_EDGE('',*,*,#13815,.T.);
#13815 = EDGE_CURVE('',#13242,#13483,#13816,.T.);
#13816 = LINE('',#13817,#13818);
#13817 = CARTESIAN_POINT('',(197.5,-99.,-4.5E-02));
#13818 = VECTOR('',#13819,1.);
#13819 = DIRECTION('',(0.,0.,1.));
#13820 = ORIENTED_EDGE('',*,*,#13482,.F.);
#13821 = ORIENTED_EDGE('',*,*,#13815,.F.);
#13822 = CYLINDRICAL_SURFACE('',#13823,1.E-01);
#13823 = AXIS2_PLACEMENT_3D('',#13824,#13825,#13826);
#13824 = CARTESIAN_POINT('',(197.5,-98.9,-4.5E-02));
#13825 = DIRECTION('',(-0.,-0.,-1.));
#13826 = DIRECTION('',(-0.,-1.,0.));
#13827 = ADVANCED_FACE('',(#13828),#13839,.F.);
#13828 = FACE_BOUND('',#13829,.T.);
#13829 = EDGE_LOOP('',(#13830,#13831,#13837,#13838));
#13830 = ORIENTED_EDGE('',*,*,#13252,.T.);
#13831 = ORIENTED_EDGE('',*,*,#13832,.T.);
#13832 = EDGE_CURVE('',#13253,#13494,#13833,.T.);
#13833 = LINE('',#13834,#13835);
#13834 = CARTESIAN_POINT('',(198.9,-99.,-4.5E-02));
#13835 = VECTOR('',#13836,1.);
#13836 = DIRECTION('',(0.,0.,1.));
#13837 = ORIENTED_EDGE('',*,*,#13493,.F.);
#13838 = ORIENTED_EDGE('',*,*,#13832,.F.);
#13839 = CYLINDRICAL_SURFACE('',#13840,9.999999999999E-02);
#13840 = AXIS2_PLACEMENT_3D('',#13841,#13842,#13843);
#13841 = CARTESIAN_POINT('',(198.9,-98.9,-4.5E-02));
#13842 = DIRECTION('',(-0.,-0.,-1.));
#13843 = DIRECTION('',(-0.,-1.,0.));
#13844 = ADVANCED_FACE('',(#13845),#13856,.F.);
#13845 = FACE_BOUND('',#13846,.T.);
#13846 = EDGE_LOOP('',(#13847,#13848,#13854,#13855));
#13847 = ORIENTED_EDGE('',*,*,#13263,.T.);
#13848 = ORIENTED_EDGE('',*,*,#13849,.T.);
#13849 = EDGE_CURVE('',#13264,#13505,#13850,.T.);
#13850 = LINE('',#13851,#13852);
#13851 = CARTESIAN_POINT('',(200.3,-99.,-4.5E-02));
#13852 = VECTOR('',#13853,1.);
#13853 = DIRECTION('',(0.,0.,1.));
#13854 = ORIENTED_EDGE('',*,*,#13504,.F.);
#13855 = ORIENTED_EDGE('',*,*,#13849,.F.);
#13856 = CYLINDRICAL_SURFACE('',#13857,0.1);
#13857 = AXIS2_PLACEMENT_3D('',#13858,#13859,#13860);
#13858 = CARTESIAN_POINT('',(200.3,-98.9,-4.5E-02));
#13859 = DIRECTION('',(-0.,-0.,-1.));
#13860 = DIRECTION('',(-0.,-1.,0.));
#13861 = ADVANCED_FACE('',(#13862),#13878,.F.);
#13862 = FACE_BOUND('',#13863,.T.);
#13863 = EDGE_LOOP('',(#13864,#13870,#13871,#13877));
#13864 = ORIENTED_EDGE('',*,*,#13865,.T.);
#13865 = EDGE_CURVE('',#13275,#13516,#13866,.T.);
#13866 = LINE('',#13867,#13868);
#13867 = CARTESIAN_POINT('',(208.9,-96.45,0.));
#13868 = VECTOR('',#13869,1.);
#13869 = DIRECTION('',(0.,0.,1.));
#13870 = ORIENTED_EDGE('',*,*,#13515,.T.);
#13871 = ORIENTED_EDGE('',*,*,#13872,.F.);
#13872 = EDGE_CURVE('',#13277,#13518,#13873,.T.);
#13873 = LINE('',#13874,#13875);
#13874 = CARTESIAN_POINT('',(208.9,-102.75,0.));
#13875 = VECTOR('',#13876,1.);
#13876 = DIRECTION('',(0.,0.,1.));
#13877 = ORIENTED_EDGE('',*,*,#13274,.F.);
#13878 = CYLINDRICAL_SURFACE('',#13879,3.15);
#13879 = AXIS2_PLACEMENT_3D('',#13880,#13881,#13882);
#13880 = CARTESIAN_POINT('',(208.9,-99.6,0.));
#13881 = DIRECTION('',(-0.,-0.,-1.));
#13882 = DIRECTION('',(9.022764898541E-15,1.,-0.));
#13883 = ADVANCED_FACE('',(#13884),#13895,.T.);
#13884 = FACE_BOUND('',#13885,.T.);
#13885 = EDGE_LOOP('',(#13886,#13892,#13893,#13894));
#13886 = ORIENTED_EDGE('',*,*,#13887,.T.);
#13887 = EDGE_CURVE('',#13286,#13527,#13888,.T.);
#13888 = LINE('',#13889,#13890);
#13889 = CARTESIAN_POINT('',(217.9,-96.45,0.));
#13890 = VECTOR('',#13891,1.);
#13891 = DIRECTION('',(0.,0.,1.));
#13892 = ORIENTED_EDGE('',*,*,#13526,.T.);
#13893 = ORIENTED_EDGE('',*,*,#13865,.F.);
#13894 = ORIENTED_EDGE('',*,*,#13285,.F.);
#13895 = PLANE('',#13896);
#13896 = AXIS2_PLACEMENT_3D('',#13897,#13898,#13899);
#13897 = CARTESIAN_POINT('',(217.9,-96.45,0.));
#13898 = DIRECTION('',(0.,-1.,0.));
#13899 = DIRECTION('',(-1.,0.,0.));
#13900 = ADVANCED_FACE('',(#13901),#13912,.T.);
#13901 = FACE_BOUND('',#13902,.T.);
#13902 = EDGE_LOOP('',(#13903,#13904,#13905,#13911));
#13903 = ORIENTED_EDGE('',*,*,#13872,.T.);
#13904 = ORIENTED_EDGE('',*,*,#13543,.T.);
#13905 = ORIENTED_EDGE('',*,*,#13906,.F.);
#13906 = EDGE_CURVE('',#13294,#13535,#13907,.T.);
#13907 = LINE('',#13908,#13909);
#13908 = CARTESIAN_POINT('',(217.9,-102.75,0.));
#13909 = VECTOR('',#13910,1.);
#13910 = DIRECTION('',(0.,0.,1.));
#13911 = ORIENTED_EDGE('',*,*,#13302,.F.);
#13912 = PLANE('',#13913);
#13913 = AXIS2_PLACEMENT_3D('',#13914,#13915,#13916);
#13914 = CARTESIAN_POINT('',(208.9,-102.75,0.));
#13915 = DIRECTION('',(0.,1.,0.));
#13916 = DIRECTION('',(1.,0.,0.));
#13917 = ADVANCED_FACE('',(#13918),#13924,.F.);
#13918 = FACE_BOUND('',#13919,.T.);
#13919 = EDGE_LOOP('',(#13920,#13921,#13922,#13923));
#13920 = ORIENTED_EDGE('',*,*,#13906,.T.);
#13921 = ORIENTED_EDGE('',*,*,#13534,.T.);
#13922 = ORIENTED_EDGE('',*,*,#13887,.F.);
#13923 = ORIENTED_EDGE('',*,*,#13293,.F.);
#13924 = CYLINDRICAL_SURFACE('',#13925,3.15);
#13925 = AXIS2_PLACEMENT_3D('',#13926,#13927,#13928);
#13926 = CARTESIAN_POINT('',(217.9,-99.6,0.));
#13927 = DIRECTION('',(-0.,-0.,-1.));
#13928 = DIRECTION('',(-9.022764898541E-15,-1.,0.));
#13929 = ADVANCED_FACE('',(#13930),#13946,.F.);
#13930 = FACE_BOUND('',#13931,.T.);
#13931 = EDGE_LOOP('',(#13932,#13938,#13939,#13945));
#13932 = ORIENTED_EDGE('',*,*,#13933,.T.);
#13933 = EDGE_CURVE('',#13311,#13552,#13934,.T.);
#13934 = LINE('',#13935,#13936);
#13935 = CARTESIAN_POINT('',(202.05,-80.6,0.));
#13936 = VECTOR('',#13937,1.);
#13937 = DIRECTION('',(0.,0.,1.));
#13938 = ORIENTED_EDGE('',*,*,#13551,.T.);
#13939 = ORIENTED_EDGE('',*,*,#13940,.F.);
#13940 = EDGE_CURVE('',#13313,#13554,#13941,.T.);
#13941 = LINE('',#13942,#13943);
#13942 = CARTESIAN_POINT('',(195.75,-80.6,0.));
#13943 = VECTOR('',#13944,1.);
#13944 = DIRECTION('',(0.,0.,1.));
#13945 = ORIENTED_EDGE('',*,*,#13310,.F.);
#13946 = CYLINDRICAL_SURFACE('',#13947,3.15);
#13947 = AXIS2_PLACEMENT_3D('',#13948,#13949,#13950);
#13948 = CARTESIAN_POINT('',(198.9,-80.6,0.));
#13949 = DIRECTION('',(-0.,-0.,-1.));
#13950 = DIRECTION('',(1.,9.022764898541E-15,-0.));
#13951 = ADVANCED_FACE('',(#13952),#13963,.T.);
#13952 = FACE_BOUND('',#13953,.T.);
#13953 = EDGE_LOOP('',(#13954,#13960,#13961,#13962));
#13954 = ORIENTED_EDGE('',*,*,#13955,.T.);
#13955 = EDGE_CURVE('',#13322,#13563,#13956,.T.);
#13956 = LINE('',#13957,#13958);
#13957 = CARTESIAN_POINT('',(202.05,-89.6,0.));
#13958 = VECTOR('',#13959,1.);
#13959 = DIRECTION('',(0.,0.,1.));
#13960 = ORIENTED_EDGE('',*,*,#13562,.T.);
#13961 = ORIENTED_EDGE('',*,*,#13933,.F.);
#13962 = ORIENTED_EDGE('',*,*,#13321,.F.);
#13963 = PLANE('',#13964);
#13964 = AXIS2_PLACEMENT_3D('',#13965,#13966,#13967);
#13965 = CARTESIAN_POINT('',(202.05,-89.6,0.));
#13966 = DIRECTION('',(-1.,0.,0.));
#13967 = DIRECTION('',(0.,1.,0.));
#13968 = ADVANCED_FACE('',(#13969),#13980,.T.);
#13969 = FACE_BOUND('',#13970,.T.);
#13970 = EDGE_LOOP('',(#13971,#13972,#13973,#13979));
#13971 = ORIENTED_EDGE('',*,*,#13940,.T.);
#13972 = ORIENTED_EDGE('',*,*,#13579,.T.);
#13973 = ORIENTED_EDGE('',*,*,#13974,.F.);
#13974 = EDGE_CURVE('',#13330,#13571,#13975,.T.);
#13975 = LINE('',#13976,#13977);
#13976 = CARTESIAN_POINT('',(195.75,-89.6,0.));
#13977 = VECTOR('',#13978,1.);
#13978 = DIRECTION('',(0.,0.,1.));
#13979 = ORIENTED_EDGE('',*,*,#13338,.F.);
#13980 = PLANE('',#13981);
#13981 = AXIS2_PLACEMENT_3D('',#13982,#13983,#13984);
#13982 = CARTESIAN_POINT('',(195.75,-80.6,0.));
#13983 = DIRECTION('',(1.,0.,-0.));
#13984 = DIRECTION('',(0.,-1.,0.));
#13985 = ADVANCED_FACE('',(#13986),#13992,.F.);
#13986 = FACE_BOUND('',#13987,.T.);
#13987 = EDGE_LOOP('',(#13988,#13989,#13990,#13991));
#13988 = ORIENTED_EDGE('',*,*,#13974,.T.);
#13989 = ORIENTED_EDGE('',*,*,#13570,.T.);
#13990 = ORIENTED_EDGE('',*,*,#13955,.F.);
#13991 = ORIENTED_EDGE('',*,*,#13329,.F.);
#13992 = CYLINDRICAL_SURFACE('',#13993,3.15);
#13993 = AXIS2_PLACEMENT_3D('',#13994,#13995,#13996);
#13994 = CARTESIAN_POINT('',(198.9,-89.6,0.));
#13995 = DIRECTION('',(-0.,-0.,-1.));
#13996 = DIRECTION('',(-1.,-4.51138244927E-15,0.));
#13997 = ( GEOMETRIC_REPRESENTATION_CONTEXT(3) 
GLOBAL_UNCERTAINTY_ASSIGNED_CONTEXT((#14001)) 
GLOBAL_UNIT_ASSIGNED_CONTEXT((#13998,#13999,#14000)) 
REPRESENTATION_CONTEXT('Context #1',
  '3D Context with UNIT and UNCERTAINTY') );
#13998 = ( LENGTH_UNIT() NAMED_UNIT(*) SI_UNIT(.MILLI.,.METRE.) );
#13999 = ( NAMED_UNIT(*) PLANE_ANGLE_UNIT() SI_UNIT($,.RADIAN.) );
#14000 = ( NAMED_UNIT(*) SI_UNIT($,.STERADIAN.) SOLID_ANGLE_UNIT() );
#14001 = UNCERTAINTY_MEASURE_WITH_UNIT(LENGTH_MEASURE(1.E-07),#13998,
  'distance_accuracy_value','confusion accuracy');
#14002 = CONTEXT_DEPENDENT_SHAPE_REPRESENTATION(#14003,#14005);
#14003 = ( REPRESENTATION_RELATIONSHIP('','',#13071,#10) 
REPRESENTATION_RELATIONSHIP_WITH_TRANSFORMATION(#14004) 
SHAPE_REPRESENTATION_RELATIONSHIP() );
#14004 = ITEM_DEFINED_TRANSFORMATION('','',#11,#51);
#14005 = PRODUCT_DEFINITION_SHAPE('Placement','Placement of an item',
  #14006);
#14006 = NEXT_ASSEMBLY_USAGE_OCCURRENCE('13','=>[0:1:1:8]','',#5,#13066,
  $);
#14007 = PRODUCT_RELATED_PRODUCT_CATEGORY('part',$,(#13068));
#14008 = MECHANICAL_DESIGN_GEOMETRIC_PRESENTATION_REPRESENTATION('',(
    #14009),#13997);
#14009 = STYLED_ITEM('color',(#14010),#13072);
#14010 = PRESENTATION_STYLE_ASSIGNMENT((#14011));
#14011 = SURFACE_STYLE_USAGE(.BOTH.,#14012);
#14012 = SURFACE_SIDE_STYLE('',(#14013));
#14013 = SURFACE_STYLE_FILL_AREA(#14014);
#14014 = FILL_AREA_STYLE('',(#14015));
#14015 = FILL_AREA_STYLE_COLOUR('',#14016);
#14016 = COLOUR_RGB('',0.313304153717,0.484529207832,0.410020903123);
#14017 = MECHANICAL_DESIGN_GEOMETRIC_PRESENTATION_REPRESENTATION('',(
    #14018,#14026,#14033,#14040,#14047,#14054,#14061,#14068,#14075,
    #14082,#14089,#14096,#14103,#14110,#14117,#14124,#14131,#14138,
    #14145,#14152,#14159,#14166,#14174,#14181,#14188,#14195,#14202,
    #14209,#14216,#14223,#14230,#14237,#14244,#14251,#14258,#14265,
    #14272,#14279,#14286,#14293,#14300,#14307,#14314,#14321,#14328,
    #14335,#14342,#14349,#14356,#14363,#14370,#14377,#14384,#14391,
    #14398,#14405,#14412,#14419,#14426,#14433,#14440,#14447,#14454,
    #14461,#14468,#14475,#14482,#14489,#14496,#14503,#14510,#14517,
    #14524,#14531,#14538,#14545,#14552,#14559,#14566,#14573,#14580,
    #14587,#14594,#14601,#14608,#14615,#14622,#14629,#14636,#14643,
    #14650,#14657,#14664,#14671,#14678,#14685,#14692,#14699,#14706,
    #14713,#14720,#14727,#14734,#14741,#14748,#14755,#14762,#14769,
    #14776,#14783,#14790,#14797,#14804,#14811,#14818,#14825,#14832,
    #14839,#14846,#14853,#14860,#14867,#14874,#14881,#14888,#14895,
    #14902,#14909,#14916,#14923,#14930,#14937,#14944,#14951,#14958,
    #14965,#14972,#14979,#14986,#14993,#15000,#15007,#15014,#15021,
    #15028,#15035,#15042,#15049,#15056,#15063,#15070,#15077,#15084,
    #15091,#15098,#15105,#15112,#15119,#15126,#15133,#15140,#15147,
    #15154,#15161,#15168,#15175,#15182,#15189,#15196,#15203,#15210,
    #15217,#15224,#15231,#15238,#15245,#15252,#15259,#15266,#15273,
    #15280,#15287,#15294,#15301,#15308,#15315,#15322,#15329,#15336,
    #15343,#15350,#15357,#15364,#15371,#15378,#15385,#15392,#15399,
    #15406,#15413,#15420,#15427,#15434,#15441,#15448,#15455,#15462,
    #15469,#15476,#15483,#15490,#15497,#15504,#15511,#15518,#15525,
    #15532,#15539,#15546,#15553,#15560,#15567,#15574,#15581,#15588,
    #15595,#15602,#15609,#15616,#15623,#15630,#15637,#15644,#15651),
  #13053);
#14018 = STYLED_ITEM('color',(#14019),#5674);
#14019 = PRESENTATION_STYLE_ASSIGNMENT((#14020));
#14020 = SURFACE_STYLE_USAGE(.BOTH.,#14021);
#14021 = SURFACE_SIDE_STYLE('',(#14022));
#14022 = SURFACE_STYLE_FILL_AREA(#14023);
#14023 = FILL_AREA_STYLE('',(#14024));
#14024 = FILL_AREA_STYLE_COLOUR('',#14025);
#14025 = COLOUR_RGB('',0.894117649055,0.890196087049,0.811764731185);
#14026 = STYLED_ITEM('color',(#14027),#5810);
#14027 = PRESENTATION_STYLE_ASSIGNMENT((#14028));
#14028 = SURFACE_STYLE_USAGE(.BOTH.,#14029);
#14029 = SURFACE_SIDE_STYLE('',(#14030));
#14030 = SURFACE_STYLE_FILL_AREA(#14031);
#14031 = FILL_AREA_STYLE('',(#14032));
#14032 = FILL_AREA_STYLE_COLOUR('',#14025);
#14033 = STYLED_ITEM('color',(#14034),#5873);
#14034 = PRESENTATION_STYLE_ASSIGNMENT((#14035));
#14035 = SURFACE_STYLE_USAGE(.BOTH.,#14036);
#14036 = SURFACE_SIDE_STYLE('',(#14037));
#14037 = SURFACE_STYLE_FILL_AREA(#14038);
#14038 = FILL_AREA_STYLE('',(#14039));
#14039 = FILL_AREA_STYLE_COLOUR('',#14025);
#14040 = STYLED_ITEM('color',(#14041),#5913);
#14041 = PRESENTATION_STYLE_ASSIGNMENT((#14042));
#14042 = SURFACE_STYLE_USAGE(.BOTH.,#14043);
#14043 = SURFACE_SIDE_STYLE('',(#14044));
#14044 = SURFACE_STYLE_FILL_AREA(#14045);
#14045 = FILL_AREA_STYLE('',(#14046));
#14046 = FILL_AREA_STYLE_COLOUR('',#14025);
#14047 = STYLED_ITEM('color',(#14048),#5937);
#14048 = PRESENTATION_STYLE_ASSIGNMENT((#14049));
#14049 = SURFACE_STYLE_USAGE(.BOTH.,#14050);
#14050 = SURFACE_SIDE_STYLE('',(#14051));
#14051 = SURFACE_STYLE_FILL_AREA(#14052);
#14052 = FILL_AREA_STYLE('',(#14053));
#14053 = FILL_AREA_STYLE_COLOUR('',#14025);
#14054 = STYLED_ITEM('color',(#14055),#5993);
#14055 = PRESENTATION_STYLE_ASSIGNMENT((#14056));
#14056 = SURFACE_STYLE_USAGE(.BOTH.,#14057);
#14057 = SURFACE_SIDE_STYLE('',(#14058));
#14058 = SURFACE_STYLE_FILL_AREA(#14059);
#14059 = FILL_AREA_STYLE('',(#14060));
#14060 = FILL_AREA_STYLE_COLOUR('',#14025);
#14061 = STYLED_ITEM('color',(#14062),#6017);
#14062 = PRESENTATION_STYLE_ASSIGNMENT((#14063));
#14063 = SURFACE_STYLE_USAGE(.BOTH.,#14064);
#14064 = SURFACE_SIDE_STYLE('',(#14065));
#14065 = SURFACE_STYLE_FILL_AREA(#14066);
#14066 = FILL_AREA_STYLE('',(#14067));
#14067 = FILL_AREA_STYLE_COLOUR('',#14025);
#14068 = STYLED_ITEM('color',(#14069),#6616);
#14069 = PRESENTATION_STYLE_ASSIGNMENT((#14070));
#14070 = SURFACE_STYLE_USAGE(.BOTH.,#14071);
#14071 = SURFACE_SIDE_STYLE('',(#14072));
#14072 = SURFACE_STYLE_FILL_AREA(#14073);
#14073 = FILL_AREA_STYLE('',(#14074));
#14074 = FILL_AREA_STYLE_COLOUR('',#14025);
#14075 = STYLED_ITEM('color',(#14076),#6672);
#14076 = PRESENTATION_STYLE_ASSIGNMENT((#14077));
#14077 = SURFACE_STYLE_USAGE(.BOTH.,#14078);
#14078 = SURFACE_SIDE_STYLE('',(#14079));
#14079 = SURFACE_STYLE_FILL_AREA(#14080);
#14080 = FILL_AREA_STYLE('',(#14081));
#14081 = FILL_AREA_STYLE_COLOUR('',#14025);
#14082 = STYLED_ITEM('color',(#14083),#6696);
#14083 = PRESENTATION_STYLE_ASSIGNMENT((#14084));
#14084 = SURFACE_STYLE_USAGE(.BOTH.,#14085);
#14085 = SURFACE_SIDE_STYLE('',(#14086));
#14086 = SURFACE_STYLE_FILL_AREA(#14087);
#14087 = FILL_AREA_STYLE('',(#14088));
#14088 = FILL_AREA_STYLE_COLOUR('',#14025);
#14089 = STYLED_ITEM('color',(#14090),#6720);
#14090 = PRESENTATION_STYLE_ASSIGNMENT((#14091));
#14091 = SURFACE_STYLE_USAGE(.BOTH.,#14092);
#14092 = SURFACE_SIDE_STYLE('',(#14093));
#14093 = SURFACE_STYLE_FILL_AREA(#14094);
#14094 = FILL_AREA_STYLE('',(#14095));
#14095 = FILL_AREA_STYLE_COLOUR('',#14025);
#14096 = STYLED_ITEM('color',(#14097),#6744);
#14097 = PRESENTATION_STYLE_ASSIGNMENT((#14098));
#14098 = SURFACE_STYLE_USAGE(.BOTH.,#14099);
#14099 = SURFACE_SIDE_STYLE('',(#14100));
#14100 = SURFACE_STYLE_FILL_AREA(#14101);
#14101 = FILL_AREA_STYLE('',(#14102));
#14102 = FILL_AREA_STYLE_COLOUR('',#14025);
#14103 = STYLED_ITEM('color',(#14104),#6768);
#14104 = PRESENTATION_STYLE_ASSIGNMENT((#14105));
#14105 = SURFACE_STYLE_USAGE(.BOTH.,#14106);
#14106 = SURFACE_SIDE_STYLE('',(#14107));
#14107 = SURFACE_STYLE_FILL_AREA(#14108);
#14108 = FILL_AREA_STYLE('',(#14109));
#14109 = FILL_AREA_STYLE_COLOUR('',#14025);
#14110 = STYLED_ITEM('color',(#14111),#6849);
#14111 = PRESENTATION_STYLE_ASSIGNMENT((#14112));
#14112 = SURFACE_STYLE_USAGE(.BOTH.,#14113);
#14113 = SURFACE_SIDE_STYLE('',(#14114));
#14114 = SURFACE_STYLE_FILL_AREA(#14115);
#14115 = FILL_AREA_STYLE('',(#14116));
#14116 = FILL_AREA_STYLE_COLOUR('',#14025);
#14117 = STYLED_ITEM('color',(#14118),#7033);
#14118 = PRESENTATION_STYLE_ASSIGNMENT((#14119));
#14119 = SURFACE_STYLE_USAGE(.BOTH.,#14120);
#14120 = SURFACE_SIDE_STYLE('',(#14121));
#14121 = SURFACE_STYLE_FILL_AREA(#14122);
#14122 = FILL_AREA_STYLE('',(#14123));
#14123 = FILL_AREA_STYLE_COLOUR('',#14025);
#14124 = STYLED_ITEM('color',(#14125),#7057);
#14125 = PRESENTATION_STYLE_ASSIGNMENT((#14126));
#14126 = SURFACE_STYLE_USAGE(.BOTH.,#14127);
#14127 = SURFACE_SIDE_STYLE('',(#14128));
#14128 = SURFACE_STYLE_FILL_AREA(#14129);
#14129 = FILL_AREA_STYLE('',(#14130));
#14130 = FILL_AREA_STYLE_COLOUR('',#14025);
#14131 = STYLED_ITEM('color',(#14132),#7081);
#14132 = PRESENTATION_STYLE_ASSIGNMENT((#14133));
#14133 = SURFACE_STYLE_USAGE(.BOTH.,#14134);
#14134 = SURFACE_SIDE_STYLE('',(#14135));
#14135 = SURFACE_STYLE_FILL_AREA(#14136);
#14136 = FILL_AREA_STYLE('',(#14137));
#14137 = FILL_AREA_STYLE_COLOUR('',#14025);
#14138 = STYLED_ITEM('color',(#14139),#7258);
#14139 = PRESENTATION_STYLE_ASSIGNMENT((#14140));
#14140 = SURFACE_STYLE_USAGE(.BOTH.,#14141);
#14141 = SURFACE_SIDE_STYLE('',(#14142));
#14142 = SURFACE_STYLE_FILL_AREA(#14143);
#14143 = FILL_AREA_STYLE('',(#14144));
#14144 = FILL_AREA_STYLE_COLOUR('',#14025);
#14145 = STYLED_ITEM('color',(#14146),#7346);
#14146 = PRESENTATION_STYLE_ASSIGNMENT((#14147));
#14147 = SURFACE_STYLE_USAGE(.BOTH.,#14148);
#14148 = SURFACE_SIDE_STYLE('',(#14149));
#14149 = SURFACE_STYLE_FILL_AREA(#14150);
#14150 = FILL_AREA_STYLE('',(#14151));
#14151 = FILL_AREA_STYLE_COLOUR('',#14025);
#14152 = STYLED_ITEM('color',(#14153),#7386);
#14153 = PRESENTATION_STYLE_ASSIGNMENT((#14154));
#14154 = SURFACE_STYLE_USAGE(.BOTH.,#14155);
#14155 = SURFACE_SIDE_STYLE('',(#14156));
#14156 = SURFACE_STYLE_FILL_AREA(#14157);
#14157 = FILL_AREA_STYLE('',(#14158));
#14158 = FILL_AREA_STYLE_COLOUR('',#14025);
#14159 = STYLED_ITEM('color',(#14160),#7419);
#14160 = PRESENTATION_STYLE_ASSIGNMENT((#14161));
#14161 = SURFACE_STYLE_USAGE(.BOTH.,#14162);
#14162 = SURFACE_SIDE_STYLE('',(#14163));
#14163 = SURFACE_STYLE_FILL_AREA(#14164);
#14164 = FILL_AREA_STYLE('',(#14165));
#14165 = FILL_AREA_STYLE_COLOUR('',#14025);
#14166 = STYLED_ITEM('color',(#14167),#7452);
#14167 = PRESENTATION_STYLE_ASSIGNMENT((#14168));
#14168 = SURFACE_STYLE_USAGE(.BOTH.,#14169);
#14169 = SURFACE_SIDE_STYLE('',(#14170));
#14170 = SURFACE_STYLE_FILL_AREA(#14171);
#14171 = FILL_AREA_STYLE('',(#14172));
#14172 = FILL_AREA_STYLE_COLOUR('',#14173);
#14173 = COLOUR_RGB('',0.823529417451,0.819607860991,0.780392170416);
#14174 = STYLED_ITEM('color',(#14175),#7476);
#14175 = PRESENTATION_STYLE_ASSIGNMENT((#14176));
#14176 = SURFACE_STYLE_USAGE(.BOTH.,#14177);
#14177 = SURFACE_SIDE_STYLE('',(#14178));
#14178 = SURFACE_STYLE_FILL_AREA(#14179);
#14179 = FILL_AREA_STYLE('',(#14180));
#14180 = FILL_AREA_STYLE_COLOUR('',#14173);
#14181 = STYLED_ITEM('color',(#14182),#7543);
#14182 = PRESENTATION_STYLE_ASSIGNMENT((#14183));
#14183 = SURFACE_STYLE_USAGE(.BOTH.,#14184);
#14184 = SURFACE_SIDE_STYLE('',(#14185));
#14185 = SURFACE_STYLE_FILL_AREA(#14186);
#14186 = FILL_AREA_STYLE('',(#14187));
#14187 = FILL_AREA_STYLE_COLOUR('',#14173);
#14188 = STYLED_ITEM('color',(#14189),#7567);
#14189 = PRESENTATION_STYLE_ASSIGNMENT((#14190));
#14190 = SURFACE_STYLE_USAGE(.BOTH.,#14191);
#14191 = SURFACE_SIDE_STYLE('',(#14192));
#14192 = SURFACE_STYLE_FILL_AREA(#14193);
#14193 = FILL_AREA_STYLE('',(#14194));
#14194 = FILL_AREA_STYLE_COLOUR('',#14025);
#14195 = STYLED_ITEM('color',(#14196),#7591);
#14196 = PRESENTATION_STYLE_ASSIGNMENT((#14197));
#14197 = SURFACE_STYLE_USAGE(.BOTH.,#14198);
#14198 = SURFACE_SIDE_STYLE('',(#14199));
#14199 = SURFACE_STYLE_FILL_AREA(#14200);
#14200 = FILL_AREA_STYLE('',(#14201));
#14201 = FILL_AREA_STYLE_COLOUR('',#14173);
#14202 = STYLED_ITEM('color',(#14203),#7608);
#14203 = PRESENTATION_STYLE_ASSIGNMENT((#14204));
#14204 = SURFACE_STYLE_USAGE(.BOTH.,#14205);
#14205 = SURFACE_SIDE_STYLE('',(#14206));
#14206 = SURFACE_STYLE_FILL_AREA(#14207);
#14207 = FILL_AREA_STYLE('',(#14208));
#14208 = FILL_AREA_STYLE_COLOUR('',#14025);
#14209 = STYLED_ITEM('color',(#14210),#7632);
#14210 = PRESENTATION_STYLE_ASSIGNMENT((#14211));
#14211 = SURFACE_STYLE_USAGE(.BOTH.,#14212);
#14212 = SURFACE_SIDE_STYLE('',(#14213));
#14213 = SURFACE_STYLE_FILL_AREA(#14214);
#14214 = FILL_AREA_STYLE('',(#14215));
#14215 = FILL_AREA_STYLE_COLOUR('',#14173);
#14216 = STYLED_ITEM('color',(#14217),#7727);
#14217 = PRESENTATION_STYLE_ASSIGNMENT((#14218));
#14218 = SURFACE_STYLE_USAGE(.BOTH.,#14219);
#14219 = SURFACE_SIDE_STYLE('',(#14220));
#14220 = SURFACE_STYLE_FILL_AREA(#14221);
#14221 = FILL_AREA_STYLE('',(#14222));
#14222 = FILL_AREA_STYLE_COLOUR('',#14173);
#14223 = STYLED_ITEM('color',(#14224),#7751);
#14224 = PRESENTATION_STYLE_ASSIGNMENT((#14225));
#14225 = SURFACE_STYLE_USAGE(.BOTH.,#14226);
#14226 = SURFACE_SIDE_STYLE('',(#14227));
#14227 = SURFACE_STYLE_FILL_AREA(#14228);
#14228 = FILL_AREA_STYLE('',(#14229));
#14229 = FILL_AREA_STYLE_COLOUR('',#14173);
#14230 = STYLED_ITEM('color',(#14231),#7776);
#14231 = PRESENTATION_STYLE_ASSIGNMENT((#14232));
#14232 = SURFACE_STYLE_USAGE(.BOTH.,#14233);
#14233 = SURFACE_SIDE_STYLE('',(#14234));
#14234 = SURFACE_STYLE_FILL_AREA(#14235);
#14235 = FILL_AREA_STYLE('',(#14236));
#14236 = FILL_AREA_STYLE_COLOUR('',#14173);
#14237 = STYLED_ITEM('color',(#14238),#7808);
#14238 = PRESENTATION_STYLE_ASSIGNMENT((#14239));
#14239 = SURFACE_STYLE_USAGE(.BOTH.,#14240);
#14240 = SURFACE_SIDE_STYLE('',(#14241));
#14241 = SURFACE_STYLE_FILL_AREA(#14242);
#14242 = FILL_AREA_STYLE('',(#14243));
#14243 = FILL_AREA_STYLE_COLOUR('',#14173);
#14244 = STYLED_ITEM('color',(#14245),#7825);
#14245 = PRESENTATION_STYLE_ASSIGNMENT((#14246));
#14246 = SURFACE_STYLE_USAGE(.BOTH.,#14247);
#14247 = SURFACE_SIDE_STYLE('',(#14248));
#14248 = SURFACE_STYLE_FILL_AREA(#14249);
#14249 = FILL_AREA_STYLE('',(#14250));
#14250 = FILL_AREA_STYLE_COLOUR('',#14025);
#14251 = STYLED_ITEM('color',(#14252),#7847);
#14252 = PRESENTATION_STYLE_ASSIGNMENT((#14253));
#14253 = SURFACE_STYLE_USAGE(.BOTH.,#14254);
#14254 = SURFACE_SIDE_STYLE('',(#14255));
#14255 = SURFACE_STYLE_FILL_AREA(#14256);
#14256 = FILL_AREA_STYLE('',(#14257));
#14257 = FILL_AREA_STYLE_COLOUR('',#14025);
#14258 = STYLED_ITEM('color',(#14259),#7864);
#14259 = PRESENTATION_STYLE_ASSIGNMENT((#14260));
#14260 = SURFACE_STYLE_USAGE(.BOTH.,#14261);
#14261 = SURFACE_SIDE_STYLE('',(#14262));
#14262 = SURFACE_STYLE_FILL_AREA(#14263);
#14263 = FILL_AREA_STYLE('',(#14264));
#14264 = FILL_AREA_STYLE_COLOUR('',#14025);
#14265 = STYLED_ITEM('color',(#14266),#7915);
#14266 = PRESENTATION_STYLE_ASSIGNMENT((#14267));
#14267 = SURFACE_STYLE_USAGE(.BOTH.,#14268);
#14268 = SURFACE_SIDE_STYLE('',(#14269));
#14269 = SURFACE_STYLE_FILL_AREA(#14270);
#14270 = FILL_AREA_STYLE('',(#14271));
#14271 = FILL_AREA_STYLE_COLOUR('',#14025);
#14272 = STYLED_ITEM('color',(#14273),#7927);
#14273 = PRESENTATION_STYLE_ASSIGNMENT((#14274));
#14274 = SURFACE_STYLE_USAGE(.BOTH.,#14275);
#14275 = SURFACE_SIDE_STYLE('',(#14276));
#14276 = SURFACE_STYLE_FILL_AREA(#14277);
#14277 = FILL_AREA_STYLE('',(#14278));
#14278 = FILL_AREA_STYLE_COLOUR('',#14025);
#14279 = STYLED_ITEM('color',(#14280),#7958);
#14280 = PRESENTATION_STYLE_ASSIGNMENT((#14281));
#14281 = SURFACE_STYLE_USAGE(.BOTH.,#14282);
#14282 = SURFACE_SIDE_STYLE('',(#14283));
#14283 = SURFACE_STYLE_FILL_AREA(#14284);
#14284 = FILL_AREA_STYLE('',(#14285));
#14285 = FILL_AREA_STYLE_COLOUR('',#14025);
#14286 = STYLED_ITEM('color',(#14287),#7982);
#14287 = PRESENTATION_STYLE_ASSIGNMENT((#14288));
#14288 = SURFACE_STYLE_USAGE(.BOTH.,#14289);
#14289 = SURFACE_SIDE_STYLE('',(#14290));
#14290 = SURFACE_STYLE_FILL_AREA(#14291);
#14291 = FILL_AREA_STYLE('',(#14292));
#14292 = FILL_AREA_STYLE_COLOUR('',#14025);
#14293 = STYLED_ITEM('color',(#14294),#8006);
#14294 = PRESENTATION_STYLE_ASSIGNMENT((#14295));
#14295 = SURFACE_STYLE_USAGE(.BOTH.,#14296);
#14296 = SURFACE_SIDE_STYLE('',(#14297));
#14297 = SURFACE_STYLE_FILL_AREA(#14298);
#14298 = FILL_AREA_STYLE('',(#14299));
#14299 = FILL_AREA_STYLE_COLOUR('',#14025);
#14300 = STYLED_ITEM('color',(#14301),#8030);
#14301 = PRESENTATION_STYLE_ASSIGNMENT((#14302));
#14302 = SURFACE_STYLE_USAGE(.BOTH.,#14303);
#14303 = SURFACE_SIDE_STYLE('',(#14304));
#14304 = SURFACE_STYLE_FILL_AREA(#14305);
#14305 = FILL_AREA_STYLE('',(#14306));
#14306 = FILL_AREA_STYLE_COLOUR('',#14025);
#14307 = STYLED_ITEM('color',(#14308),#8054);
#14308 = PRESENTATION_STYLE_ASSIGNMENT((#14309));
#14309 = SURFACE_STYLE_USAGE(.BOTH.,#14310);
#14310 = SURFACE_SIDE_STYLE('',(#14311));
#14311 = SURFACE_STYLE_FILL_AREA(#14312);
#14312 = FILL_AREA_STYLE('',(#14313));
#14313 = FILL_AREA_STYLE_COLOUR('',#14025);
#14314 = STYLED_ITEM('color',(#14315),#8078);
#14315 = PRESENTATION_STYLE_ASSIGNMENT((#14316));
#14316 = SURFACE_STYLE_USAGE(.BOTH.,#14317);
#14317 = SURFACE_SIDE_STYLE('',(#14318));
#14318 = SURFACE_STYLE_FILL_AREA(#14319);
#14319 = FILL_AREA_STYLE('',(#14320));
#14320 = FILL_AREA_STYLE_COLOUR('',#14025);
#14321 = STYLED_ITEM('color',(#14322),#8102);
#14322 = PRESENTATION_STYLE_ASSIGNMENT((#14323));
#14323 = SURFACE_STYLE_USAGE(.BOTH.,#14324);
#14324 = SURFACE_SIDE_STYLE('',(#14325));
#14325 = SURFACE_STYLE_FILL_AREA(#14326);
#14326 = FILL_AREA_STYLE('',(#14327));
#14327 = FILL_AREA_STYLE_COLOUR('',#14025);
#14328 = STYLED_ITEM('color',(#14329),#8126);
#14329 = PRESENTATION_STYLE_ASSIGNMENT((#14330));
#14330 = SURFACE_STYLE_USAGE(.BOTH.,#14331);
#14331 = SURFACE_SIDE_STYLE('',(#14332));
#14332 = SURFACE_STYLE_FILL_AREA(#14333);
#14333 = FILL_AREA_STYLE('',(#14334));
#14334 = FILL_AREA_STYLE_COLOUR('',#14025);
#14335 = STYLED_ITEM('color',(#14336),#8150);
#14336 = PRESENTATION_STYLE_ASSIGNMENT((#14337));
#14337 = SURFACE_STYLE_USAGE(.BOTH.,#14338);
#14338 = SURFACE_SIDE_STYLE('',(#14339));
#14339 = SURFACE_STYLE_FILL_AREA(#14340);
#14340 = FILL_AREA_STYLE('',(#14341));
#14341 = FILL_AREA_STYLE_COLOUR('',#14025);
#14342 = STYLED_ITEM('color',(#14343),#8174);
#14343 = PRESENTATION_STYLE_ASSIGNMENT((#14344));
#14344 = SURFACE_STYLE_USAGE(.BOTH.,#14345);
#14345 = SURFACE_SIDE_STYLE('',(#14346));
#14346 = SURFACE_STYLE_FILL_AREA(#14347);
#14347 = FILL_AREA_STYLE('',(#14348));
#14348 = FILL_AREA_STYLE_COLOUR('',#14025);
#14349 = STYLED_ITEM('color',(#14350),#8206);
#14350 = PRESENTATION_STYLE_ASSIGNMENT((#14351));
#14351 = SURFACE_STYLE_USAGE(.BOTH.,#14352);
#14352 = SURFACE_SIDE_STYLE('',(#14353));
#14353 = SURFACE_STYLE_FILL_AREA(#14354);
#14354 = FILL_AREA_STYLE('',(#14355));
#14355 = FILL_AREA_STYLE_COLOUR('',#14025);
#14356 = STYLED_ITEM('color',(#14357),#8230);
#14357 = PRESENTATION_STYLE_ASSIGNMENT((#14358));
#14358 = SURFACE_STYLE_USAGE(.BOTH.,#14359);
#14359 = SURFACE_SIDE_STYLE('',(#14360));
#14360 = SURFACE_STYLE_FILL_AREA(#14361);
#14361 = FILL_AREA_STYLE('',(#14362));
#14362 = FILL_AREA_STYLE_COLOUR('',#14025);
#14363 = STYLED_ITEM('color',(#14364),#8270);
#14364 = PRESENTATION_STYLE_ASSIGNMENT((#14365));
#14365 = SURFACE_STYLE_USAGE(.BOTH.,#14366);
#14366 = SURFACE_SIDE_STYLE('',(#14367));
#14367 = SURFACE_STYLE_FILL_AREA(#14368);
#14368 = FILL_AREA_STYLE('',(#14369));
#14369 = FILL_AREA_STYLE_COLOUR('',#14025);
#14370 = STYLED_ITEM('color',(#14371),#8302);
#14371 = PRESENTATION_STYLE_ASSIGNMENT((#14372));
#14372 = SURFACE_STYLE_USAGE(.BOTH.,#14373);
#14373 = SURFACE_SIDE_STYLE('',(#14374));
#14374 = SURFACE_STYLE_FILL_AREA(#14375);
#14375 = FILL_AREA_STYLE('',(#14376));
#14376 = FILL_AREA_STYLE_COLOUR('',#14025);
#14377 = STYLED_ITEM('color',(#14378),#8326);
#14378 = PRESENTATION_STYLE_ASSIGNMENT((#14379));
#14379 = SURFACE_STYLE_USAGE(.BOTH.,#14380);
#14380 = SURFACE_SIDE_STYLE('',(#14381));
#14381 = SURFACE_STYLE_FILL_AREA(#14382);
#14382 = FILL_AREA_STYLE('',(#14383));
#14383 = FILL_AREA_STYLE_COLOUR('',#14025);
#14384 = STYLED_ITEM('color',(#14385),#8366);
#14385 = PRESENTATION_STYLE_ASSIGNMENT((#14386));
#14386 = SURFACE_STYLE_USAGE(.BOTH.,#14387);
#14387 = SURFACE_SIDE_STYLE('',(#14388));
#14388 = SURFACE_STYLE_FILL_AREA(#14389);
#14389 = FILL_AREA_STYLE('',(#14390));
#14390 = FILL_AREA_STYLE_COLOUR('',#14025);
#14391 = STYLED_ITEM('color',(#14392),#8406);
#14392 = PRESENTATION_STYLE_ASSIGNMENT((#14393));
#14393 = SURFACE_STYLE_USAGE(.BOTH.,#14394);
#14394 = SURFACE_SIDE_STYLE('',(#14395));
#14395 = SURFACE_STYLE_FILL_AREA(#14396);
#14396 = FILL_AREA_STYLE('',(#14397));
#14397 = FILL_AREA_STYLE_COLOUR('',#14025);
#14398 = STYLED_ITEM('color',(#14399),#8430);
#14399 = PRESENTATION_STYLE_ASSIGNMENT((#14400));
#14400 = SURFACE_STYLE_USAGE(.BOTH.,#14401);
#14401 = SURFACE_SIDE_STYLE('',(#14402));
#14402 = SURFACE_STYLE_FILL_AREA(#14403);
#14403 = FILL_AREA_STYLE('',(#14404));
#14404 = FILL_AREA_STYLE_COLOUR('',#14025);
#14405 = STYLED_ITEM('color',(#14406),#8462);
#14406 = PRESENTATION_STYLE_ASSIGNMENT((#14407));
#14407 = SURFACE_STYLE_USAGE(.BOTH.,#14408);
#14408 = SURFACE_SIDE_STYLE('',(#14409));
#14409 = SURFACE_STYLE_FILL_AREA(#14410);
#14410 = FILL_AREA_STYLE('',(#14411));
#14411 = FILL_AREA_STYLE_COLOUR('',#14025);
#14412 = STYLED_ITEM('color',(#14413),#8502);
#14413 = PRESENTATION_STYLE_ASSIGNMENT((#14414));
#14414 = SURFACE_STYLE_USAGE(.BOTH.,#14415);
#14415 = SURFACE_SIDE_STYLE('',(#14416));
#14416 = SURFACE_STYLE_FILL_AREA(#14417);
#14417 = FILL_AREA_STYLE('',(#14418));
#14418 = FILL_AREA_STYLE_COLOUR('',#14025);
#14419 = STYLED_ITEM('color',(#14420),#8526);
#14420 = PRESENTATION_STYLE_ASSIGNMENT((#14421));
#14421 = SURFACE_STYLE_USAGE(.BOTH.,#14422);
#14422 = SURFACE_SIDE_STYLE('',(#14423));
#14423 = SURFACE_STYLE_FILL_AREA(#14424);
#14424 = FILL_AREA_STYLE('',(#14425));
#14425 = FILL_AREA_STYLE_COLOUR('',#14025);
#14426 = STYLED_ITEM('color',(#14427),#8558);
#14427 = PRESENTATION_STYLE_ASSIGNMENT((#14428));
#14428 = SURFACE_STYLE_USAGE(.BOTH.,#14429);
#14429 = SURFACE_SIDE_STYLE('',(#14430));
#14430 = SURFACE_STYLE_FILL_AREA(#14431);
#14431 = FILL_AREA_STYLE('',(#14432));
#14432 = FILL_AREA_STYLE_COLOUR('',#14025);
#14433 = STYLED_ITEM('color',(#14434),#8582);
#14434 = PRESENTATION_STYLE_ASSIGNMENT((#14435));
#14435 = SURFACE_STYLE_USAGE(.BOTH.,#14436);
#14436 = SURFACE_SIDE_STYLE('',(#14437));
#14437 = SURFACE_STYLE_FILL_AREA(#14438);
#14438 = FILL_AREA_STYLE('',(#14439));
#14439 = FILL_AREA_STYLE_COLOUR('',#14025);
#14440 = STYLED_ITEM('color',(#14441),#8606);
#14441 = PRESENTATION_STYLE_ASSIGNMENT((#14442));
#14442 = SURFACE_STYLE_USAGE(.BOTH.,#14443);
#14443 = SURFACE_SIDE_STYLE('',(#14444));
#14444 = SURFACE_STYLE_FILL_AREA(#14445);
#14445 = FILL_AREA_STYLE('',(#14446));
#14446 = FILL_AREA_STYLE_COLOUR('',#14025);
#14447 = STYLED_ITEM('color',(#14448),#8630);
#14448 = PRESENTATION_STYLE_ASSIGNMENT((#14449));
#14449 = SURFACE_STYLE_USAGE(.BOTH.,#14450);
#14450 = SURFACE_SIDE_STYLE('',(#14451));
#14451 = SURFACE_STYLE_FILL_AREA(#14452);
#14452 = FILL_AREA_STYLE('',(#14453));
#14453 = FILL_AREA_STYLE_COLOUR('',#14025);
#14454 = STYLED_ITEM('color',(#14455),#8654);
#14455 = PRESENTATION_STYLE_ASSIGNMENT((#14456));
#14456 = SURFACE_STYLE_USAGE(.BOTH.,#14457);
#14457 = SURFACE_SIDE_STYLE('',(#14458));
#14458 = SURFACE_STYLE_FILL_AREA(#14459);
#14459 = FILL_AREA_STYLE('',(#14460));
#14460 = FILL_AREA_STYLE_COLOUR('',#14025);
#14461 = STYLED_ITEM('color',(#14462),#8686);
#14462 = PRESENTATION_STYLE_ASSIGNMENT((#14463));
#14463 = SURFACE_STYLE_USAGE(.BOTH.,#14464);
#14464 = SURFACE_SIDE_STYLE('',(#14465));
#14465 = SURFACE_STYLE_FILL_AREA(#14466);
#14466 = FILL_AREA_STYLE('',(#14467));
#14467 = FILL_AREA_STYLE_COLOUR('',#14025);
#14468 = STYLED_ITEM('color',(#14469),#8710);
#14469 = PRESENTATION_STYLE_ASSIGNMENT((#14470));
#14470 = SURFACE_STYLE_USAGE(.BOTH.,#14471);
#14471 = SURFACE_SIDE_STYLE('',(#14472));
#14472 = SURFACE_STYLE_FILL_AREA(#14473);
#14473 = FILL_AREA_STYLE('',(#14474));
#14474 = FILL_AREA_STYLE_COLOUR('',#14025);
#14475 = STYLED_ITEM('color',(#14476),#8750);
#14476 = PRESENTATION_STYLE_ASSIGNMENT((#14477));
#14477 = SURFACE_STYLE_USAGE(.BOTH.,#14478);
#14478 = SURFACE_SIDE_STYLE('',(#14479));
#14479 = SURFACE_STYLE_FILL_AREA(#14480);
#14480 = FILL_AREA_STYLE('',(#14481));
#14481 = FILL_AREA_STYLE_COLOUR('',#14025);
#14482 = STYLED_ITEM('color',(#14483),#8782);
#14483 = PRESENTATION_STYLE_ASSIGNMENT((#14484));
#14484 = SURFACE_STYLE_USAGE(.BOTH.,#14485);
#14485 = SURFACE_SIDE_STYLE('',(#14486));
#14486 = SURFACE_STYLE_FILL_AREA(#14487);
#14487 = FILL_AREA_STYLE('',(#14488));
#14488 = FILL_AREA_STYLE_COLOUR('',#14025);
#14489 = STYLED_ITEM('color',(#14490),#8806);
#14490 = PRESENTATION_STYLE_ASSIGNMENT((#14491));
#14491 = SURFACE_STYLE_USAGE(.BOTH.,#14492);
#14492 = SURFACE_SIDE_STYLE('',(#14493));
#14493 = SURFACE_STYLE_FILL_AREA(#14494);
#14494 = FILL_AREA_STYLE('',(#14495));
#14495 = FILL_AREA_STYLE_COLOUR('',#14025);
#14496 = STYLED_ITEM('color',(#14497),#8846);
#14497 = PRESENTATION_STYLE_ASSIGNMENT((#14498));
#14498 = SURFACE_STYLE_USAGE(.BOTH.,#14499);
#14499 = SURFACE_SIDE_STYLE('',(#14500));
#14500 = SURFACE_STYLE_FILL_AREA(#14501);
#14501 = FILL_AREA_STYLE('',(#14502));
#14502 = FILL_AREA_STYLE_COLOUR('',#14025);
#14503 = STYLED_ITEM('color',(#14504),#8886);
#14504 = PRESENTATION_STYLE_ASSIGNMENT((#14505));
#14505 = SURFACE_STYLE_USAGE(.BOTH.,#14506);
#14506 = SURFACE_SIDE_STYLE('',(#14507));
#14507 = SURFACE_STYLE_FILL_AREA(#14508);
#14508 = FILL_AREA_STYLE('',(#14509));
#14509 = FILL_AREA_STYLE_COLOUR('',#14025);
#14510 = STYLED_ITEM('color',(#14511),#8910);
#14511 = PRESENTATION_STYLE_ASSIGNMENT((#14512));
#14512 = SURFACE_STYLE_USAGE(.BOTH.,#14513);
#14513 = SURFACE_SIDE_STYLE('',(#14514));
#14514 = SURFACE_STYLE_FILL_AREA(#14515);
#14515 = FILL_AREA_STYLE('',(#14516));
#14516 = FILL_AREA_STYLE_COLOUR('',#14025);
#14517 = STYLED_ITEM('color',(#14518),#8942);
#14518 = PRESENTATION_STYLE_ASSIGNMENT((#14519));
#14519 = SURFACE_STYLE_USAGE(.BOTH.,#14520);
#14520 = SURFACE_SIDE_STYLE('',(#14521));
#14521 = SURFACE_STYLE_FILL_AREA(#14522);
#14522 = FILL_AREA_STYLE('',(#14523));
#14523 = FILL_AREA_STYLE_COLOUR('',#14025);
#14524 = STYLED_ITEM('color',(#14525),#8982);
#14525 = PRESENTATION_STYLE_ASSIGNMENT((#14526));
#14526 = SURFACE_STYLE_USAGE(.BOTH.,#14527);
#14527 = SURFACE_SIDE_STYLE('',(#14528));
#14528 = SURFACE_STYLE_FILL_AREA(#14529);
#14529 = FILL_AREA_STYLE('',(#14530));
#14530 = FILL_AREA_STYLE_COLOUR('',#14025);
#14531 = STYLED_ITEM('color',(#14532),#9006);
#14532 = PRESENTATION_STYLE_ASSIGNMENT((#14533));
#14533 = SURFACE_STYLE_USAGE(.BOTH.,#14534);
#14534 = SURFACE_SIDE_STYLE('',(#14535));
#14535 = SURFACE_STYLE_FILL_AREA(#14536);
#14536 = FILL_AREA_STYLE('',(#14537));
#14537 = FILL_AREA_STYLE_COLOUR('',#14025);
#14538 = STYLED_ITEM('color',(#14539),#9038);
#14539 = PRESENTATION_STYLE_ASSIGNMENT((#14540));
#14540 = SURFACE_STYLE_USAGE(.BOTH.,#14541);
#14541 = SURFACE_SIDE_STYLE('',(#14542));
#14542 = SURFACE_STYLE_FILL_AREA(#14543);
#14543 = FILL_AREA_STYLE('',(#14544));
#14544 = FILL_AREA_STYLE_COLOUR('',#14025);
#14545 = STYLED_ITEM('color',(#14546),#9062);
#14546 = PRESENTATION_STYLE_ASSIGNMENT((#14547));
#14547 = SURFACE_STYLE_USAGE(.BOTH.,#14548);
#14548 = SURFACE_SIDE_STYLE('',(#14549));
#14549 = SURFACE_STYLE_FILL_AREA(#14550);
#14550 = FILL_AREA_STYLE('',(#14551));
#14551 = FILL_AREA_STYLE_COLOUR('',#14025);
#14552 = STYLED_ITEM('color',(#14553),#9086);
#14553 = PRESENTATION_STYLE_ASSIGNMENT((#14554));
#14554 = SURFACE_STYLE_USAGE(.BOTH.,#14555);
#14555 = SURFACE_SIDE_STYLE('',(#14556));
#14556 = SURFACE_STYLE_FILL_AREA(#14557);
#14557 = FILL_AREA_STYLE('',(#14558));
#14558 = FILL_AREA_STYLE_COLOUR('',#14025);
#14559 = STYLED_ITEM('color',(#14560),#9110);
#14560 = PRESENTATION_STYLE_ASSIGNMENT((#14561));
#14561 = SURFACE_STYLE_USAGE(.BOTH.,#14562);
#14562 = SURFACE_SIDE_STYLE('',(#14563));
#14563 = SURFACE_STYLE_FILL_AREA(#14564);
#14564 = FILL_AREA_STYLE('',(#14565));
#14565 = FILL_AREA_STYLE_COLOUR('',#14025);
#14566 = STYLED_ITEM('color',(#14567),#9134);
#14567 = PRESENTATION_STYLE_ASSIGNMENT((#14568));
#14568 = SURFACE_STYLE_USAGE(.BOTH.,#14569);
#14569 = SURFACE_SIDE_STYLE('',(#14570));
#14570 = SURFACE_STYLE_FILL_AREA(#14571);
#14571 = FILL_AREA_STYLE('',(#14572));
#14572 = FILL_AREA_STYLE_COLOUR('',#14025);
#14573 = STYLED_ITEM('color',(#14574),#9166);
#14574 = PRESENTATION_STYLE_ASSIGNMENT((#14575));
#14575 = SURFACE_STYLE_USAGE(.BOTH.,#14576);
#14576 = SURFACE_SIDE_STYLE('',(#14577));
#14577 = SURFACE_STYLE_FILL_AREA(#14578);
#14578 = FILL_AREA_STYLE('',(#14579));
#14579 = FILL_AREA_STYLE_COLOUR('',#14025);
#14580 = STYLED_ITEM('color',(#14581),#9190);
#14581 = PRESENTATION_STYLE_ASSIGNMENT((#14582));
#14582 = SURFACE_STYLE_USAGE(.BOTH.,#14583);
#14583 = SURFACE_SIDE_STYLE('',(#14584));
#14584 = SURFACE_STYLE_FILL_AREA(#14585);
#14585 = FILL_AREA_STYLE('',(#14586));
#14586 = FILL_AREA_STYLE_COLOUR('',#14025);
#14587 = STYLED_ITEM('color',(#14588),#9230);
#14588 = PRESENTATION_STYLE_ASSIGNMENT((#14589));
#14589 = SURFACE_STYLE_USAGE(.BOTH.,#14590);
#14590 = SURFACE_SIDE_STYLE('',(#14591));
#14591 = SURFACE_STYLE_FILL_AREA(#14592);
#14592 = FILL_AREA_STYLE('',(#14593));
#14593 = FILL_AREA_STYLE_COLOUR('',#14025);
#14594 = STYLED_ITEM('color',(#14595),#9262);
#14595 = PRESENTATION_STYLE_ASSIGNMENT((#14596));
#14596 = SURFACE_STYLE_USAGE(.BOTH.,#14597);
#14597 = SURFACE_SIDE_STYLE('',(#14598));
#14598 = SURFACE_STYLE_FILL_AREA(#14599);
#14599 = FILL_AREA_STYLE('',(#14600));
#14600 = FILL_AREA_STYLE_COLOUR('',#14025);
#14601 = STYLED_ITEM('color',(#14602),#9286);
#14602 = PRESENTATION_STYLE_ASSIGNMENT((#14603));
#14603 = SURFACE_STYLE_USAGE(.BOTH.,#14604);
#14604 = SURFACE_SIDE_STYLE('',(#14605));
#14605 = SURFACE_STYLE_FILL_AREA(#14606);
#14606 = FILL_AREA_STYLE('',(#14607));
#14607 = FILL_AREA_STYLE_COLOUR('',#14025);
#14608 = STYLED_ITEM('color',(#14609),#9319);
#14609 = PRESENTATION_STYLE_ASSIGNMENT((#14610));
#14610 = SURFACE_STYLE_USAGE(.BOTH.,#14611);
#14611 = SURFACE_SIDE_STYLE('',(#14612));
#14612 = SURFACE_STYLE_FILL_AREA(#14613);
#14613 = FILL_AREA_STYLE('',(#14614));
#14614 = FILL_AREA_STYLE_COLOUR('',#14025);
#14615 = STYLED_ITEM('color',(#14616),#9350);
#14616 = PRESENTATION_STYLE_ASSIGNMENT((#14617));
#14617 = SURFACE_STYLE_USAGE(.BOTH.,#14618);
#14618 = SURFACE_SIDE_STYLE('',(#14619));
#14619 = SURFACE_STYLE_FILL_AREA(#14620);
#14620 = FILL_AREA_STYLE('',(#14621));
#14621 = FILL_AREA_STYLE_COLOUR('',#14025);
#14622 = STYLED_ITEM('color',(#14623),#9374);
#14623 = PRESENTATION_STYLE_ASSIGNMENT((#14624));
#14624 = SURFACE_STYLE_USAGE(.BOTH.,#14625);
#14625 = SURFACE_SIDE_STYLE('',(#14626));
#14626 = SURFACE_STYLE_FILL_AREA(#14627);
#14627 = FILL_AREA_STYLE('',(#14628));
#14628 = FILL_AREA_STYLE_COLOUR('',#14025);
#14629 = STYLED_ITEM('color',(#14630),#9398);
#14630 = PRESENTATION_STYLE_ASSIGNMENT((#14631));
#14631 = SURFACE_STYLE_USAGE(.BOTH.,#14632);
#14632 = SURFACE_SIDE_STYLE('',(#14633));
#14633 = SURFACE_STYLE_FILL_AREA(#14634);
#14634 = FILL_AREA_STYLE('',(#14635));
#14635 = FILL_AREA_STYLE_COLOUR('',#14025);
#14636 = STYLED_ITEM('color',(#14637),#9415);
#14637 = PRESENTATION_STYLE_ASSIGNMENT((#14638));
#14638 = SURFACE_STYLE_USAGE(.BOTH.,#14639);
#14639 = SURFACE_SIDE_STYLE('',(#14640));
#14640 = SURFACE_STYLE_FILL_AREA(#14641);
#14641 = FILL_AREA_STYLE('',(#14642));
#14642 = FILL_AREA_STYLE_COLOUR('',#14025);
#14643 = STYLED_ITEM('color',(#14644),#9446);
#14644 = PRESENTATION_STYLE_ASSIGNMENT((#14645));
#14645 = SURFACE_STYLE_USAGE(.BOTH.,#14646);
#14646 = SURFACE_SIDE_STYLE('',(#14647));
#14647 = SURFACE_STYLE_FILL_AREA(#14648);
#14648 = FILL_AREA_STYLE('',(#14649));
#14649 = FILL_AREA_STYLE_COLOUR('',#14025);
#14650 = STYLED_ITEM('color',(#14651),#9470);
#14651 = PRESENTATION_STYLE_ASSIGNMENT((#14652));
#14652 = SURFACE_STYLE_USAGE(.BOTH.,#14653);
#14653 = SURFACE_SIDE_STYLE('',(#14654));
#14654 = SURFACE_STYLE_FILL_AREA(#14655);
#14655 = FILL_AREA_STYLE('',(#14656));
#14656 = FILL_AREA_STYLE_COLOUR('',#14025);
#14657 = STYLED_ITEM('color',(#14658),#9494);
#14658 = PRESENTATION_STYLE_ASSIGNMENT((#14659));
#14659 = SURFACE_STYLE_USAGE(.BOTH.,#14660);
#14660 = SURFACE_SIDE_STYLE('',(#14661));
#14661 = SURFACE_STYLE_FILL_AREA(#14662);
#14662 = FILL_AREA_STYLE('',(#14663));
#14663 = FILL_AREA_STYLE_COLOUR('',#14025);
#14664 = STYLED_ITEM('color',(#14665),#9511);
#14665 = PRESENTATION_STYLE_ASSIGNMENT((#14666));
#14666 = SURFACE_STYLE_USAGE(.BOTH.,#14667);
#14667 = SURFACE_SIDE_STYLE('',(#14668));
#14668 = SURFACE_STYLE_FILL_AREA(#14669);
#14669 = FILL_AREA_STYLE('',(#14670));
#14670 = FILL_AREA_STYLE_COLOUR('',#14025);
#14671 = STYLED_ITEM('color',(#14672),#9551);
#14672 = PRESENTATION_STYLE_ASSIGNMENT((#14673));
#14673 = SURFACE_STYLE_USAGE(.BOTH.,#14674);
#14674 = SURFACE_SIDE_STYLE('',(#14675));
#14675 = SURFACE_STYLE_FILL_AREA(#14676);
#14676 = FILL_AREA_STYLE('',(#14677));
#14677 = FILL_AREA_STYLE_COLOUR('',#14025);
#14678 = STYLED_ITEM('color',(#14679),#9568);
#14679 = PRESENTATION_STYLE_ASSIGNMENT((#14680));
#14680 = SURFACE_STYLE_USAGE(.BOTH.,#14681);
#14681 = SURFACE_SIDE_STYLE('',(#14682));
#14682 = SURFACE_STYLE_FILL_AREA(#14683);
#14683 = FILL_AREA_STYLE('',(#14684));
#14684 = FILL_AREA_STYLE_COLOUR('',#14025);
#14685 = STYLED_ITEM('color',(#14686),#9582);
#14686 = PRESENTATION_STYLE_ASSIGNMENT((#14687));
#14687 = SURFACE_STYLE_USAGE(.BOTH.,#14688);
#14688 = SURFACE_SIDE_STYLE('',(#14689));
#14689 = SURFACE_STYLE_FILL_AREA(#14690);
#14690 = FILL_AREA_STYLE('',(#14691));
#14691 = FILL_AREA_STYLE_COLOUR('',#14025);
#14692 = STYLED_ITEM('color',(#14693),#9599);
#14693 = PRESENTATION_STYLE_ASSIGNMENT((#14694));
#14694 = SURFACE_STYLE_USAGE(.BOTH.,#14695);
#14695 = SURFACE_SIDE_STYLE('',(#14696));
#14696 = SURFACE_STYLE_FILL_AREA(#14697);
#14697 = FILL_AREA_STYLE('',(#14698));
#14698 = FILL_AREA_STYLE_COLOUR('',#14173);
#14699 = STYLED_ITEM('color',(#14700),#9657);
#14700 = PRESENTATION_STYLE_ASSIGNMENT((#14701));
#14701 = SURFACE_STYLE_USAGE(.BOTH.,#14702);
#14702 = SURFACE_SIDE_STYLE('',(#14703));
#14703 = SURFACE_STYLE_FILL_AREA(#14704);
#14704 = FILL_AREA_STYLE('',(#14705));
#14705 = FILL_AREA_STYLE_COLOUR('',#14173);
#14706 = STYLED_ITEM('color',(#14707),#9681);
#14707 = PRESENTATION_STYLE_ASSIGNMENT((#14708));
#14708 = SURFACE_STYLE_USAGE(.BOTH.,#14709);
#14709 = SURFACE_SIDE_STYLE('',(#14710));
#14710 = SURFACE_STYLE_FILL_AREA(#14711);
#14711 = FILL_AREA_STYLE('',(#14712));
#14712 = FILL_AREA_STYLE_COLOUR('',#14173);
#14713 = STYLED_ITEM('color',(#14714),#9744);
#14714 = PRESENTATION_STYLE_ASSIGNMENT((#14715));
#14715 = SURFACE_STYLE_USAGE(.BOTH.,#14716);
#14716 = SURFACE_SIDE_STYLE('',(#14717));
#14717 = SURFACE_STYLE_FILL_AREA(#14718);
#14718 = FILL_AREA_STYLE('',(#14719));
#14719 = FILL_AREA_STYLE_COLOUR('',#14025);
#14720 = STYLED_ITEM('color',(#14721),#9768);
#14721 = PRESENTATION_STYLE_ASSIGNMENT((#14722));
#14722 = SURFACE_STYLE_USAGE(.BOTH.,#14723);
#14723 = SURFACE_SIDE_STYLE('',(#14724));
#14724 = SURFACE_STYLE_FILL_AREA(#14725);
#14725 = FILL_AREA_STYLE('',(#14726));
#14726 = FILL_AREA_STYLE_COLOUR('',#14173);
#14727 = STYLED_ITEM('color',(#14728),#9831);
#14728 = PRESENTATION_STYLE_ASSIGNMENT((#14729));
#14729 = SURFACE_STYLE_USAGE(.BOTH.,#14730);
#14730 = SURFACE_SIDE_STYLE('',(#14731));
#14731 = SURFACE_STYLE_FILL_AREA(#14732);
#14732 = FILL_AREA_STYLE('',(#14733));
#14733 = FILL_AREA_STYLE_COLOUR('',#14173);
#14734 = STYLED_ITEM('color',(#14735),#9855);
#14735 = PRESENTATION_STYLE_ASSIGNMENT((#14736));
#14736 = SURFACE_STYLE_USAGE(.BOTH.,#14737);
#14737 = SURFACE_SIDE_STYLE('',(#14738));
#14738 = SURFACE_STYLE_FILL_AREA(#14739);
#14739 = FILL_AREA_STYLE('',(#14740));
#14740 = FILL_AREA_STYLE_COLOUR('',#14173);
#14741 = STYLED_ITEM('color',(#14742),#9918);
#14742 = PRESENTATION_STYLE_ASSIGNMENT((#14743));
#14743 = SURFACE_STYLE_USAGE(.BOTH.,#14744);
#14744 = SURFACE_SIDE_STYLE('',(#14745));
#14745 = SURFACE_STYLE_FILL_AREA(#14746);
#14746 = FILL_AREA_STYLE('',(#14747));
#14747 = FILL_AREA_STYLE_COLOUR('',#14025);
#14748 = STYLED_ITEM('color',(#14749),#9942);
#14749 = PRESENTATION_STYLE_ASSIGNMENT((#14750));
#14750 = SURFACE_STYLE_USAGE(.BOTH.,#14751);
#14751 = SURFACE_SIDE_STYLE('',(#14752));
#14752 = SURFACE_STYLE_FILL_AREA(#14753);
#14753 = FILL_AREA_STYLE('',(#14754));
#14754 = FILL_AREA_STYLE_COLOUR('',#14173);
#14755 = STYLED_ITEM('color',(#14756),#10005);
#14756 = PRESENTATION_STYLE_ASSIGNMENT((#14757));
#14757 = SURFACE_STYLE_USAGE(.BOTH.,#14758);
#14758 = SURFACE_SIDE_STYLE('',(#14759));
#14759 = SURFACE_STYLE_FILL_AREA(#14760);
#14760 = FILL_AREA_STYLE('',(#14761));
#14761 = FILL_AREA_STYLE_COLOUR('',#14173);
#14762 = STYLED_ITEM('color',(#14763),#10029);
#14763 = PRESENTATION_STYLE_ASSIGNMENT((#14764));
#14764 = SURFACE_STYLE_USAGE(.BOTH.,#14765);
#14765 = SURFACE_SIDE_STYLE('',(#14766));
#14766 = SURFACE_STYLE_FILL_AREA(#14767);
#14767 = FILL_AREA_STYLE('',(#14768));
#14768 = FILL_AREA_STYLE_COLOUR('',#14173);
#14769 = STYLED_ITEM('color',(#14770),#10092);
#14770 = PRESENTATION_STYLE_ASSIGNMENT((#14771));
#14771 = SURFACE_STYLE_USAGE(.BOTH.,#14772);
#14772 = SURFACE_SIDE_STYLE('',(#14773));
#14773 = SURFACE_STYLE_FILL_AREA(#14774);
#14774 = FILL_AREA_STYLE('',(#14775));
#14775 = FILL_AREA_STYLE_COLOUR('',#14025);
#14776 = STYLED_ITEM('color',(#14777),#10116);
#14777 = PRESENTATION_STYLE_ASSIGNMENT((#14778));
#14778 = SURFACE_STYLE_USAGE(.BOTH.,#14779);
#14779 = SURFACE_SIDE_STYLE('',(#14780));
#14780 = SURFACE_STYLE_FILL_AREA(#14781);
#14781 = FILL_AREA_STYLE('',(#14782));
#14782 = FILL_AREA_STYLE_COLOUR('',#14173);
#14783 = STYLED_ITEM('color',(#14784),#10179);
#14784 = PRESENTATION_STYLE_ASSIGNMENT((#14785));
#14785 = SURFACE_STYLE_USAGE(.BOTH.,#14786);
#14786 = SURFACE_SIDE_STYLE('',(#14787));
#14787 = SURFACE_STYLE_FILL_AREA(#14788);
#14788 = FILL_AREA_STYLE('',(#14789));
#14789 = FILL_AREA_STYLE_COLOUR('',#14173);
#14790 = STYLED_ITEM('color',(#14791),#10203);
#14791 = PRESENTATION_STYLE_ASSIGNMENT((#14792));
#14792 = SURFACE_STYLE_USAGE(.BOTH.,#14793);
#14793 = SURFACE_SIDE_STYLE('',(#14794));
#14794 = SURFACE_STYLE_FILL_AREA(#14795);
#14795 = FILL_AREA_STYLE('',(#14796));
#14796 = FILL_AREA_STYLE_COLOUR('',#14173);
#14797 = STYLED_ITEM('color',(#14798),#10266);
#14798 = PRESENTATION_STYLE_ASSIGNMENT((#14799));
#14799 = SURFACE_STYLE_USAGE(.BOTH.,#14800);
#14800 = SURFACE_SIDE_STYLE('',(#14801));
#14801 = SURFACE_STYLE_FILL_AREA(#14802);
#14802 = FILL_AREA_STYLE('',(#14803));
#14803 = FILL_AREA_STYLE_COLOUR('',#14025);
#14804 = STYLED_ITEM('color',(#14805),#10290);
#14805 = PRESENTATION_STYLE_ASSIGNMENT((#14806));
#14806 = SURFACE_STYLE_USAGE(.BOTH.,#14807);
#14807 = SURFACE_SIDE_STYLE('',(#14808));
#14808 = SURFACE_STYLE_FILL_AREA(#14809);
#14809 = FILL_AREA_STYLE('',(#14810));
#14810 = FILL_AREA_STYLE_COLOUR('',#14173);
#14811 = STYLED_ITEM('color',(#14812),#10353);
#14812 = PRESENTATION_STYLE_ASSIGNMENT((#14813));
#14813 = SURFACE_STYLE_USAGE(.BOTH.,#14814);
#14814 = SURFACE_SIDE_STYLE('',(#14815));
#14815 = SURFACE_STYLE_FILL_AREA(#14816);
#14816 = FILL_AREA_STYLE('',(#14817));
#14817 = FILL_AREA_STYLE_COLOUR('',#14173);
#14818 = STYLED_ITEM('color',(#14819),#10377);
#14819 = PRESENTATION_STYLE_ASSIGNMENT((#14820));
#14820 = SURFACE_STYLE_USAGE(.BOTH.,#14821);
#14821 = SURFACE_SIDE_STYLE('',(#14822));
#14822 = SURFACE_STYLE_FILL_AREA(#14823);
#14823 = FILL_AREA_STYLE('',(#14824));
#14824 = FILL_AREA_STYLE_COLOUR('',#14173);
#14825 = STYLED_ITEM('color',(#14826),#10440);
#14826 = PRESENTATION_STYLE_ASSIGNMENT((#14827));
#14827 = SURFACE_STYLE_USAGE(.BOTH.,#14828);
#14828 = SURFACE_SIDE_STYLE('',(#14829));
#14829 = SURFACE_STYLE_FILL_AREA(#14830);
#14830 = FILL_AREA_STYLE('',(#14831));
#14831 = FILL_AREA_STYLE_COLOUR('',#14025);
#14832 = STYLED_ITEM('color',(#14833),#10457);
#14833 = PRESENTATION_STYLE_ASSIGNMENT((#14834));
#14834 = SURFACE_STYLE_USAGE(.BOTH.,#14835);
#14835 = SURFACE_SIDE_STYLE('',(#14836));
#14836 = SURFACE_STYLE_FILL_AREA(#14837);
#14837 = FILL_AREA_STYLE('',(#14838));
#14838 = FILL_AREA_STYLE_COLOUR('',#14025);
#14839 = STYLED_ITEM('color',(#14840),#10469);
#14840 = PRESENTATION_STYLE_ASSIGNMENT((#14841));
#14841 = SURFACE_STYLE_USAGE(.BOTH.,#14842);
#14842 = SURFACE_SIDE_STYLE('',(#14843));
#14843 = SURFACE_STYLE_FILL_AREA(#14844);
#14844 = FILL_AREA_STYLE('',(#14845));
#14845 = FILL_AREA_STYLE_COLOUR('',#14173);
#14846 = STYLED_ITEM('color',(#14847),#10486);
#14847 = PRESENTATION_STYLE_ASSIGNMENT((#14848));
#14848 = SURFACE_STYLE_USAGE(.BOTH.,#14849);
#14849 = SURFACE_SIDE_STYLE('',(#14850));
#14850 = SURFACE_STYLE_FILL_AREA(#14851);
#14851 = FILL_AREA_STYLE('',(#14852));
#14852 = FILL_AREA_STYLE_COLOUR('',#14025);
#14853 = STYLED_ITEM('color',(#14854),#10498);
#14854 = PRESENTATION_STYLE_ASSIGNMENT((#14855));
#14855 = SURFACE_STYLE_USAGE(.BOTH.,#14856);
#14856 = SURFACE_SIDE_STYLE('',(#14857));
#14857 = SURFACE_STYLE_FILL_AREA(#14858);
#14858 = FILL_AREA_STYLE('',(#14859));
#14859 = FILL_AREA_STYLE_COLOUR('',#14173);
#14860 = STYLED_ITEM('color',(#14861),#10515);
#14861 = PRESENTATION_STYLE_ASSIGNMENT((#14862));
#14862 = SURFACE_STYLE_USAGE(.BOTH.,#14863);
#14863 = SURFACE_SIDE_STYLE('',(#14864));
#14864 = SURFACE_STYLE_FILL_AREA(#14865);
#14865 = FILL_AREA_STYLE('',(#14866));
#14866 = FILL_AREA_STYLE_COLOUR('',#14025);
#14867 = STYLED_ITEM('color',(#14868),#10527);
#14868 = PRESENTATION_STYLE_ASSIGNMENT((#14869));
#14869 = SURFACE_STYLE_USAGE(.BOTH.,#14870);
#14870 = SURFACE_SIDE_STYLE('',(#14871));
#14871 = SURFACE_STYLE_FILL_AREA(#14872);
#14872 = FILL_AREA_STYLE('',(#14873));
#14873 = FILL_AREA_STYLE_COLOUR('',#14173);
#14874 = STYLED_ITEM('color',(#14875),#10544);
#14875 = PRESENTATION_STYLE_ASSIGNMENT((#14876));
#14876 = SURFACE_STYLE_USAGE(.BOTH.,#14877);
#14877 = SURFACE_SIDE_STYLE('',(#14878));
#14878 = SURFACE_STYLE_FILL_AREA(#14879);
#14879 = FILL_AREA_STYLE('',(#14880));
#14880 = FILL_AREA_STYLE_COLOUR('',#14025);
#14881 = STYLED_ITEM('color',(#14882),#10556);
#14882 = PRESENTATION_STYLE_ASSIGNMENT((#14883));
#14883 = SURFACE_STYLE_USAGE(.BOTH.,#14884);
#14884 = SURFACE_SIDE_STYLE('',(#14885));
#14885 = SURFACE_STYLE_FILL_AREA(#14886);
#14886 = FILL_AREA_STYLE('',(#14887));
#14887 = FILL_AREA_STYLE_COLOUR('',#14173);
#14888 = STYLED_ITEM('color',(#14889),#10573);
#14889 = PRESENTATION_STYLE_ASSIGNMENT((#14890));
#14890 = SURFACE_STYLE_USAGE(.BOTH.,#14891);
#14891 = SURFACE_SIDE_STYLE('',(#14892));
#14892 = SURFACE_STYLE_FILL_AREA(#14893);
#14893 = FILL_AREA_STYLE('',(#14894));
#14894 = FILL_AREA_STYLE_COLOUR('',#14025);
#14895 = STYLED_ITEM('color',(#14896),#10585);
#14896 = PRESENTATION_STYLE_ASSIGNMENT((#14897));
#14897 = SURFACE_STYLE_USAGE(.BOTH.,#14898);
#14898 = SURFACE_SIDE_STYLE('',(#14899));
#14899 = SURFACE_STYLE_FILL_AREA(#14900);
#14900 = FILL_AREA_STYLE('',(#14901));
#14901 = FILL_AREA_STYLE_COLOUR('',#14173);
#14902 = STYLED_ITEM('color',(#14903),#10602);
#14903 = PRESENTATION_STYLE_ASSIGNMENT((#14904));
#14904 = SURFACE_STYLE_USAGE(.BOTH.,#14905);
#14905 = SURFACE_SIDE_STYLE('',(#14906));
#14906 = SURFACE_STYLE_FILL_AREA(#14907);
#14907 = FILL_AREA_STYLE('',(#14908));
#14908 = FILL_AREA_STYLE_COLOUR('',#14025);
#14909 = STYLED_ITEM('color',(#14910),#10619);
#14910 = PRESENTATION_STYLE_ASSIGNMENT((#14911));
#14911 = SURFACE_STYLE_USAGE(.BOTH.,#14912);
#14912 = SURFACE_SIDE_STYLE('',(#14913));
#14913 = SURFACE_STYLE_FILL_AREA(#14914);
#14914 = FILL_AREA_STYLE('',(#14915));
#14915 = FILL_AREA_STYLE_COLOUR('',#14025);
#14916 = STYLED_ITEM('color',(#14917),#10654);
#14917 = PRESENTATION_STYLE_ASSIGNMENT((#14918));
#14918 = SURFACE_STYLE_USAGE(.BOTH.,#14919);
#14919 = SURFACE_SIDE_STYLE('',(#14920));
#14920 = SURFACE_STYLE_FILL_AREA(#14921);
#14921 = FILL_AREA_STYLE('',(#14922));
#14922 = FILL_AREA_STYLE_COLOUR('',#14025);
#14923 = STYLED_ITEM('color',(#14924),#10671);
#14924 = PRESENTATION_STYLE_ASSIGNMENT((#14925));
#14925 = SURFACE_STYLE_USAGE(.BOTH.,#14926);
#14926 = SURFACE_SIDE_STYLE('',(#14927));
#14927 = SURFACE_STYLE_FILL_AREA(#14928);
#14928 = FILL_AREA_STYLE('',(#14929));
#14929 = FILL_AREA_STYLE_COLOUR('',#14025);
#14930 = STYLED_ITEM('color',(#14931),#10683);
#14931 = PRESENTATION_STYLE_ASSIGNMENT((#14932));
#14932 = SURFACE_STYLE_USAGE(.BOTH.,#14933);
#14933 = SURFACE_SIDE_STYLE('',(#14934));
#14934 = SURFACE_STYLE_FILL_AREA(#14935);
#14935 = FILL_AREA_STYLE('',(#14936));
#14936 = FILL_AREA_STYLE_COLOUR('',#14173);
#14937 = STYLED_ITEM('color',(#14938),#10700);
#14938 = PRESENTATION_STYLE_ASSIGNMENT((#14939));
#14939 = SURFACE_STYLE_USAGE(.BOTH.,#14940);
#14940 = SURFACE_SIDE_STYLE('',(#14941));
#14941 = SURFACE_STYLE_FILL_AREA(#14942);
#14942 = FILL_AREA_STYLE('',(#14943));
#14943 = FILL_AREA_STYLE_COLOUR('',#14173);
#14944 = STYLED_ITEM('color',(#14945),#10717);
#14945 = PRESENTATION_STYLE_ASSIGNMENT((#14946));
#14946 = SURFACE_STYLE_USAGE(.BOTH.,#14947);
#14947 = SURFACE_SIDE_STYLE('',(#14948));
#14948 = SURFACE_STYLE_FILL_AREA(#14949);
#14949 = FILL_AREA_STYLE('',(#14950));
#14950 = FILL_AREA_STYLE_COLOUR('',#14173);
#14951 = STYLED_ITEM('color',(#14952),#10735);
#14952 = PRESENTATION_STYLE_ASSIGNMENT((#14953));
#14953 = SURFACE_STYLE_USAGE(.BOTH.,#14954);
#14954 = SURFACE_SIDE_STYLE('',(#14955));
#14955 = SURFACE_STYLE_FILL_AREA(#14956);
#14956 = FILL_AREA_STYLE('',(#14957));
#14957 = FILL_AREA_STYLE_COLOUR('',#14173);
#14958 = STYLED_ITEM('color',(#14959),#10752);
#14959 = PRESENTATION_STYLE_ASSIGNMENT((#14960));
#14960 = SURFACE_STYLE_USAGE(.BOTH.,#14961);
#14961 = SURFACE_SIDE_STYLE('',(#14962));
#14962 = SURFACE_STYLE_FILL_AREA(#14963);
#14963 = FILL_AREA_STYLE('',(#14964));
#14964 = FILL_AREA_STYLE_COLOUR('',#14173);
#14965 = STYLED_ITEM('color',(#14966),#10770);
#14966 = PRESENTATION_STYLE_ASSIGNMENT((#14967));
#14967 = SURFACE_STYLE_USAGE(.BOTH.,#14968);
#14968 = SURFACE_SIDE_STYLE('',(#14969));
#14969 = SURFACE_STYLE_FILL_AREA(#14970);
#14970 = FILL_AREA_STYLE('',(#14971));
#14971 = FILL_AREA_STYLE_COLOUR('',#14173);
#14972 = STYLED_ITEM('color',(#14973),#10782);
#14973 = PRESENTATION_STYLE_ASSIGNMENT((#14974));
#14974 = SURFACE_STYLE_USAGE(.BOTH.,#14975);
#14975 = SURFACE_SIDE_STYLE('',(#14976));
#14976 = SURFACE_STYLE_FILL_AREA(#14977);
#14977 = FILL_AREA_STYLE('',(#14978));
#14978 = FILL_AREA_STYLE_COLOUR('',#14173);
#14979 = STYLED_ITEM('color',(#14980),#10794);
#14980 = PRESENTATION_STYLE_ASSIGNMENT((#14981));
#14981 = SURFACE_STYLE_USAGE(.BOTH.,#14982);
#14982 = SURFACE_SIDE_STYLE('',(#14983));
#14983 = SURFACE_STYLE_FILL_AREA(#14984);
#14984 = FILL_AREA_STYLE('',(#14985));
#14985 = FILL_AREA_STYLE_COLOUR('',#14173);
#14986 = STYLED_ITEM('color',(#14987),#10818);
#14987 = PRESENTATION_STYLE_ASSIGNMENT((#14988));
#14988 = SURFACE_STYLE_USAGE(.BOTH.,#14989);
#14989 = SURFACE_SIDE_STYLE('',(#14990));
#14990 = SURFACE_STYLE_FILL_AREA(#14991);
#14991 = FILL_AREA_STYLE('',(#14992));
#14992 = FILL_AREA_STYLE_COLOUR('',#14173);
#14993 = STYLED_ITEM('color',(#14994),#10842);
#14994 = PRESENTATION_STYLE_ASSIGNMENT((#14995));
#14995 = SURFACE_STYLE_USAGE(.BOTH.,#14996);
#14996 = SURFACE_SIDE_STYLE('',(#14997));
#14997 = SURFACE_STYLE_FILL_AREA(#14998);
#14998 = FILL_AREA_STYLE('',(#14999));
#14999 = FILL_AREA_STYLE_COLOUR('',#14173);
#15000 = STYLED_ITEM('color',(#15001),#10859);
#15001 = PRESENTATION_STYLE_ASSIGNMENT((#15002));
#15002 = SURFACE_STYLE_USAGE(.BOTH.,#15003);
#15003 = SURFACE_SIDE_STYLE('',(#15004));
#15004 = SURFACE_STYLE_FILL_AREA(#15005);
#15005 = FILL_AREA_STYLE('',(#15006));
#15006 = FILL_AREA_STYLE_COLOUR('',#14173);
#15007 = STYLED_ITEM('color',(#15008),#10871);
#15008 = PRESENTATION_STYLE_ASSIGNMENT((#15009));
#15009 = SURFACE_STYLE_USAGE(.BOTH.,#15010);
#15010 = SURFACE_SIDE_STYLE('',(#15011));
#15011 = SURFACE_STYLE_FILL_AREA(#15012);
#15012 = FILL_AREA_STYLE('',(#15013));
#15013 = FILL_AREA_STYLE_COLOUR('',#14025);
#15014 = STYLED_ITEM('color',(#15015),#10894);
#15015 = PRESENTATION_STYLE_ASSIGNMENT((#15016));
#15016 = SURFACE_STYLE_USAGE(.BOTH.,#15017);
#15017 = SURFACE_SIDE_STYLE('',(#15018));
#15018 = SURFACE_STYLE_FILL_AREA(#15019);
#15019 = FILL_AREA_STYLE('',(#15020));
#15020 = FILL_AREA_STYLE_COLOUR('',#14025);
#15021 = STYLED_ITEM('color',(#15022),#10918);
#15022 = PRESENTATION_STYLE_ASSIGNMENT((#15023));
#15023 = SURFACE_STYLE_USAGE(.BOTH.,#15024);
#15024 = SURFACE_SIDE_STYLE('',(#15025));
#15025 = SURFACE_STYLE_FILL_AREA(#15026);
#15026 = FILL_AREA_STYLE('',(#15027));
#15027 = FILL_AREA_STYLE_COLOUR('',#14025);
#15028 = STYLED_ITEM('color',(#15029),#10934);
#15029 = PRESENTATION_STYLE_ASSIGNMENT((#15030));
#15030 = SURFACE_STYLE_USAGE(.BOTH.,#15031);
#15031 = SURFACE_SIDE_STYLE('',(#15032));
#15032 = SURFACE_STYLE_FILL_AREA(#15033);
#15033 = FILL_AREA_STYLE('',(#15034));
#15034 = FILL_AREA_STYLE_COLOUR('',#14025);
#15035 = STYLED_ITEM('color',(#15036),#10946);
#15036 = PRESENTATION_STYLE_ASSIGNMENT((#15037));
#15037 = SURFACE_STYLE_USAGE(.BOTH.,#15038);
#15038 = SURFACE_SIDE_STYLE('',(#15039));
#15039 = SURFACE_STYLE_FILL_AREA(#15040);
#15040 = FILL_AREA_STYLE('',(#15041));
#15041 = FILL_AREA_STYLE_COLOUR('',#14025);
#15042 = STYLED_ITEM('color',(#15043),#11267);
#15043 = PRESENTATION_STYLE_ASSIGNMENT((#15044));
#15044 = SURFACE_STYLE_USAGE(.BOTH.,#15045);
#15045 = SURFACE_SIDE_STYLE('',(#15046));
#15046 = SURFACE_STYLE_FILL_AREA(#15047);
#15047 = FILL_AREA_STYLE('',(#15048));
#15048 = FILL_AREA_STYLE_COLOUR('',#14173);
#15049 = STYLED_ITEM('color',(#15050),#11299);
#15050 = PRESENTATION_STYLE_ASSIGNMENT((#15051));
#15051 = SURFACE_STYLE_USAGE(.BOTH.,#15052);
#15052 = SURFACE_SIDE_STYLE('',(#15053));
#15053 = SURFACE_STYLE_FILL_AREA(#15054);
#15054 = FILL_AREA_STYLE('',(#15055));
#15055 = FILL_AREA_STYLE_COLOUR('',#14025);
#15056 = STYLED_ITEM('color',(#15057),#11316);
#15057 = PRESENTATION_STYLE_ASSIGNMENT((#15058));
#15058 = SURFACE_STYLE_USAGE(.BOTH.,#15059);
#15059 = SURFACE_SIDE_STYLE('',(#15060));
#15060 = SURFACE_STYLE_FILL_AREA(#15061);
#15061 = FILL_AREA_STYLE('',(#15062));
#15062 = FILL_AREA_STYLE_COLOUR('',#14173);
#15063 = STYLED_ITEM('color',(#15064),#11333);
#15064 = PRESENTATION_STYLE_ASSIGNMENT((#15065));
#15065 = SURFACE_STYLE_USAGE(.BOTH.,#15066);
#15066 = SURFACE_SIDE_STYLE('',(#15067));
#15067 = SURFACE_STYLE_FILL_AREA(#15068);
#15068 = FILL_AREA_STYLE('',(#15069));
#15069 = FILL_AREA_STYLE_COLOUR('',#14173);
#15070 = STYLED_ITEM('color',(#15071),#11359);
#15071 = PRESENTATION_STYLE_ASSIGNMENT((#15072));
#15072 = SURFACE_STYLE_USAGE(.BOTH.,#15073);
#15073 = SURFACE_SIDE_STYLE('',(#15074));
#15074 = SURFACE_STYLE_FILL_AREA(#15075);
#15075 = FILL_AREA_STYLE('',(#15076));
#15076 = FILL_AREA_STYLE_COLOUR('',#14173);
#15077 = STYLED_ITEM('color',(#15078),#11391);
#15078 = PRESENTATION_STYLE_ASSIGNMENT((#15079));
#15079 = SURFACE_STYLE_USAGE(.BOTH.,#15080);
#15080 = SURFACE_SIDE_STYLE('',(#15081));
#15081 = SURFACE_STYLE_FILL_AREA(#15082);
#15082 = FILL_AREA_STYLE('',(#15083));
#15083 = FILL_AREA_STYLE_COLOUR('',#14173);
#15084 = STYLED_ITEM('color',(#15085),#11422);
#15085 = PRESENTATION_STYLE_ASSIGNMENT((#15086));
#15086 = SURFACE_STYLE_USAGE(.BOTH.,#15087);
#15087 = SURFACE_SIDE_STYLE('',(#15088));
#15088 = SURFACE_STYLE_FILL_AREA(#15089);
#15089 = FILL_AREA_STYLE('',(#15090));
#15090 = FILL_AREA_STYLE_COLOUR('',#14173);
#15091 = STYLED_ITEM('color',(#15092),#11439);
#15092 = PRESENTATION_STYLE_ASSIGNMENT((#15093));
#15093 = SURFACE_STYLE_USAGE(.BOTH.,#15094);
#15094 = SURFACE_SIDE_STYLE('',(#15095));
#15095 = SURFACE_STYLE_FILL_AREA(#15096);
#15096 = FILL_AREA_STYLE('',(#15097));
#15097 = FILL_AREA_STYLE_COLOUR('',#14025);
#15098 = STYLED_ITEM('color',(#15099),#11451);
#15099 = PRESENTATION_STYLE_ASSIGNMENT((#15100));
#15100 = SURFACE_STYLE_USAGE(.BOTH.,#15101);
#15101 = SURFACE_SIDE_STYLE('',(#15102));
#15102 = SURFACE_STYLE_FILL_AREA(#15103);
#15103 = FILL_AREA_STYLE('',(#15104));
#15104 = FILL_AREA_STYLE_COLOUR('',#14173);
#15105 = STYLED_ITEM('color',(#15106),#11476);
#15106 = PRESENTATION_STYLE_ASSIGNMENT((#15107));
#15107 = SURFACE_STYLE_USAGE(.BOTH.,#15108);
#15108 = SURFACE_SIDE_STYLE('',(#15109));
#15109 = SURFACE_STYLE_FILL_AREA(#15110);
#15110 = FILL_AREA_STYLE('',(#15111));
#15111 = FILL_AREA_STYLE_COLOUR('',#14173);
#15112 = STYLED_ITEM('color',(#15113),#11501);
#15113 = PRESENTATION_STYLE_ASSIGNMENT((#15114));
#15114 = SURFACE_STYLE_USAGE(.BOTH.,#15115);
#15115 = SURFACE_SIDE_STYLE('',(#15116));
#15116 = SURFACE_STYLE_FILL_AREA(#15117);
#15117 = FILL_AREA_STYLE('',(#15118));
#15118 = FILL_AREA_STYLE_COLOUR('',#14173);
#15119 = STYLED_ITEM('color',(#15120),#11533);
#15120 = PRESENTATION_STYLE_ASSIGNMENT((#15121));
#15121 = SURFACE_STYLE_USAGE(.BOTH.,#15122);
#15122 = SURFACE_SIDE_STYLE('',(#15123));
#15123 = SURFACE_STYLE_FILL_AREA(#15124);
#15124 = FILL_AREA_STYLE('',(#15125));
#15125 = FILL_AREA_STYLE_COLOUR('',#14025);
#15126 = STYLED_ITEM('color',(#15127),#11550);
#15127 = PRESENTATION_STYLE_ASSIGNMENT((#15128));
#15128 = SURFACE_STYLE_USAGE(.BOTH.,#15129);
#15129 = SURFACE_SIDE_STYLE('',(#15130));
#15130 = SURFACE_STYLE_FILL_AREA(#15131);
#15131 = FILL_AREA_STYLE('',(#15132));
#15132 = FILL_AREA_STYLE_COLOUR('',#14173);
#15133 = STYLED_ITEM('color',(#15134),#11567);
#15134 = PRESENTATION_STYLE_ASSIGNMENT((#15135));
#15135 = SURFACE_STYLE_USAGE(.BOTH.,#15136);
#15136 = SURFACE_SIDE_STYLE('',(#15137));
#15137 = SURFACE_STYLE_FILL_AREA(#15138);
#15138 = FILL_AREA_STYLE('',(#15139));
#15139 = FILL_AREA_STYLE_COLOUR('',#14173);
#15140 = STYLED_ITEM('color',(#15141),#11593);
#15141 = PRESENTATION_STYLE_ASSIGNMENT((#15142));
#15142 = SURFACE_STYLE_USAGE(.BOTH.,#15143);
#15143 = SURFACE_SIDE_STYLE('',(#15144));
#15144 = SURFACE_STYLE_FILL_AREA(#15145);
#15145 = FILL_AREA_STYLE('',(#15146));
#15146 = FILL_AREA_STYLE_COLOUR('',#14173);
#15147 = STYLED_ITEM('color',(#15148),#11625);
#15148 = PRESENTATION_STYLE_ASSIGNMENT((#15149));
#15149 = SURFACE_STYLE_USAGE(.BOTH.,#15150);
#15150 = SURFACE_SIDE_STYLE('',(#15151));
#15151 = SURFACE_STYLE_FILL_AREA(#15152);
#15152 = FILL_AREA_STYLE('',(#15153));
#15153 = FILL_AREA_STYLE_COLOUR('',#14173);
#15154 = STYLED_ITEM('color',(#15155),#11656);
#15155 = PRESENTATION_STYLE_ASSIGNMENT((#15156));
#15156 = SURFACE_STYLE_USAGE(.BOTH.,#15157);
#15157 = SURFACE_SIDE_STYLE('',(#15158));
#15158 = SURFACE_STYLE_FILL_AREA(#15159);
#15159 = FILL_AREA_STYLE('',(#15160));
#15160 = FILL_AREA_STYLE_COLOUR('',#14173);
#15161 = STYLED_ITEM('color',(#15162),#11673);
#15162 = PRESENTATION_STYLE_ASSIGNMENT((#15163));
#15163 = SURFACE_STYLE_USAGE(.BOTH.,#15164);
#15164 = SURFACE_SIDE_STYLE('',(#15165));
#15165 = SURFACE_STYLE_FILL_AREA(#15166);
#15166 = FILL_AREA_STYLE('',(#15167));
#15167 = FILL_AREA_STYLE_COLOUR('',#14025);
#15168 = STYLED_ITEM('color',(#15169),#11685);
#15169 = PRESENTATION_STYLE_ASSIGNMENT((#15170));
#15170 = SURFACE_STYLE_USAGE(.BOTH.,#15171);
#15171 = SURFACE_SIDE_STYLE('',(#15172));
#15172 = SURFACE_STYLE_FILL_AREA(#15173);
#15173 = FILL_AREA_STYLE('',(#15174));
#15174 = FILL_AREA_STYLE_COLOUR('',#14173);
#15175 = STYLED_ITEM('color',(#15176),#11710);
#15176 = PRESENTATION_STYLE_ASSIGNMENT((#15177));
#15177 = SURFACE_STYLE_USAGE(.BOTH.,#15178);
#15178 = SURFACE_SIDE_STYLE('',(#15179));
#15179 = SURFACE_STYLE_FILL_AREA(#15180);
#15180 = FILL_AREA_STYLE('',(#15181));
#15181 = FILL_AREA_STYLE_COLOUR('',#14173);
#15182 = STYLED_ITEM('color',(#15183),#11735);
#15183 = PRESENTATION_STYLE_ASSIGNMENT((#15184));
#15184 = SURFACE_STYLE_USAGE(.BOTH.,#15185);
#15185 = SURFACE_SIDE_STYLE('',(#15186));
#15186 = SURFACE_STYLE_FILL_AREA(#15187);
#15187 = FILL_AREA_STYLE('',(#15188));
#15188 = FILL_AREA_STYLE_COLOUR('',#14173);
#15189 = STYLED_ITEM('color',(#15190),#11767);
#15190 = PRESENTATION_STYLE_ASSIGNMENT((#15191));
#15191 = SURFACE_STYLE_USAGE(.BOTH.,#15192);
#15192 = SURFACE_SIDE_STYLE('',(#15193));
#15193 = SURFACE_STYLE_FILL_AREA(#15194);
#15194 = FILL_AREA_STYLE('',(#15195));
#15195 = FILL_AREA_STYLE_COLOUR('',#14025);
#15196 = STYLED_ITEM('color',(#15197),#11784);
#15197 = PRESENTATION_STYLE_ASSIGNMENT((#15198));
#15198 = SURFACE_STYLE_USAGE(.BOTH.,#15199);
#15199 = SURFACE_SIDE_STYLE('',(#15200));
#15200 = SURFACE_STYLE_FILL_AREA(#15201);
#15201 = FILL_AREA_STYLE('',(#15202));
#15202 = FILL_AREA_STYLE_COLOUR('',#14173);
#15203 = STYLED_ITEM('color',(#15204),#11801);
#15204 = PRESENTATION_STYLE_ASSIGNMENT((#15205));
#15205 = SURFACE_STYLE_USAGE(.BOTH.,#15206);
#15206 = SURFACE_SIDE_STYLE('',(#15207));
#15207 = SURFACE_STYLE_FILL_AREA(#15208);
#15208 = FILL_AREA_STYLE('',(#15209));
#15209 = FILL_AREA_STYLE_COLOUR('',#14173);
#15210 = STYLED_ITEM('color',(#15211),#11827);
#15211 = PRESENTATION_STYLE_ASSIGNMENT((#15212));
#15212 = SURFACE_STYLE_USAGE(.BOTH.,#15213);
#15213 = SURFACE_SIDE_STYLE('',(#15214));
#15214 = SURFACE_STYLE_FILL_AREA(#15215);
#15215 = FILL_AREA_STYLE('',(#15216));
#15216 = FILL_AREA_STYLE_COLOUR('',#14173);
#15217 = STYLED_ITEM('color',(#15218),#11852);
#15218 = PRESENTATION_STYLE_ASSIGNMENT((#15219));
#15219 = SURFACE_STYLE_USAGE(.BOTH.,#15220);
#15220 = SURFACE_SIDE_STYLE('',(#15221));
#15221 = SURFACE_STYLE_FILL_AREA(#15222);
#15222 = FILL_AREA_STYLE('',(#15223));
#15223 = FILL_AREA_STYLE_COLOUR('',#14025);
#15224 = STYLED_ITEM('color',(#15225),#11864);
#15225 = PRESENTATION_STYLE_ASSIGNMENT((#15226));
#15226 = SURFACE_STYLE_USAGE(.BOTH.,#15227);
#15227 = SURFACE_SIDE_STYLE('',(#15228));
#15228 = SURFACE_STYLE_FILL_AREA(#15229);
#15229 = FILL_AREA_STYLE('',(#15230));
#15230 = FILL_AREA_STYLE_COLOUR('',#14025);
#15231 = STYLED_ITEM('color',(#15232),#11876);
#15232 = PRESENTATION_STYLE_ASSIGNMENT((#15233));
#15233 = SURFACE_STYLE_USAGE(.BOTH.,#15234);
#15234 = SURFACE_SIDE_STYLE('',(#15235));
#15235 = SURFACE_STYLE_FILL_AREA(#15236);
#15236 = FILL_AREA_STYLE('',(#15237));
#15237 = FILL_AREA_STYLE_COLOUR('',#14173);
#15238 = STYLED_ITEM('color',(#15239),#11893);
#15239 = PRESENTATION_STYLE_ASSIGNMENT((#15240));
#15240 = SURFACE_STYLE_USAGE(.BOTH.,#15241);
#15241 = SURFACE_SIDE_STYLE('',(#15242));
#15242 = SURFACE_STYLE_FILL_AREA(#15243);
#15243 = FILL_AREA_STYLE('',(#15244));
#15244 = FILL_AREA_STYLE_COLOUR('',#14173);
#15245 = STYLED_ITEM('color',(#15246),#11910);
#15246 = PRESENTATION_STYLE_ASSIGNMENT((#15247));
#15247 = SURFACE_STYLE_USAGE(.BOTH.,#15248);
#15248 = SURFACE_SIDE_STYLE('',(#15249));
#15249 = SURFACE_STYLE_FILL_AREA(#15250);
#15250 = FILL_AREA_STYLE('',(#15251));
#15251 = FILL_AREA_STYLE_COLOUR('',#14173);
#15252 = STYLED_ITEM('color',(#15253),#11927);
#15253 = PRESENTATION_STYLE_ASSIGNMENT((#15254));
#15254 = SURFACE_STYLE_USAGE(.BOTH.,#15255);
#15255 = SURFACE_SIDE_STYLE('',(#15256));
#15256 = SURFACE_STYLE_FILL_AREA(#15257);
#15257 = FILL_AREA_STYLE('',(#15258));
#15258 = FILL_AREA_STYLE_COLOUR('',#14173);
#15259 = STYLED_ITEM('color',(#15260),#11939);
#15260 = PRESENTATION_STYLE_ASSIGNMENT((#15261));
#15261 = SURFACE_STYLE_USAGE(.BOTH.,#15262);
#15262 = SURFACE_SIDE_STYLE('',(#15263));
#15263 = SURFACE_STYLE_FILL_AREA(#15264);
#15264 = FILL_AREA_STYLE('',(#15265));
#15265 = FILL_AREA_STYLE_COLOUR('',#14173);
#15266 = STYLED_ITEM('color',(#15267),#11956);
#15267 = PRESENTATION_STYLE_ASSIGNMENT((#15268));
#15268 = SURFACE_STYLE_USAGE(.BOTH.,#15269);
#15269 = SURFACE_SIDE_STYLE('',(#15270));
#15270 = SURFACE_STYLE_FILL_AREA(#15271);
#15271 = FILL_AREA_STYLE('',(#15272));
#15272 = FILL_AREA_STYLE_COLOUR('',#14173);
#15273 = STYLED_ITEM('color',(#15274),#11973);
#15274 = PRESENTATION_STYLE_ASSIGNMENT((#15275));
#15275 = SURFACE_STYLE_USAGE(.BOTH.,#15276);
#15276 = SURFACE_SIDE_STYLE('',(#15277));
#15277 = SURFACE_STYLE_FILL_AREA(#15278);
#15278 = FILL_AREA_STYLE('',(#15279));
#15279 = FILL_AREA_STYLE_COLOUR('',#14173);
#15280 = STYLED_ITEM('color',(#15281),#11990);
#15281 = PRESENTATION_STYLE_ASSIGNMENT((#15282));
#15282 = SURFACE_STYLE_USAGE(.BOTH.,#15283);
#15283 = SURFACE_SIDE_STYLE('',(#15284));
#15284 = SURFACE_STYLE_FILL_AREA(#15285);
#15285 = FILL_AREA_STYLE('',(#15286));
#15286 = FILL_AREA_STYLE_COLOUR('',#14173);
#15287 = STYLED_ITEM('color',(#15288),#12002);
#15288 = PRESENTATION_STYLE_ASSIGNMENT((#15289));
#15289 = SURFACE_STYLE_USAGE(.BOTH.,#15290);
#15290 = SURFACE_SIDE_STYLE('',(#15291));
#15291 = SURFACE_STYLE_FILL_AREA(#15292);
#15292 = FILL_AREA_STYLE('',(#15293));
#15293 = FILL_AREA_STYLE_COLOUR('',#14173);
#15294 = STYLED_ITEM('color',(#15295),#12019);
#15295 = PRESENTATION_STYLE_ASSIGNMENT((#15296));
#15296 = SURFACE_STYLE_USAGE(.BOTH.,#15297);
#15297 = SURFACE_SIDE_STYLE('',(#15298));
#15298 = SURFACE_STYLE_FILL_AREA(#15299);
#15299 = FILL_AREA_STYLE('',(#15300));
#15300 = FILL_AREA_STYLE_COLOUR('',#14173);
#15301 = STYLED_ITEM('color',(#15302),#12036);
#15302 = PRESENTATION_STYLE_ASSIGNMENT((#15303));
#15303 = SURFACE_STYLE_USAGE(.BOTH.,#15304);
#15304 = SURFACE_SIDE_STYLE('',(#15305));
#15305 = SURFACE_STYLE_FILL_AREA(#15306);
#15306 = FILL_AREA_STYLE('',(#15307));
#15307 = FILL_AREA_STYLE_COLOUR('',#14173);
#15308 = STYLED_ITEM('color',(#15309),#12053);
#15309 = PRESENTATION_STYLE_ASSIGNMENT((#15310));
#15310 = SURFACE_STYLE_USAGE(.BOTH.,#15311);
#15311 = SURFACE_SIDE_STYLE('',(#15312));
#15312 = SURFACE_STYLE_FILL_AREA(#15313);
#15313 = FILL_AREA_STYLE('',(#15314));
#15314 = FILL_AREA_STYLE_COLOUR('',#14173);
#15315 = STYLED_ITEM('color',(#15316),#12065);
#15316 = PRESENTATION_STYLE_ASSIGNMENT((#15317));
#15317 = SURFACE_STYLE_USAGE(.BOTH.,#15318);
#15318 = SURFACE_SIDE_STYLE('',(#15319));
#15319 = SURFACE_STYLE_FILL_AREA(#15320);
#15320 = FILL_AREA_STYLE('',(#15321));
#15321 = FILL_AREA_STYLE_COLOUR('',#14173);
#15322 = STYLED_ITEM('color',(#15323),#12082);
#15323 = PRESENTATION_STYLE_ASSIGNMENT((#15324));
#15324 = SURFACE_STYLE_USAGE(.BOTH.,#15325);
#15325 = SURFACE_SIDE_STYLE('',(#15326));
#15326 = SURFACE_STYLE_FILL_AREA(#15327);
#15327 = FILL_AREA_STYLE('',(#15328));
#15328 = FILL_AREA_STYLE_COLOUR('',#14173);
#15329 = STYLED_ITEM('color',(#15330),#12099);
#15330 = PRESENTATION_STYLE_ASSIGNMENT((#15331));
#15331 = SURFACE_STYLE_USAGE(.BOTH.,#15332);
#15332 = SURFACE_SIDE_STYLE('',(#15333));
#15333 = SURFACE_STYLE_FILL_AREA(#15334);
#15334 = FILL_AREA_STYLE('',(#15335));
#15335 = FILL_AREA_STYLE_COLOUR('',#14173);
#15336 = STYLED_ITEM('color',(#15337),#12116);
#15337 = PRESENTATION_STYLE_ASSIGNMENT((#15338));
#15338 = SURFACE_STYLE_USAGE(.BOTH.,#15339);
#15339 = SURFACE_SIDE_STYLE('',(#15340));
#15340 = SURFACE_STYLE_FILL_AREA(#15341);
#15341 = FILL_AREA_STYLE('',(#15342));
#15342 = FILL_AREA_STYLE_COLOUR('',#14173);
#15343 = STYLED_ITEM('color',(#15344),#12128);
#15344 = PRESENTATION_STYLE_ASSIGNMENT((#15345));
#15345 = SURFACE_STYLE_USAGE(.BOTH.,#15346);
#15346 = SURFACE_SIDE_STYLE('',(#15347));
#15347 = SURFACE_STYLE_FILL_AREA(#15348);
#15348 = FILL_AREA_STYLE('',(#15349));
#15349 = FILL_AREA_STYLE_COLOUR('',#14173);
#15350 = STYLED_ITEM('color',(#15351),#12145);
#15351 = PRESENTATION_STYLE_ASSIGNMENT((#15352));
#15352 = SURFACE_STYLE_USAGE(.BOTH.,#15353);
#15353 = SURFACE_SIDE_STYLE('',(#15354));
#15354 = SURFACE_STYLE_FILL_AREA(#15355);
#15355 = FILL_AREA_STYLE('',(#15356));
#15356 = FILL_AREA_STYLE_COLOUR('',#14173);
#15357 = STYLED_ITEM('color',(#15358),#12162);
#15358 = PRESENTATION_STYLE_ASSIGNMENT((#15359));
#15359 = SURFACE_STYLE_USAGE(.BOTH.,#15360);
#15360 = SURFACE_SIDE_STYLE('',(#15361));
#15361 = SURFACE_STYLE_FILL_AREA(#15362);
#15362 = FILL_AREA_STYLE('',(#15363));
#15363 = FILL_AREA_STYLE_COLOUR('',#14173);
#15364 = STYLED_ITEM('color',(#15365),#12179);
#15365 = PRESENTATION_STYLE_ASSIGNMENT((#15366));
#15366 = SURFACE_STYLE_USAGE(.BOTH.,#15367);
#15367 = SURFACE_SIDE_STYLE('',(#15368));
#15368 = SURFACE_STYLE_FILL_AREA(#15369);
#15369 = FILL_AREA_STYLE('',(#15370));
#15370 = FILL_AREA_STYLE_COLOUR('',#14173);
#15371 = STYLED_ITEM('color',(#15372),#12191);
#15372 = PRESENTATION_STYLE_ASSIGNMENT((#15373));
#15373 = SURFACE_STYLE_USAGE(.BOTH.,#15374);
#15374 = SURFACE_SIDE_STYLE('',(#15375));
#15375 = SURFACE_STYLE_FILL_AREA(#15376);
#15376 = FILL_AREA_STYLE('',(#15377));
#15377 = FILL_AREA_STYLE_COLOUR('',#14025);
#15378 = STYLED_ITEM('color',(#15379),#12203);
#15379 = PRESENTATION_STYLE_ASSIGNMENT((#15380));
#15380 = SURFACE_STYLE_USAGE(.BOTH.,#15381);
#15381 = SURFACE_SIDE_STYLE('',(#15382));
#15382 = SURFACE_STYLE_FILL_AREA(#15383);
#15383 = FILL_AREA_STYLE('',(#15384));
#15384 = FILL_AREA_STYLE_COLOUR('',#14173);
#15385 = STYLED_ITEM('color',(#15386),#12220);
#15386 = PRESENTATION_STYLE_ASSIGNMENT((#15387));
#15387 = SURFACE_STYLE_USAGE(.BOTH.,#15388);
#15388 = SURFACE_SIDE_STYLE('',(#15389));
#15389 = SURFACE_STYLE_FILL_AREA(#15390);
#15390 = FILL_AREA_STYLE('',(#15391));
#15391 = FILL_AREA_STYLE_COLOUR('',#14173);
#15392 = STYLED_ITEM('color',(#15393),#12237);
#15393 = PRESENTATION_STYLE_ASSIGNMENT((#15394));
#15394 = SURFACE_STYLE_USAGE(.BOTH.,#15395);
#15395 = SURFACE_SIDE_STYLE('',(#15396));
#15396 = SURFACE_STYLE_FILL_AREA(#15397);
#15397 = FILL_AREA_STYLE('',(#15398));
#15398 = FILL_AREA_STYLE_COLOUR('',#14173);
#15399 = STYLED_ITEM('color',(#15400),#12254);
#15400 = PRESENTATION_STYLE_ASSIGNMENT((#15401));
#15401 = SURFACE_STYLE_USAGE(.BOTH.,#15402);
#15402 = SURFACE_SIDE_STYLE('',(#15403));
#15403 = SURFACE_STYLE_FILL_AREA(#15404);
#15404 = FILL_AREA_STYLE('',(#15405));
#15405 = FILL_AREA_STYLE_COLOUR('',#14173);
#15406 = STYLED_ITEM('color',(#15407),#12271);
#15407 = PRESENTATION_STYLE_ASSIGNMENT((#15408));
#15408 = SURFACE_STYLE_USAGE(.BOTH.,#15409);
#15409 = SURFACE_SIDE_STYLE('',(#15410));
#15410 = SURFACE_STYLE_FILL_AREA(#15411);
#15411 = FILL_AREA_STYLE('',(#15412));
#15412 = FILL_AREA_STYLE_COLOUR('',#14173);
#15413 = STYLED_ITEM('color',(#15414),#12288);
#15414 = PRESENTATION_STYLE_ASSIGNMENT((#15415));
#15415 = SURFACE_STYLE_USAGE(.BOTH.,#15416);
#15416 = SURFACE_SIDE_STYLE('',(#15417));
#15417 = SURFACE_STYLE_FILL_AREA(#15418);
#15418 = FILL_AREA_STYLE('',(#15419));
#15419 = FILL_AREA_STYLE_COLOUR('',#14173);
#15420 = STYLED_ITEM('color',(#15421),#12327);
#15421 = PRESENTATION_STYLE_ASSIGNMENT((#15422));
#15422 = SURFACE_STYLE_USAGE(.BOTH.,#15423);
#15423 = SURFACE_SIDE_STYLE('',(#15424));
#15424 = SURFACE_STYLE_FILL_AREA(#15425);
#15425 = FILL_AREA_STYLE('',(#15426));
#15426 = FILL_AREA_STYLE_COLOUR('',#14173);
#15427 = STYLED_ITEM('color',(#15428),#12351);
#15428 = PRESENTATION_STYLE_ASSIGNMENT((#15429));
#15429 = SURFACE_STYLE_USAGE(.BOTH.,#15430);
#15430 = SURFACE_SIDE_STYLE('',(#15431));
#15431 = SURFACE_STYLE_FILL_AREA(#15432);
#15432 = FILL_AREA_STYLE('',(#15433));
#15433 = FILL_AREA_STYLE_COLOUR('',#14173);
#15434 = STYLED_ITEM('color',(#15435),#12383);
#15435 = PRESENTATION_STYLE_ASSIGNMENT((#15436));
#15436 = SURFACE_STYLE_USAGE(.BOTH.,#15437);
#15437 = SURFACE_SIDE_STYLE('',(#15438));
#15438 = SURFACE_STYLE_FILL_AREA(#15439);
#15439 = FILL_AREA_STYLE('',(#15440));
#15440 = FILL_AREA_STYLE_COLOUR('',#14173);
#15441 = STYLED_ITEM('color',(#15442),#12400);
#15442 = PRESENTATION_STYLE_ASSIGNMENT((#15443));
#15443 = SURFACE_STYLE_USAGE(.BOTH.,#15444);
#15444 = SURFACE_SIDE_STYLE('',(#15445));
#15445 = SURFACE_STYLE_FILL_AREA(#15446);
#15446 = FILL_AREA_STYLE('',(#15447));
#15447 = FILL_AREA_STYLE_COLOUR('',#14173);
#15448 = STYLED_ITEM('color',(#15449),#12439);
#15449 = PRESENTATION_STYLE_ASSIGNMENT((#15450));
#15450 = SURFACE_STYLE_USAGE(.BOTH.,#15451);
#15451 = SURFACE_SIDE_STYLE('',(#15452));
#15452 = SURFACE_STYLE_FILL_AREA(#15453);
#15453 = FILL_AREA_STYLE('',(#15454));
#15454 = FILL_AREA_STYLE_COLOUR('',#14173);
#15455 = STYLED_ITEM('color',(#15456),#12463);
#15456 = PRESENTATION_STYLE_ASSIGNMENT((#15457));
#15457 = SURFACE_STYLE_USAGE(.BOTH.,#15458);
#15458 = SURFACE_SIDE_STYLE('',(#15459));
#15459 = SURFACE_STYLE_FILL_AREA(#15460);
#15460 = FILL_AREA_STYLE('',(#15461));
#15461 = FILL_AREA_STYLE_COLOUR('',#14173);
#15462 = STYLED_ITEM('color',(#15463),#12495);
#15463 = PRESENTATION_STYLE_ASSIGNMENT((#15464));
#15464 = SURFACE_STYLE_USAGE(.BOTH.,#15465);
#15465 = SURFACE_SIDE_STYLE('',(#15466));
#15466 = SURFACE_STYLE_FILL_AREA(#15467);
#15467 = FILL_AREA_STYLE('',(#15468));
#15468 = FILL_AREA_STYLE_COLOUR('',#14173);
#15469 = STYLED_ITEM('color',(#15470),#12512);
#15470 = PRESENTATION_STYLE_ASSIGNMENT((#15471));
#15471 = SURFACE_STYLE_USAGE(.BOTH.,#15472);
#15472 = SURFACE_SIDE_STYLE('',(#15473));
#15473 = SURFACE_STYLE_FILL_AREA(#15474);
#15474 = FILL_AREA_STYLE('',(#15475));
#15475 = FILL_AREA_STYLE_COLOUR('',#14173);
#15476 = STYLED_ITEM('color',(#15477),#12543);
#15477 = PRESENTATION_STYLE_ASSIGNMENT((#15478));
#15478 = SURFACE_STYLE_USAGE(.BOTH.,#15479);
#15479 = SURFACE_SIDE_STYLE('',(#15480));
#15480 = SURFACE_STYLE_FILL_AREA(#15481);
#15481 = FILL_AREA_STYLE('',(#15482));
#15482 = FILL_AREA_STYLE_COLOUR('',#14173);
#15483 = STYLED_ITEM('color',(#15484),#12575);
#15484 = PRESENTATION_STYLE_ASSIGNMENT((#15485));
#15485 = SURFACE_STYLE_USAGE(.BOTH.,#15486);
#15486 = SURFACE_SIDE_STYLE('',(#15487));
#15487 = SURFACE_STYLE_FILL_AREA(#15488);
#15488 = FILL_AREA_STYLE('',(#15489));
#15489 = FILL_AREA_STYLE_COLOUR('',#14173);
#15490 = STYLED_ITEM('color',(#15491),#12599);
#15491 = PRESENTATION_STYLE_ASSIGNMENT((#15492));
#15492 = SURFACE_STYLE_USAGE(.BOTH.,#15493);
#15493 = SURFACE_SIDE_STYLE('',(#15494));
#15494 = SURFACE_STYLE_FILL_AREA(#15495);
#15495 = FILL_AREA_STYLE('',(#15496));
#15496 = FILL_AREA_STYLE_COLOUR('',#14173);
#15497 = STYLED_ITEM('color',(#15498),#12624);
#15498 = PRESENTATION_STYLE_ASSIGNMENT((#15499));
#15499 = SURFACE_STYLE_USAGE(.BOTH.,#15500);
#15500 = SURFACE_SIDE_STYLE('',(#15501));
#15501 = SURFACE_STYLE_FILL_AREA(#15502);
#15502 = FILL_AREA_STYLE('',(#15503));
#15503 = FILL_AREA_STYLE_COLOUR('',#14173);
#15504 = STYLED_ITEM('color',(#15505),#12663);
#15505 = PRESENTATION_STYLE_ASSIGNMENT((#15506));
#15506 = SURFACE_STYLE_USAGE(.BOTH.,#15507);
#15507 = SURFACE_SIDE_STYLE('',(#15508));
#15508 = SURFACE_STYLE_FILL_AREA(#15509);
#15509 = FILL_AREA_STYLE('',(#15510));
#15510 = FILL_AREA_STYLE_COLOUR('',#14173);
#15511 = STYLED_ITEM('color',(#15512),#12687);
#15512 = PRESENTATION_STYLE_ASSIGNMENT((#15513));
#15513 = SURFACE_STYLE_USAGE(.BOTH.,#15514);
#15514 = SURFACE_SIDE_STYLE('',(#15515));
#15515 = SURFACE_STYLE_FILL_AREA(#15516);
#15516 = FILL_AREA_STYLE('',(#15517));
#15517 = FILL_AREA_STYLE_COLOUR('',#14173);
#15518 = STYLED_ITEM('color',(#15519),#12719);
#15519 = PRESENTATION_STYLE_ASSIGNMENT((#15520));
#15520 = SURFACE_STYLE_USAGE(.BOTH.,#15521);
#15521 = SURFACE_SIDE_STYLE('',(#15522));
#15522 = SURFACE_STYLE_FILL_AREA(#15523);
#15523 = FILL_AREA_STYLE('',(#15524));
#15524 = FILL_AREA_STYLE_COLOUR('',#14173);
#15525 = STYLED_ITEM('color',(#15526),#12736);
#15526 = PRESENTATION_STYLE_ASSIGNMENT((#15527));
#15527 = SURFACE_STYLE_USAGE(.BOTH.,#15528);
#15528 = SURFACE_SIDE_STYLE('',(#15529));
#15529 = SURFACE_STYLE_FILL_AREA(#15530);
#15530 = FILL_AREA_STYLE('',(#15531));
#15531 = FILL_AREA_STYLE_COLOUR('',#14173);
#15532 = STYLED_ITEM('color',(#15533),#12775);
#15533 = PRESENTATION_STYLE_ASSIGNMENT((#15534));
#15534 = SURFACE_STYLE_USAGE(.BOTH.,#15535);
#15535 = SURFACE_SIDE_STYLE('',(#15536));
#15536 = SURFACE_STYLE_FILL_AREA(#15537);
#15537 = FILL_AREA_STYLE('',(#15538));
#15538 = FILL_AREA_STYLE_COLOUR('',#14173);
#15539 = STYLED_ITEM('color',(#15540),#12799);
#15540 = PRESENTATION_STYLE_ASSIGNMENT((#15541));
#15541 = SURFACE_STYLE_USAGE(.BOTH.,#15542);
#15542 = SURFACE_SIDE_STYLE('',(#15543));
#15543 = SURFACE_STYLE_FILL_AREA(#15544);
#15544 = FILL_AREA_STYLE('',(#15545));
#15545 = FILL_AREA_STYLE_COLOUR('',#14173);
#15546 = STYLED_ITEM('color',(#15547),#12831);
#15547 = PRESENTATION_STYLE_ASSIGNMENT((#15548));
#15548 = SURFACE_STYLE_USAGE(.BOTH.,#15549);
#15549 = SURFACE_SIDE_STYLE('',(#15550));
#15550 = SURFACE_STYLE_FILL_AREA(#15551);
#15551 = FILL_AREA_STYLE('',(#15552));
#15552 = FILL_AREA_STYLE_COLOUR('',#14173);
#15553 = STYLED_ITEM('color',(#15554),#12848);
#15554 = PRESENTATION_STYLE_ASSIGNMENT((#15555));
#15555 = SURFACE_STYLE_USAGE(.BOTH.,#15556);
#15556 = SURFACE_SIDE_STYLE('',(#15557));
#15557 = SURFACE_STYLE_FILL_AREA(#15558);
#15558 = FILL_AREA_STYLE('',(#15559));
#15559 = FILL_AREA_STYLE_COLOUR('',#14173);
#15560 = STYLED_ITEM('color',(#15561),#12860);
#15561 = PRESENTATION_STYLE_ASSIGNMENT((#15562));
#15562 = SURFACE_STYLE_USAGE(.BOTH.,#15563);
#15563 = SURFACE_SIDE_STYLE('',(#15564));
#15564 = SURFACE_STYLE_FILL_AREA(#15565);
#15565 = FILL_AREA_STYLE('',(#15566));
#15566 = FILL_AREA_STYLE_COLOUR('',#14173);
#15567 = STYLED_ITEM('color',(#15568),#12872);
#15568 = PRESENTATION_STYLE_ASSIGNMENT((#15569));
#15569 = SURFACE_STYLE_USAGE(.BOTH.,#15570);
#15570 = SURFACE_SIDE_STYLE('',(#15571));
#15571 = SURFACE_STYLE_FILL_AREA(#15572);
#15572 = FILL_AREA_STYLE('',(#15573));
#15573 = FILL_AREA_STYLE_COLOUR('',#14173);
#15574 = STYLED_ITEM('color',(#15575),#12884);
#15575 = PRESENTATION_STYLE_ASSIGNMENT((#15576));
#15576 = SURFACE_STYLE_USAGE(.BOTH.,#15577);
#15577 = SURFACE_SIDE_STYLE('',(#15578));
#15578 = SURFACE_STYLE_FILL_AREA(#15579);
#15579 = FILL_AREA_STYLE('',(#15580));
#15580 = FILL_AREA_STYLE_COLOUR('',#14173);
#15581 = STYLED_ITEM('color',(#15582),#12896);
#15582 = PRESENTATION_STYLE_ASSIGNMENT((#15583));
#15583 = SURFACE_STYLE_USAGE(.BOTH.,#15584);
#15584 = SURFACE_SIDE_STYLE('',(#15585));
#15585 = SURFACE_STYLE_FILL_AREA(#15586);
#15586 = FILL_AREA_STYLE('',(#15587));
#15587 = FILL_AREA_STYLE_COLOUR('',#14173);
#15588 = STYLED_ITEM('color',(#15589),#12908);
#15589 = PRESENTATION_STYLE_ASSIGNMENT((#15590));
#15590 = SURFACE_STYLE_USAGE(.BOTH.,#15591);
#15591 = SURFACE_SIDE_STYLE('',(#15592));
#15592 = SURFACE_STYLE_FILL_AREA(#15593);
#15593 = FILL_AREA_STYLE('',(#15594));
#15594 = FILL_AREA_STYLE_COLOUR('',#14173);
#15595 = STYLED_ITEM('color',(#15596),#12925);
#15596 = PRESENTATION_STYLE_ASSIGNMENT((#15597));
#15597 = SURFACE_STYLE_USAGE(.BOTH.,#15598);
#15598 = SURFACE_SIDE_STYLE('',(#15599));
#15599 = SURFACE_STYLE_FILL_AREA(#15600);
#15600 = FILL_AREA_STYLE('',(#15601));
#15601 = FILL_AREA_STYLE_COLOUR('',#14173);
#15602 = STYLED_ITEM('color',(#15603),#12937);
#15603 = PRESENTATION_STYLE_ASSIGNMENT((#15604));
#15604 = SURFACE_STYLE_USAGE(.BOTH.,#15605);
#15605 = SURFACE_SIDE_STYLE('',(#15606));
#15606 = SURFACE_STYLE_FILL_AREA(#15607);
#15607 = FILL_AREA_STYLE('',(#15608));
#15608 = FILL_AREA_STYLE_COLOUR('',#14173);
#15609 = STYLED_ITEM('color',(#15610),#12954);
#15610 = PRESENTATION_STYLE_ASSIGNMENT((#15611));
#15611 = SURFACE_STYLE_USAGE(.BOTH.,#15612);
#15612 = SURFACE_SIDE_STYLE('',(#15613));
#15613 = SURFACE_STYLE_FILL_AREA(#15614);
#15614 = FILL_AREA_STYLE('',(#15615));
#15615 = FILL_AREA_STYLE_COLOUR('',#14173);
#15616 = STYLED_ITEM('color',(#15617),#12966);
#15617 = PRESENTATION_STYLE_ASSIGNMENT((#15618));
#15618 = SURFACE_STYLE_USAGE(.BOTH.,#15619);
#15619 = SURFACE_SIDE_STYLE('',(#15620));
#15620 = SURFACE_STYLE_FILL_AREA(#15621);
#15621 = FILL_AREA_STYLE('',(#15622));
#15622 = FILL_AREA_STYLE_COLOUR('',#14173);
#15623 = STYLED_ITEM('color',(#15624),#12983);
#15624 = PRESENTATION_STYLE_ASSIGNMENT((#15625));
#15625 = SURFACE_STYLE_USAGE(.BOTH.,#15626);
#15626 = SURFACE_SIDE_STYLE('',(#15627));
#15627 = SURFACE_STYLE_FILL_AREA(#15628);
#15628 = FILL_AREA_STYLE('',(#15629));
#15629 = FILL_AREA_STYLE_COLOUR('',#14173);
#15630 = STYLED_ITEM('color',(#15631),#12995);
#15631 = PRESENTATION_STYLE_ASSIGNMENT((#15632));
#15632 = SURFACE_STYLE_USAGE(.BOTH.,#15633);
#15633 = SURFACE_SIDE_STYLE('',(#15634));
#15634 = SURFACE_STYLE_FILL_AREA(#15635);
#15635 = FILL_AREA_STYLE('',(#15636));
#15636 = FILL_AREA_STYLE_COLOUR('',#14173);
#15637 = STYLED_ITEM('color',(#15638),#13012);
#15638 = PRESENTATION_STYLE_ASSIGNMENT((#15639));
#15639 = SURFACE_STYLE_USAGE(.BOTH.,#15640);
#15640 = SURFACE_SIDE_STYLE('',(#15641));
#15641 = SURFACE_STYLE_FILL_AREA(#15642);
#15642 = FILL_AREA_STYLE('',(#15643));
#15643 = FILL_AREA_STYLE_COLOUR('',#14173);
#15644 = STYLED_ITEM('color',(#15645),#13024);
#15645 = PRESENTATION_STYLE_ASSIGNMENT((#15646));
#15646 = SURFACE_STYLE_USAGE(.BOTH.,#15647);
#15647 = SURFACE_SIDE_STYLE('',(#15648));
#15648 = SURFACE_STYLE_FILL_AREA(#15649);
#15649 = FILL_AREA_STYLE('',(#15650));
#15650 = FILL_AREA_STYLE_COLOUR('',#14173);
#15651 = STYLED_ITEM('color',(#15652),#13041);
#15652 = PRESENTATION_STYLE_ASSIGNMENT((#15653));
#15653 = SURFACE_STYLE_USAGE(.BOTH.,#15654);
#15654 = SURFACE_SIDE_STYLE('',(#15655));
#15655 = SURFACE_STYLE_FILL_AREA(#15656);
#15656 = FILL_AREA_STYLE('',(#15657));
#15657 = FILL_AREA_STYLE_COLOUR('',#14173);
#15658 = MECHANICAL_DESIGN_GEOMETRIC_PRESENTATION_REPRESENTATION('',(
    #15659,#15667,#15675,#15682,#15689,#15696,#15703,#15710,#15717,
    #15724,#15731,#15738,#15745,#15753,#15760,#15767,#15774,#15781,
    #15788,#15795,#15802,#15809,#15816,#15823,#15830,#15837,#15844,
    #15851,#15858,#15865,#15872,#15879,#15886,#15893,#15900,#15907,
    #15914,#15921,#15928,#15935,#15942,#15949,#15956,#15963,#15970,
    #15977,#15984,#15991,#15998,#16005,#16012,#16019,#16026,#16033,
    #16040,#16047,#16054,#16061,#16068,#16075,#16082,#16089,#16096,
    #16103,#16110,#16117,#16124,#16131,#16138,#16145,#16152,#16159,
    #16166,#16173,#16180,#16187,#16194,#16201,#16208,#16215,#16222,
    #16229,#16236,#16243,#16250,#16257,#16264,#16271,#16278,#16285,
    #16292,#16299,#16306,#16313,#16320,#16327,#16334,#16341,#16348,
    #16355,#16362,#16369,#16376,#16383,#16390,#16397,#16404,#16411,
    #16418,#16425,#16432,#16439,#16446,#16453,#16460,#16467,#16474,
    #16481,#16488,#16495,#16502,#16509,#16516,#16523,#16530,#16537,
    #16544,#16551,#16558,#16565,#16572,#16579,#16586,#16593,#16600,
    #16607,#16614,#16621,#16628,#16635,#16642,#16649,#16656,#16663,
    #16670,#16677,#16684,#16691,#16698,#16705,#16712,#16719),#5615);
#15659 = STYLED_ITEM('color',(#15660),#1005);
#15660 = PRESENTATION_STYLE_ASSIGNMENT((#15661));
#15661 = SURFACE_STYLE_USAGE(.BOTH.,#15662);
#15662 = SURFACE_SIDE_STYLE('',(#15663));
#15663 = SURFACE_STYLE_FILL_AREA(#15664);
#15664 = FILL_AREA_STYLE('',(#15665));
#15665 = FILL_AREA_STYLE_COLOUR('',#15666);
#15666 = COLOUR_RGB('',0.690999998585,0.664000007176,0.597999987832);
#15667 = STYLED_ITEM('color',(#15668),#1022);
#15668 = PRESENTATION_STYLE_ASSIGNMENT((#15669));
#15669 = SURFACE_STYLE_USAGE(.BOTH.,#15670);
#15670 = SURFACE_SIDE_STYLE('',(#15671));
#15671 = SURFACE_STYLE_FILL_AREA(#15672);
#15672 = FILL_AREA_STYLE('',(#15673));
#15673 = FILL_AREA_STYLE_COLOUR('',#15674);
#15674 = COLOUR_RGB('',0.147999998088,0.145000001626,0.145000001626);
#15675 = STYLED_ITEM('color',(#15676),#1097);
#15676 = PRESENTATION_STYLE_ASSIGNMENT((#15677));
#15677 = SURFACE_STYLE_USAGE(.BOTH.,#15678);
#15678 = SURFACE_SIDE_STYLE('',(#15679));
#15679 = SURFACE_STYLE_FILL_AREA(#15680);
#15680 = FILL_AREA_STYLE('',(#15681));
#15681 = FILL_AREA_STYLE_COLOUR('',#15674);
#15682 = STYLED_ITEM('color',(#15683),#1126);
#15683 = PRESENTATION_STYLE_ASSIGNMENT((#15684));
#15684 = SURFACE_STYLE_USAGE(.BOTH.,#15685);
#15685 = SURFACE_SIDE_STYLE('',(#15686));
#15686 = SURFACE_STYLE_FILL_AREA(#15687);
#15687 = FILL_AREA_STYLE('',(#15688));
#15688 = FILL_AREA_STYLE_COLOUR('',#15674);
#15689 = STYLED_ITEM('color',(#15690),#1149);
#15690 = PRESENTATION_STYLE_ASSIGNMENT((#15691));
#15691 = SURFACE_STYLE_USAGE(.BOTH.,#15692);
#15692 = SURFACE_SIDE_STYLE('',(#15693));
#15693 = SURFACE_STYLE_FILL_AREA(#15694);
#15694 = FILL_AREA_STYLE('',(#15695));
#15695 = FILL_AREA_STYLE_COLOUR('',#15674);
#15696 = STYLED_ITEM('color',(#15697),#1172);
#15697 = PRESENTATION_STYLE_ASSIGNMENT((#15698));
#15698 = SURFACE_STYLE_USAGE(.BOTH.,#15699);
#15699 = SURFACE_SIDE_STYLE('',(#15700));
#15700 = SURFACE_STYLE_FILL_AREA(#15701);
#15701 = FILL_AREA_STYLE('',(#15702));
#15702 = FILL_AREA_STYLE_COLOUR('',#15674);
#15703 = STYLED_ITEM('color',(#15704),#1259);
#15704 = PRESENTATION_STYLE_ASSIGNMENT((#15705));
#15705 = SURFACE_STYLE_USAGE(.BOTH.,#15706);
#15706 = SURFACE_SIDE_STYLE('',(#15707));
#15707 = SURFACE_STYLE_FILL_AREA(#15708);
#15708 = FILL_AREA_STYLE('',(#15709));
#15709 = FILL_AREA_STYLE_COLOUR('',#15674);
#15710 = STYLED_ITEM('color',(#15711),#1346);
#15711 = PRESENTATION_STYLE_ASSIGNMENT((#15712));
#15712 = SURFACE_STYLE_USAGE(.BOTH.,#15713);
#15713 = SURFACE_SIDE_STYLE('',(#15714));
#15714 = SURFACE_STYLE_FILL_AREA(#15715);
#15715 = FILL_AREA_STYLE('',(#15716));
#15716 = FILL_AREA_STYLE_COLOUR('',#15674);
#15717 = STYLED_ITEM('color',(#15718),#1369);
#15718 = PRESENTATION_STYLE_ASSIGNMENT((#15719));
#15719 = SURFACE_STYLE_USAGE(.BOTH.,#15720);
#15720 = SURFACE_SIDE_STYLE('',(#15721));
#15721 = SURFACE_STYLE_FILL_AREA(#15722);
#15722 = FILL_AREA_STYLE('',(#15723));
#15723 = FILL_AREA_STYLE_COLOUR('',#15674);
#15724 = STYLED_ITEM('color',(#15725),#1392);
#15725 = PRESENTATION_STYLE_ASSIGNMENT((#15726));
#15726 = SURFACE_STYLE_USAGE(.BOTH.,#15727);
#15727 = SURFACE_SIDE_STYLE('',(#15728));
#15728 = SURFACE_STYLE_FILL_AREA(#15729);
#15729 = FILL_AREA_STYLE('',(#15730));
#15730 = FILL_AREA_STYLE_COLOUR('',#15674);
#15731 = STYLED_ITEM('color',(#15732),#1409);
#15732 = PRESENTATION_STYLE_ASSIGNMENT((#15733));
#15733 = SURFACE_STYLE_USAGE(.BOTH.,#15734);
#15734 = SURFACE_SIDE_STYLE('',(#15735));
#15735 = SURFACE_STYLE_FILL_AREA(#15736);
#15736 = FILL_AREA_STYLE('',(#15737));
#15737 = FILL_AREA_STYLE_COLOUR('',#15674);
#15738 = STYLED_ITEM('color',(#15739),#1476);
#15739 = PRESENTATION_STYLE_ASSIGNMENT((#15740));
#15740 = SURFACE_STYLE_USAGE(.BOTH.,#15741);
#15741 = SURFACE_SIDE_STYLE('',(#15742));
#15742 = SURFACE_STYLE_FILL_AREA(#15743);
#15743 = FILL_AREA_STYLE('',(#15744));
#15744 = FILL_AREA_STYLE_COLOUR('',#15674);
#15745 = STYLED_ITEM('color',(#15746),#1543);
#15746 = PRESENTATION_STYLE_ASSIGNMENT((#15747));
#15747 = SURFACE_STYLE_USAGE(.BOTH.,#15748);
#15748 = SURFACE_SIDE_STYLE('',(#15749));
#15749 = SURFACE_STYLE_FILL_AREA(#15750);
#15750 = FILL_AREA_STYLE('',(#15751));
#15751 = FILL_AREA_STYLE_COLOUR('',#15752);
#15752 = COLOUR_RGB('',0.823999987314,0.819999987296,0.781000009244);
#15753 = STYLED_ITEM('color',(#15754),#1583);
#15754 = PRESENTATION_STYLE_ASSIGNMENT((#15755));
#15755 = SURFACE_STYLE_USAGE(.BOTH.,#15756);
#15756 = SURFACE_SIDE_STYLE('',(#15757));
#15757 = SURFACE_STYLE_FILL_AREA(#15758);
#15758 = FILL_AREA_STYLE('',(#15759));
#15759 = FILL_AREA_STYLE_COLOUR('',#15674);
#15760 = STYLED_ITEM('color',(#15761),#1607);
#15761 = PRESENTATION_STYLE_ASSIGNMENT((#15762));
#15762 = SURFACE_STYLE_USAGE(.BOTH.,#15763);
#15763 = SURFACE_SIDE_STYLE('',(#15764));
#15764 = SURFACE_STYLE_FILL_AREA(#15765);
#15765 = FILL_AREA_STYLE('',(#15766));
#15766 = FILL_AREA_STYLE_COLOUR('',#15752);
#15767 = STYLED_ITEM('color',(#15768),#1647);
#15768 = PRESENTATION_STYLE_ASSIGNMENT((#15769));
#15769 = SURFACE_STYLE_USAGE(.BOTH.,#15770);
#15770 = SURFACE_SIDE_STYLE('',(#15771));
#15771 = SURFACE_STYLE_FILL_AREA(#15772);
#15772 = FILL_AREA_STYLE('',(#15773));
#15773 = FILL_AREA_STYLE_COLOUR('',#15674);
#15774 = STYLED_ITEM('color',(#15775),#1671);
#15775 = PRESENTATION_STYLE_ASSIGNMENT((#15776));
#15776 = SURFACE_STYLE_USAGE(.BOTH.,#15777);
#15777 = SURFACE_SIDE_STYLE('',(#15778));
#15778 = SURFACE_STYLE_FILL_AREA(#15779);
#15779 = FILL_AREA_STYLE('',(#15780));
#15780 = FILL_AREA_STYLE_COLOUR('',#15752);
#15781 = STYLED_ITEM('color',(#15782),#1711);
#15782 = PRESENTATION_STYLE_ASSIGNMENT((#15783));
#15783 = SURFACE_STYLE_USAGE(.BOTH.,#15784);
#15784 = SURFACE_SIDE_STYLE('',(#15785));
#15785 = SURFACE_STYLE_FILL_AREA(#15786);
#15786 = FILL_AREA_STYLE('',(#15787));
#15787 = FILL_AREA_STYLE_COLOUR('',#15674);
#15788 = STYLED_ITEM('color',(#15789),#1735);
#15789 = PRESENTATION_STYLE_ASSIGNMENT((#15790));
#15790 = SURFACE_STYLE_USAGE(.BOTH.,#15791);
#15791 = SURFACE_SIDE_STYLE('',(#15792));
#15792 = SURFACE_STYLE_FILL_AREA(#15793);
#15793 = FILL_AREA_STYLE('',(#15794));
#15794 = FILL_AREA_STYLE_COLOUR('',#15752);
#15795 = STYLED_ITEM('color',(#15796),#1768);
#15796 = PRESENTATION_STYLE_ASSIGNMENT((#15797));
#15797 = SURFACE_STYLE_USAGE(.BOTH.,#15798);
#15798 = SURFACE_SIDE_STYLE('',(#15799));
#15799 = SURFACE_STYLE_FILL_AREA(#15800);
#15800 = FILL_AREA_STYLE('',(#15801));
#15801 = FILL_AREA_STYLE_COLOUR('',#15752);
#15802 = STYLED_ITEM('color',(#15803),#1808);
#15803 = PRESENTATION_STYLE_ASSIGNMENT((#15804));
#15804 = SURFACE_STYLE_USAGE(.BOTH.,#15805);
#15805 = SURFACE_SIDE_STYLE('',(#15806));
#15806 = SURFACE_STYLE_FILL_AREA(#15807);
#15807 = FILL_AREA_STYLE('',(#15808));
#15808 = FILL_AREA_STYLE_COLOUR('',#15674);
#15809 = STYLED_ITEM('color',(#15810),#1832);
#15810 = PRESENTATION_STYLE_ASSIGNMENT((#15811));
#15811 = SURFACE_STYLE_USAGE(.BOTH.,#15812);
#15812 = SURFACE_SIDE_STYLE('',(#15813));
#15813 = SURFACE_STYLE_FILL_AREA(#15814);
#15814 = FILL_AREA_STYLE('',(#15815));
#15815 = FILL_AREA_STYLE_COLOUR('',#15752);
#15816 = STYLED_ITEM('color',(#15817),#1872);
#15817 = PRESENTATION_STYLE_ASSIGNMENT((#15818));
#15818 = SURFACE_STYLE_USAGE(.BOTH.,#15819);
#15819 = SURFACE_SIDE_STYLE('',(#15820));
#15820 = SURFACE_STYLE_FILL_AREA(#15821);
#15821 = FILL_AREA_STYLE('',(#15822));
#15822 = FILL_AREA_STYLE_COLOUR('',#15674);
#15823 = STYLED_ITEM('color',(#15824),#1896);
#15824 = PRESENTATION_STYLE_ASSIGNMENT((#15825));
#15825 = SURFACE_STYLE_USAGE(.BOTH.,#15826);
#15826 = SURFACE_SIDE_STYLE('',(#15827));
#15827 = SURFACE_STYLE_FILL_AREA(#15828);
#15828 = FILL_AREA_STYLE('',(#15829));
#15829 = FILL_AREA_STYLE_COLOUR('',#15752);
#15830 = STYLED_ITEM('color',(#15831),#1936);
#15831 = PRESENTATION_STYLE_ASSIGNMENT((#15832));
#15832 = SURFACE_STYLE_USAGE(.BOTH.,#15833);
#15833 = SURFACE_SIDE_STYLE('',(#15834));
#15834 = SURFACE_STYLE_FILL_AREA(#15835);
#15835 = FILL_AREA_STYLE('',(#15836));
#15836 = FILL_AREA_STYLE_COLOUR('',#15674);
#15837 = STYLED_ITEM('color',(#15838),#1960);
#15838 = PRESENTATION_STYLE_ASSIGNMENT((#15839));
#15839 = SURFACE_STYLE_USAGE(.BOTH.,#15840);
#15840 = SURFACE_SIDE_STYLE('',(#15841));
#15841 = SURFACE_STYLE_FILL_AREA(#15842);
#15842 = FILL_AREA_STYLE('',(#15843));
#15843 = FILL_AREA_STYLE_COLOUR('',#15752);
#15844 = STYLED_ITEM('color',(#15845),#1993);
#15845 = PRESENTATION_STYLE_ASSIGNMENT((#15846));
#15846 = SURFACE_STYLE_USAGE(.BOTH.,#15847);
#15847 = SURFACE_SIDE_STYLE('',(#15848));
#15848 = SURFACE_STYLE_FILL_AREA(#15849);
#15849 = FILL_AREA_STYLE('',(#15850));
#15850 = FILL_AREA_STYLE_COLOUR('',#15674);
#15851 = STYLED_ITEM('color',(#15852),#2022);
#15852 = PRESENTATION_STYLE_ASSIGNMENT((#15853));
#15853 = SURFACE_STYLE_USAGE(.BOTH.,#15854);
#15854 = SURFACE_SIDE_STYLE('',(#15855));
#15855 = SURFACE_STYLE_FILL_AREA(#15856);
#15856 = FILL_AREA_STYLE('',(#15857));
#15857 = FILL_AREA_STYLE_COLOUR('',#15674);
#15858 = STYLED_ITEM('color',(#15859),#2046);
#15859 = PRESENTATION_STYLE_ASSIGNMENT((#15860));
#15860 = SURFACE_STYLE_USAGE(.BOTH.,#15861);
#15861 = SURFACE_SIDE_STYLE('',(#15862));
#15862 = SURFACE_STYLE_FILL_AREA(#15863);
#15863 = FILL_AREA_STYLE('',(#15864));
#15864 = FILL_AREA_STYLE_COLOUR('',#15674);
#15865 = STYLED_ITEM('color',(#15866),#2076);
#15866 = PRESENTATION_STYLE_ASSIGNMENT((#15867));
#15867 = SURFACE_STYLE_USAGE(.BOTH.,#15868);
#15868 = SURFACE_SIDE_STYLE('',(#15869));
#15869 = SURFACE_STYLE_FILL_AREA(#15870);
#15870 = FILL_AREA_STYLE('',(#15871));
#15871 = FILL_AREA_STYLE_COLOUR('',#15674);
#15872 = STYLED_ITEM('color',(#15873),#2099);
#15873 = PRESENTATION_STYLE_ASSIGNMENT((#15874));
#15874 = SURFACE_STYLE_USAGE(.BOTH.,#15875);
#15875 = SURFACE_SIDE_STYLE('',(#15876));
#15876 = SURFACE_STYLE_FILL_AREA(#15877);
#15877 = FILL_AREA_STYLE('',(#15878));
#15878 = FILL_AREA_STYLE_COLOUR('',#15674);
#15879 = STYLED_ITEM('color',(#15880),#2116);
#15880 = PRESENTATION_STYLE_ASSIGNMENT((#15881));
#15881 = SURFACE_STYLE_USAGE(.BOTH.,#15882);
#15882 = SURFACE_SIDE_STYLE('',(#15883));
#15883 = SURFACE_STYLE_FILL_AREA(#15884);
#15884 = FILL_AREA_STYLE('',(#15885));
#15885 = FILL_AREA_STYLE_COLOUR('',#15674);
#15886 = STYLED_ITEM('color',(#15887),#2146);
#15887 = PRESENTATION_STYLE_ASSIGNMENT((#15888));
#15888 = SURFACE_STYLE_USAGE(.BOTH.,#15889);
#15889 = SURFACE_SIDE_STYLE('',(#15890));
#15890 = SURFACE_STYLE_FILL_AREA(#15891);
#15891 = FILL_AREA_STYLE('',(#15892));
#15892 = FILL_AREA_STYLE_COLOUR('',#15674);
#15893 = STYLED_ITEM('color',(#15894),#2169);
#15894 = PRESENTATION_STYLE_ASSIGNMENT((#15895));
#15895 = SURFACE_STYLE_USAGE(.BOTH.,#15896);
#15896 = SURFACE_SIDE_STYLE('',(#15897));
#15897 = SURFACE_STYLE_FILL_AREA(#15898);
#15898 = FILL_AREA_STYLE('',(#15899));
#15899 = FILL_AREA_STYLE_COLOUR('',#15674);
#15900 = STYLED_ITEM('color',(#15901),#2192);
#15901 = PRESENTATION_STYLE_ASSIGNMENT((#15902));
#15902 = SURFACE_STYLE_USAGE(.BOTH.,#15903);
#15903 = SURFACE_SIDE_STYLE('',(#15904));
#15904 = SURFACE_STYLE_FILL_AREA(#15905);
#15905 = FILL_AREA_STYLE('',(#15906));
#15906 = FILL_AREA_STYLE_COLOUR('',#15674);
#15907 = STYLED_ITEM('color',(#15908),#2215);
#15908 = PRESENTATION_STYLE_ASSIGNMENT((#15909));
#15909 = SURFACE_STYLE_USAGE(.BOTH.,#15910);
#15910 = SURFACE_SIDE_STYLE('',(#15911));
#15911 = SURFACE_STYLE_FILL_AREA(#15912);
#15912 = FILL_AREA_STYLE('',(#15913));
#15913 = FILL_AREA_STYLE_COLOUR('',#15674);
#15914 = STYLED_ITEM('color',(#15915),#2239);
#15915 = PRESENTATION_STYLE_ASSIGNMENT((#15916));
#15916 = SURFACE_STYLE_USAGE(.BOTH.,#15917);
#15917 = SURFACE_SIDE_STYLE('',(#15918));
#15918 = SURFACE_STYLE_FILL_AREA(#15919);
#15919 = FILL_AREA_STYLE('',(#15920));
#15920 = FILL_AREA_STYLE_COLOUR('',#15752);
#15921 = STYLED_ITEM('color',(#15922),#2331);
#15922 = PRESENTATION_STYLE_ASSIGNMENT((#15923));
#15923 = SURFACE_STYLE_USAGE(.BOTH.,#15924);
#15924 = SURFACE_SIDE_STYLE('',(#15925));
#15925 = SURFACE_STYLE_FILL_AREA(#15926);
#15926 = FILL_AREA_STYLE('',(#15927));
#15927 = FILL_AREA_STYLE_COLOUR('',#15752);
#15928 = STYLED_ITEM('color',(#15929),#2430);
#15929 = PRESENTATION_STYLE_ASSIGNMENT((#15930));
#15930 = SURFACE_STYLE_USAGE(.BOTH.,#15931);
#15931 = SURFACE_SIDE_STYLE('',(#15932));
#15932 = SURFACE_STYLE_FILL_AREA(#15933);
#15933 = FILL_AREA_STYLE('',(#15934));
#15934 = FILL_AREA_STYLE_COLOUR('',#15752);
#15935 = STYLED_ITEM('color',(#15936),#2447);
#15936 = PRESENTATION_STYLE_ASSIGNMENT((#15937));
#15937 = SURFACE_STYLE_USAGE(.BOTH.,#15938);
#15938 = SURFACE_SIDE_STYLE('',(#15939));
#15939 = SURFACE_STYLE_FILL_AREA(#15940);
#15940 = FILL_AREA_STYLE('',(#15941));
#15941 = FILL_AREA_STYLE_COLOUR('',#15674);
#15942 = STYLED_ITEM('color',(#15943),#2471);
#15943 = PRESENTATION_STYLE_ASSIGNMENT((#15944));
#15944 = SURFACE_STYLE_USAGE(.BOTH.,#15945);
#15945 = SURFACE_SIDE_STYLE('',(#15946));
#15946 = SURFACE_STYLE_FILL_AREA(#15947);
#15947 = FILL_AREA_STYLE('',(#15948));
#15948 = FILL_AREA_STYLE_COLOUR('',#15752);
#15949 = STYLED_ITEM('color',(#15950),#2563);
#15950 = PRESENTATION_STYLE_ASSIGNMENT((#15951));
#15951 = SURFACE_STYLE_USAGE(.BOTH.,#15952);
#15952 = SURFACE_SIDE_STYLE('',(#15953));
#15953 = SURFACE_STYLE_FILL_AREA(#15954);
#15954 = FILL_AREA_STYLE('',(#15955));
#15955 = FILL_AREA_STYLE_COLOUR('',#15752);
#15956 = STYLED_ITEM('color',(#15957),#2662);
#15957 = PRESENTATION_STYLE_ASSIGNMENT((#15958));
#15958 = SURFACE_STYLE_USAGE(.BOTH.,#15959);
#15959 = SURFACE_SIDE_STYLE('',(#15960));
#15960 = SURFACE_STYLE_FILL_AREA(#15961);
#15961 = FILL_AREA_STYLE('',(#15962));
#15962 = FILL_AREA_STYLE_COLOUR('',#15752);
#15963 = STYLED_ITEM('color',(#15964),#2679);
#15964 = PRESENTATION_STYLE_ASSIGNMENT((#15965));
#15965 = SURFACE_STYLE_USAGE(.BOTH.,#15966);
#15966 = SURFACE_SIDE_STYLE('',(#15967));
#15967 = SURFACE_STYLE_FILL_AREA(#15968);
#15968 = FILL_AREA_STYLE('',(#15969));
#15969 = FILL_AREA_STYLE_COLOUR('',#15674);
#15970 = STYLED_ITEM('color',(#15971),#2703);
#15971 = PRESENTATION_STYLE_ASSIGNMENT((#15972));
#15972 = SURFACE_STYLE_USAGE(.BOTH.,#15973);
#15973 = SURFACE_SIDE_STYLE('',(#15974));
#15974 = SURFACE_STYLE_FILL_AREA(#15975);
#15975 = FILL_AREA_STYLE('',(#15976));
#15976 = FILL_AREA_STYLE_COLOUR('',#15752);
#15977 = STYLED_ITEM('color',(#15978),#2795);
#15978 = PRESENTATION_STYLE_ASSIGNMENT((#15979));
#15979 = SURFACE_STYLE_USAGE(.BOTH.,#15980);
#15980 = SURFACE_SIDE_STYLE('',(#15981));
#15981 = SURFACE_STYLE_FILL_AREA(#15982);
#15982 = FILL_AREA_STYLE('',(#15983));
#15983 = FILL_AREA_STYLE_COLOUR('',#15752);
#15984 = STYLED_ITEM('color',(#15985),#2894);
#15985 = PRESENTATION_STYLE_ASSIGNMENT((#15986));
#15986 = SURFACE_STYLE_USAGE(.BOTH.,#15987);
#15987 = SURFACE_SIDE_STYLE('',(#15988));
#15988 = SURFACE_STYLE_FILL_AREA(#15989);
#15989 = FILL_AREA_STYLE('',(#15990));
#15990 = FILL_AREA_STYLE_COLOUR('',#15752);
#15991 = STYLED_ITEM('color',(#15992),#2911);
#15992 = PRESENTATION_STYLE_ASSIGNMENT((#15993));
#15993 = SURFACE_STYLE_USAGE(.BOTH.,#15994);
#15994 = SURFACE_SIDE_STYLE('',(#15995));
#15995 = SURFACE_STYLE_FILL_AREA(#15996);
#15996 = FILL_AREA_STYLE('',(#15997));
#15997 = FILL_AREA_STYLE_COLOUR('',#15674);
#15998 = STYLED_ITEM('color',(#15999),#2935);
#15999 = PRESENTATION_STYLE_ASSIGNMENT((#16000));
#16000 = SURFACE_STYLE_USAGE(.BOTH.,#16001);
#16001 = SURFACE_SIDE_STYLE('',(#16002));
#16002 = SURFACE_STYLE_FILL_AREA(#16003);
#16003 = FILL_AREA_STYLE('',(#16004));
#16004 = FILL_AREA_STYLE_COLOUR('',#15752);
#16005 = STYLED_ITEM('color',(#16006),#3027);
#16006 = PRESENTATION_STYLE_ASSIGNMENT((#16007));
#16007 = SURFACE_STYLE_USAGE(.BOTH.,#16008);
#16008 = SURFACE_SIDE_STYLE('',(#16009));
#16009 = SURFACE_STYLE_FILL_AREA(#16010);
#16010 = FILL_AREA_STYLE('',(#16011));
#16011 = FILL_AREA_STYLE_COLOUR('',#15752);
#16012 = STYLED_ITEM('color',(#16013),#3119);
#16013 = PRESENTATION_STYLE_ASSIGNMENT((#16014));
#16014 = SURFACE_STYLE_USAGE(.BOTH.,#16015);
#16015 = SURFACE_SIDE_STYLE('',(#16016));
#16016 = SURFACE_STYLE_FILL_AREA(#16017);
#16017 = FILL_AREA_STYLE('',(#16018));
#16018 = FILL_AREA_STYLE_COLOUR('',#15752);
#16019 = STYLED_ITEM('color',(#16020),#3136);
#16020 = PRESENTATION_STYLE_ASSIGNMENT((#16021));
#16021 = SURFACE_STYLE_USAGE(.BOTH.,#16022);
#16022 = SURFACE_SIDE_STYLE('',(#16023));
#16023 = SURFACE_STYLE_FILL_AREA(#16024);
#16024 = FILL_AREA_STYLE('',(#16025));
#16025 = FILL_AREA_STYLE_COLOUR('',#15752);
#16026 = STYLED_ITEM('color',(#16027),#3228);
#16027 = PRESENTATION_STYLE_ASSIGNMENT((#16028));
#16028 = SURFACE_STYLE_USAGE(.BOTH.,#16029);
#16029 = SURFACE_SIDE_STYLE('',(#16030));
#16030 = SURFACE_STYLE_FILL_AREA(#16031);
#16031 = FILL_AREA_STYLE('',(#16032));
#16032 = FILL_AREA_STYLE_COLOUR('',#15752);
#16033 = STYLED_ITEM('color',(#16034),#3327);
#16034 = PRESENTATION_STYLE_ASSIGNMENT((#16035));
#16035 = SURFACE_STYLE_USAGE(.BOTH.,#16036);
#16036 = SURFACE_SIDE_STYLE('',(#16037));
#16037 = SURFACE_STYLE_FILL_AREA(#16038);
#16038 = FILL_AREA_STYLE('',(#16039));
#16039 = FILL_AREA_STYLE_COLOUR('',#15752);
#16040 = STYLED_ITEM('color',(#16041),#3344);
#16041 = PRESENTATION_STYLE_ASSIGNMENT((#16042));
#16042 = SURFACE_STYLE_USAGE(.BOTH.,#16043);
#16043 = SURFACE_SIDE_STYLE('',(#16044));
#16044 = SURFACE_STYLE_FILL_AREA(#16045);
#16045 = FILL_AREA_STYLE('',(#16046));
#16046 = FILL_AREA_STYLE_COLOUR('',#15674);
#16047 = STYLED_ITEM('color',(#16048),#3368);
#16048 = PRESENTATION_STYLE_ASSIGNMENT((#16049));
#16049 = SURFACE_STYLE_USAGE(.BOTH.,#16050);
#16050 = SURFACE_SIDE_STYLE('',(#16051));
#16051 = SURFACE_STYLE_FILL_AREA(#16052);
#16052 = FILL_AREA_STYLE('',(#16053));
#16053 = FILL_AREA_STYLE_COLOUR('',#15752);
#16054 = STYLED_ITEM('color',(#16055),#3460);
#16055 = PRESENTATION_STYLE_ASSIGNMENT((#16056));
#16056 = SURFACE_STYLE_USAGE(.BOTH.,#16057);
#16057 = SURFACE_SIDE_STYLE('',(#16058));
#16058 = SURFACE_STYLE_FILL_AREA(#16059);
#16059 = FILL_AREA_STYLE('',(#16060));
#16060 = FILL_AREA_STYLE_COLOUR('',#15752);
#16061 = STYLED_ITEM('color',(#16062),#3559);
#16062 = PRESENTATION_STYLE_ASSIGNMENT((#16063));
#16063 = SURFACE_STYLE_USAGE(.BOTH.,#16064);
#16064 = SURFACE_SIDE_STYLE('',(#16065));
#16065 = SURFACE_STYLE_FILL_AREA(#16066);
#16066 = FILL_AREA_STYLE('',(#16067));
#16067 = FILL_AREA_STYLE_COLOUR('',#15752);
#16068 = STYLED_ITEM('color',(#16069),#3576);
#16069 = PRESENTATION_STYLE_ASSIGNMENT((#16070));
#16070 = SURFACE_STYLE_USAGE(.BOTH.,#16071);
#16071 = SURFACE_SIDE_STYLE('',(#16072));
#16072 = SURFACE_STYLE_FILL_AREA(#16073);
#16073 = FILL_AREA_STYLE('',(#16074));
#16074 = FILL_AREA_STYLE_COLOUR('',#15674);
#16075 = STYLED_ITEM('color',(#16076),#3600);
#16076 = PRESENTATION_STYLE_ASSIGNMENT((#16077));
#16077 = SURFACE_STYLE_USAGE(.BOTH.,#16078);
#16078 = SURFACE_SIDE_STYLE('',(#16079));
#16079 = SURFACE_STYLE_FILL_AREA(#16080);
#16080 = FILL_AREA_STYLE('',(#16081));
#16081 = FILL_AREA_STYLE_COLOUR('',#15752);
#16082 = STYLED_ITEM('color',(#16083),#3692);
#16083 = PRESENTATION_STYLE_ASSIGNMENT((#16084));
#16084 = SURFACE_STYLE_USAGE(.BOTH.,#16085);
#16085 = SURFACE_SIDE_STYLE('',(#16086));
#16086 = SURFACE_STYLE_FILL_AREA(#16087);
#16087 = FILL_AREA_STYLE('',(#16088));
#16088 = FILL_AREA_STYLE_COLOUR('',#15752);
#16089 = STYLED_ITEM('color',(#16090),#3791);
#16090 = PRESENTATION_STYLE_ASSIGNMENT((#16091));
#16091 = SURFACE_STYLE_USAGE(.BOTH.,#16092);
#16092 = SURFACE_SIDE_STYLE('',(#16093));
#16093 = SURFACE_STYLE_FILL_AREA(#16094);
#16094 = FILL_AREA_STYLE('',(#16095));
#16095 = FILL_AREA_STYLE_COLOUR('',#15752);
#16096 = STYLED_ITEM('color',(#16097),#3808);
#16097 = PRESENTATION_STYLE_ASSIGNMENT((#16098));
#16098 = SURFACE_STYLE_USAGE(.BOTH.,#16099);
#16099 = SURFACE_SIDE_STYLE('',(#16100));
#16100 = SURFACE_STYLE_FILL_AREA(#16101);
#16101 = FILL_AREA_STYLE('',(#16102));
#16102 = FILL_AREA_STYLE_COLOUR('',#15674);
#16103 = STYLED_ITEM('color',(#16104),#3832);
#16104 = PRESENTATION_STYLE_ASSIGNMENT((#16105));
#16105 = SURFACE_STYLE_USAGE(.BOTH.,#16106);
#16106 = SURFACE_SIDE_STYLE('',(#16107));
#16107 = SURFACE_STYLE_FILL_AREA(#16108);
#16108 = FILL_AREA_STYLE('',(#16109));
#16109 = FILL_AREA_STYLE_COLOUR('',#15752);
#16110 = STYLED_ITEM('color',(#16111),#3924);
#16111 = PRESENTATION_STYLE_ASSIGNMENT((#16112));
#16112 = SURFACE_STYLE_USAGE(.BOTH.,#16113);
#16113 = SURFACE_SIDE_STYLE('',(#16114));
#16114 = SURFACE_STYLE_FILL_AREA(#16115);
#16115 = FILL_AREA_STYLE('',(#16116));
#16116 = FILL_AREA_STYLE_COLOUR('',#15752);
#16117 = STYLED_ITEM('color',(#16118),#4016);
#16118 = PRESENTATION_STYLE_ASSIGNMENT((#16119));
#16119 = SURFACE_STYLE_USAGE(.BOTH.,#16120);
#16120 = SURFACE_SIDE_STYLE('',(#16121));
#16121 = SURFACE_STYLE_FILL_AREA(#16122);
#16122 = FILL_AREA_STYLE('',(#16123));
#16123 = FILL_AREA_STYLE_COLOUR('',#15752);
#16124 = STYLED_ITEM('color',(#16125),#4033);
#16125 = PRESENTATION_STYLE_ASSIGNMENT((#16126));
#16126 = SURFACE_STYLE_USAGE(.BOTH.,#16127);
#16127 = SURFACE_SIDE_STYLE('',(#16128));
#16128 = SURFACE_STYLE_FILL_AREA(#16129);
#16129 = FILL_AREA_STYLE('',(#16130));
#16130 = FILL_AREA_STYLE_COLOUR('',#15674);
#16131 = STYLED_ITEM('color',(#16132),#4062);
#16132 = PRESENTATION_STYLE_ASSIGNMENT((#16133));
#16133 = SURFACE_STYLE_USAGE(.BOTH.,#16134);
#16134 = SURFACE_SIDE_STYLE('',(#16135));
#16135 = SURFACE_STYLE_FILL_AREA(#16136);
#16136 = FILL_AREA_STYLE('',(#16137));
#16137 = FILL_AREA_STYLE_COLOUR('',#15674);
#16138 = STYLED_ITEM('color',(#16139),#4113);
#16139 = PRESENTATION_STYLE_ASSIGNMENT((#16140));
#16140 = SURFACE_STYLE_USAGE(.BOTH.,#16141);
#16141 = SURFACE_SIDE_STYLE('',(#16142));
#16142 = SURFACE_STYLE_FILL_AREA(#16143);
#16143 = FILL_AREA_STYLE('',(#16144));
#16144 = FILL_AREA_STYLE_COLOUR('',#15674);
#16145 = STYLED_ITEM('color',(#16146),#4170);
#16146 = PRESENTATION_STYLE_ASSIGNMENT((#16147));
#16147 = SURFACE_STYLE_USAGE(.BOTH.,#16148);
#16148 = SURFACE_SIDE_STYLE('',(#16149));
#16149 = SURFACE_STYLE_FILL_AREA(#16150);
#16150 = FILL_AREA_STYLE('',(#16151));
#16151 = FILL_AREA_STYLE_COLOUR('',#15674);
#16152 = STYLED_ITEM('color',(#16153),#4193);
#16153 = PRESENTATION_STYLE_ASSIGNMENT((#16154));
#16154 = SURFACE_STYLE_USAGE(.BOTH.,#16155);
#16155 = SURFACE_SIDE_STYLE('',(#16156));
#16156 = SURFACE_STYLE_FILL_AREA(#16157);
#16157 = FILL_AREA_STYLE('',(#16158));
#16158 = FILL_AREA_STYLE_COLOUR('',#15674);
#16159 = STYLED_ITEM('color',(#16160),#4210);
#16160 = PRESENTATION_STYLE_ASSIGNMENT((#16161));
#16161 = SURFACE_STYLE_USAGE(.BOTH.,#16162);
#16162 = SURFACE_SIDE_STYLE('',(#16163));
#16163 = SURFACE_STYLE_FILL_AREA(#16164);
#16164 = FILL_AREA_STYLE('',(#16165));
#16165 = FILL_AREA_STYLE_COLOUR('',#15674);
#16166 = STYLED_ITEM('color',(#16167),#4233);
#16167 = PRESENTATION_STYLE_ASSIGNMENT((#16168));
#16168 = SURFACE_STYLE_USAGE(.BOTH.,#16169);
#16169 = SURFACE_SIDE_STYLE('',(#16170));
#16170 = SURFACE_STYLE_FILL_AREA(#16171);
#16171 = FILL_AREA_STYLE('',(#16172));
#16172 = FILL_AREA_STYLE_COLOUR('',#15674);
#16173 = STYLED_ITEM('color',(#16174),#4256);
#16174 = PRESENTATION_STYLE_ASSIGNMENT((#16175));
#16175 = SURFACE_STYLE_USAGE(.BOTH.,#16176);
#16176 = SURFACE_SIDE_STYLE('',(#16177));
#16177 = SURFACE_STYLE_FILL_AREA(#16178);
#16178 = FILL_AREA_STYLE('',(#16179));
#16179 = FILL_AREA_STYLE_COLOUR('',#15674);
#16180 = STYLED_ITEM('color',(#16181),#4273);
#16181 = PRESENTATION_STYLE_ASSIGNMENT((#16182));
#16182 = SURFACE_STYLE_USAGE(.BOTH.,#16183);
#16183 = SURFACE_SIDE_STYLE('',(#16184));
#16184 = SURFACE_STYLE_FILL_AREA(#16185);
#16185 = FILL_AREA_STYLE('',(#16186));
#16186 = FILL_AREA_STYLE_COLOUR('',#15752);
#16187 = STYLED_ITEM('color',(#16188),#4290);
#16188 = PRESENTATION_STYLE_ASSIGNMENT((#16189));
#16189 = SURFACE_STYLE_USAGE(.BOTH.,#16190);
#16190 = SURFACE_SIDE_STYLE('',(#16191));
#16191 = SURFACE_STYLE_FILL_AREA(#16192);
#16192 = FILL_AREA_STYLE('',(#16193));
#16193 = FILL_AREA_STYLE_COLOUR('',#15752);
#16194 = STYLED_ITEM('color',(#16195),#4307);
#16195 = PRESENTATION_STYLE_ASSIGNMENT((#16196));
#16196 = SURFACE_STYLE_USAGE(.BOTH.,#16197);
#16197 = SURFACE_SIDE_STYLE('',(#16198));
#16198 = SURFACE_STYLE_FILL_AREA(#16199);
#16199 = FILL_AREA_STYLE('',(#16200));
#16200 = FILL_AREA_STYLE_COLOUR('',#15752);
#16201 = STYLED_ITEM('color',(#16202),#4324);
#16202 = PRESENTATION_STYLE_ASSIGNMENT((#16203));
#16203 = SURFACE_STYLE_USAGE(.BOTH.,#16204);
#16204 = SURFACE_SIDE_STYLE('',(#16205));
#16205 = SURFACE_STYLE_FILL_AREA(#16206);
#16206 = FILL_AREA_STYLE('',(#16207));
#16207 = FILL_AREA_STYLE_COLOUR('',#15752);
#16208 = STYLED_ITEM('color',(#16209),#4341);
#16209 = PRESENTATION_STYLE_ASSIGNMENT((#16210));
#16210 = SURFACE_STYLE_USAGE(.BOTH.,#16211);
#16211 = SURFACE_SIDE_STYLE('',(#16212));
#16212 = SURFACE_STYLE_FILL_AREA(#16213);
#16213 = FILL_AREA_STYLE('',(#16214));
#16214 = FILL_AREA_STYLE_COLOUR('',#15752);
#16215 = STYLED_ITEM('color',(#16216),#4358);
#16216 = PRESENTATION_STYLE_ASSIGNMENT((#16217));
#16217 = SURFACE_STYLE_USAGE(.BOTH.,#16218);
#16218 = SURFACE_SIDE_STYLE('',(#16219));
#16219 = SURFACE_STYLE_FILL_AREA(#16220);
#16220 = FILL_AREA_STYLE('',(#16221));
#16221 = FILL_AREA_STYLE_COLOUR('',#15752);
#16222 = STYLED_ITEM('color',(#16223),#4375);
#16223 = PRESENTATION_STYLE_ASSIGNMENT((#16224));
#16224 = SURFACE_STYLE_USAGE(.BOTH.,#16225);
#16225 = SURFACE_SIDE_STYLE('',(#16226));
#16226 = SURFACE_STYLE_FILL_AREA(#16227);
#16227 = FILL_AREA_STYLE('',(#16228));
#16228 = FILL_AREA_STYLE_COLOUR('',#15752);
#16229 = STYLED_ITEM('color',(#16230),#4392);
#16230 = PRESENTATION_STYLE_ASSIGNMENT((#16231));
#16231 = SURFACE_STYLE_USAGE(.BOTH.,#16232);
#16232 = SURFACE_SIDE_STYLE('',(#16233));
#16233 = SURFACE_STYLE_FILL_AREA(#16234);
#16234 = FILL_AREA_STYLE('',(#16235));
#16235 = FILL_AREA_STYLE_COLOUR('',#15752);
#16236 = STYLED_ITEM('color',(#16237),#4409);
#16237 = PRESENTATION_STYLE_ASSIGNMENT((#16238));
#16238 = SURFACE_STYLE_USAGE(.BOTH.,#16239);
#16239 = SURFACE_SIDE_STYLE('',(#16240));
#16240 = SURFACE_STYLE_FILL_AREA(#16241);
#16241 = FILL_AREA_STYLE('',(#16242));
#16242 = FILL_AREA_STYLE_COLOUR('',#15752);
#16243 = STYLED_ITEM('color',(#16244),#4421);
#16244 = PRESENTATION_STYLE_ASSIGNMENT((#16245));
#16245 = SURFACE_STYLE_USAGE(.BOTH.,#16246);
#16246 = SURFACE_SIDE_STYLE('',(#16247));
#16247 = SURFACE_STYLE_FILL_AREA(#16248);
#16248 = FILL_AREA_STYLE('',(#16249));
#16249 = FILL_AREA_STYLE_COLOUR('',#15752);
#16250 = STYLED_ITEM('color',(#16251),#4438);
#16251 = PRESENTATION_STYLE_ASSIGNMENT((#16252));
#16252 = SURFACE_STYLE_USAGE(.BOTH.,#16253);
#16253 = SURFACE_SIDE_STYLE('',(#16254));
#16254 = SURFACE_STYLE_FILL_AREA(#16255);
#16255 = FILL_AREA_STYLE('',(#16256));
#16256 = FILL_AREA_STYLE_COLOUR('',#15752);
#16257 = STYLED_ITEM('color',(#16258),#4455);
#16258 = PRESENTATION_STYLE_ASSIGNMENT((#16259));
#16259 = SURFACE_STYLE_USAGE(.BOTH.,#16260);
#16260 = SURFACE_SIDE_STYLE('',(#16261));
#16261 = SURFACE_STYLE_FILL_AREA(#16262);
#16262 = FILL_AREA_STYLE('',(#16263));
#16263 = FILL_AREA_STYLE_COLOUR('',#15752);
#16264 = STYLED_ITEM('color',(#16265),#4472);
#16265 = PRESENTATION_STYLE_ASSIGNMENT((#16266));
#16266 = SURFACE_STYLE_USAGE(.BOTH.,#16267);
#16267 = SURFACE_SIDE_STYLE('',(#16268));
#16268 = SURFACE_STYLE_FILL_AREA(#16269);
#16269 = FILL_AREA_STYLE('',(#16270));
#16270 = FILL_AREA_STYLE_COLOUR('',#15752);
#16271 = STYLED_ITEM('color',(#16272),#4489);
#16272 = PRESENTATION_STYLE_ASSIGNMENT((#16273));
#16273 = SURFACE_STYLE_USAGE(.BOTH.,#16274);
#16274 = SURFACE_SIDE_STYLE('',(#16275));
#16275 = SURFACE_STYLE_FILL_AREA(#16276);
#16276 = FILL_AREA_STYLE('',(#16277));
#16277 = FILL_AREA_STYLE_COLOUR('',#15752);
#16278 = STYLED_ITEM('color',(#16279),#4506);
#16279 = PRESENTATION_STYLE_ASSIGNMENT((#16280));
#16280 = SURFACE_STYLE_USAGE(.BOTH.,#16281);
#16281 = SURFACE_SIDE_STYLE('',(#16282));
#16282 = SURFACE_STYLE_FILL_AREA(#16283);
#16283 = FILL_AREA_STYLE('',(#16284));
#16284 = FILL_AREA_STYLE_COLOUR('',#15752);
#16285 = STYLED_ITEM('color',(#16286),#4523);
#16286 = PRESENTATION_STYLE_ASSIGNMENT((#16287));
#16287 = SURFACE_STYLE_USAGE(.BOTH.,#16288);
#16288 = SURFACE_SIDE_STYLE('',(#16289));
#16289 = SURFACE_STYLE_FILL_AREA(#16290);
#16290 = FILL_AREA_STYLE('',(#16291));
#16291 = FILL_AREA_STYLE_COLOUR('',#15752);
#16292 = STYLED_ITEM('color',(#16293),#4540);
#16293 = PRESENTATION_STYLE_ASSIGNMENT((#16294));
#16294 = SURFACE_STYLE_USAGE(.BOTH.,#16295);
#16295 = SURFACE_SIDE_STYLE('',(#16296));
#16296 = SURFACE_STYLE_FILL_AREA(#16297);
#16297 = FILL_AREA_STYLE('',(#16298));
#16298 = FILL_AREA_STYLE_COLOUR('',#15752);
#16299 = STYLED_ITEM('color',(#16300),#4557);
#16300 = PRESENTATION_STYLE_ASSIGNMENT((#16301));
#16301 = SURFACE_STYLE_USAGE(.BOTH.,#16302);
#16302 = SURFACE_SIDE_STYLE('',(#16303));
#16303 = SURFACE_STYLE_FILL_AREA(#16304);
#16304 = FILL_AREA_STYLE('',(#16305));
#16305 = FILL_AREA_STYLE_COLOUR('',#15752);
#16306 = STYLED_ITEM('color',(#16307),#4569);
#16307 = PRESENTATION_STYLE_ASSIGNMENT((#16308));
#16308 = SURFACE_STYLE_USAGE(.BOTH.,#16309);
#16309 = SURFACE_SIDE_STYLE('',(#16310));
#16310 = SURFACE_STYLE_FILL_AREA(#16311);
#16311 = FILL_AREA_STYLE('',(#16312));
#16312 = FILL_AREA_STYLE_COLOUR('',#15752);
#16313 = STYLED_ITEM('color',(#16314),#4586);
#16314 = PRESENTATION_STYLE_ASSIGNMENT((#16315));
#16315 = SURFACE_STYLE_USAGE(.BOTH.,#16316);
#16316 = SURFACE_SIDE_STYLE('',(#16317));
#16317 = SURFACE_STYLE_FILL_AREA(#16318);
#16318 = FILL_AREA_STYLE('',(#16319));
#16319 = FILL_AREA_STYLE_COLOUR('',#15752);
#16320 = STYLED_ITEM('color',(#16321),#4603);
#16321 = PRESENTATION_STYLE_ASSIGNMENT((#16322));
#16322 = SURFACE_STYLE_USAGE(.BOTH.,#16323);
#16323 = SURFACE_SIDE_STYLE('',(#16324));
#16324 = SURFACE_STYLE_FILL_AREA(#16325);
#16325 = FILL_AREA_STYLE('',(#16326));
#16326 = FILL_AREA_STYLE_COLOUR('',#15752);
#16327 = STYLED_ITEM('color',(#16328),#4620);
#16328 = PRESENTATION_STYLE_ASSIGNMENT((#16329));
#16329 = SURFACE_STYLE_USAGE(.BOTH.,#16330);
#16330 = SURFACE_SIDE_STYLE('',(#16331));
#16331 = SURFACE_STYLE_FILL_AREA(#16332);
#16332 = FILL_AREA_STYLE('',(#16333));
#16333 = FILL_AREA_STYLE_COLOUR('',#15752);
#16334 = STYLED_ITEM('color',(#16335),#4637);
#16335 = PRESENTATION_STYLE_ASSIGNMENT((#16336));
#16336 = SURFACE_STYLE_USAGE(.BOTH.,#16337);
#16337 = SURFACE_SIDE_STYLE('',(#16338));
#16338 = SURFACE_STYLE_FILL_AREA(#16339);
#16339 = FILL_AREA_STYLE('',(#16340));
#16340 = FILL_AREA_STYLE_COLOUR('',#15752);
#16341 = STYLED_ITEM('color',(#16342),#4654);
#16342 = PRESENTATION_STYLE_ASSIGNMENT((#16343));
#16343 = SURFACE_STYLE_USAGE(.BOTH.,#16344);
#16344 = SURFACE_SIDE_STYLE('',(#16345));
#16345 = SURFACE_STYLE_FILL_AREA(#16346);
#16346 = FILL_AREA_STYLE('',(#16347));
#16347 = FILL_AREA_STYLE_COLOUR('',#15752);
#16348 = STYLED_ITEM('color',(#16349),#4671);
#16349 = PRESENTATION_STYLE_ASSIGNMENT((#16350));
#16350 = SURFACE_STYLE_USAGE(.BOTH.,#16351);
#16351 = SURFACE_SIDE_STYLE('',(#16352));
#16352 = SURFACE_STYLE_FILL_AREA(#16353);
#16353 = FILL_AREA_STYLE('',(#16354));
#16354 = FILL_AREA_STYLE_COLOUR('',#15752);
#16355 = STYLED_ITEM('color',(#16356),#4688);
#16356 = PRESENTATION_STYLE_ASSIGNMENT((#16357));
#16357 = SURFACE_STYLE_USAGE(.BOTH.,#16358);
#16358 = SURFACE_SIDE_STYLE('',(#16359));
#16359 = SURFACE_STYLE_FILL_AREA(#16360);
#16360 = FILL_AREA_STYLE('',(#16361));
#16361 = FILL_AREA_STYLE_COLOUR('',#15752);
#16362 = STYLED_ITEM('color',(#16363),#4705);
#16363 = PRESENTATION_STYLE_ASSIGNMENT((#16364));
#16364 = SURFACE_STYLE_USAGE(.BOTH.,#16365);
#16365 = SURFACE_SIDE_STYLE('',(#16366));
#16366 = SURFACE_STYLE_FILL_AREA(#16367);
#16367 = FILL_AREA_STYLE('',(#16368));
#16368 = FILL_AREA_STYLE_COLOUR('',#15752);
#16369 = STYLED_ITEM('color',(#16370),#4717);
#16370 = PRESENTATION_STYLE_ASSIGNMENT((#16371));
#16371 = SURFACE_STYLE_USAGE(.BOTH.,#16372);
#16372 = SURFACE_SIDE_STYLE('',(#16373));
#16373 = SURFACE_STYLE_FILL_AREA(#16374);
#16374 = FILL_AREA_STYLE('',(#16375));
#16375 = FILL_AREA_STYLE_COLOUR('',#15752);
#16376 = STYLED_ITEM('color',(#16377),#4734);
#16377 = PRESENTATION_STYLE_ASSIGNMENT((#16378));
#16378 = SURFACE_STYLE_USAGE(.BOTH.,#16379);
#16379 = SURFACE_SIDE_STYLE('',(#16380));
#16380 = SURFACE_STYLE_FILL_AREA(#16381);
#16381 = FILL_AREA_STYLE('',(#16382));
#16382 = FILL_AREA_STYLE_COLOUR('',#15752);
#16383 = STYLED_ITEM('color',(#16384),#4751);
#16384 = PRESENTATION_STYLE_ASSIGNMENT((#16385));
#16385 = SURFACE_STYLE_USAGE(.BOTH.,#16386);
#16386 = SURFACE_SIDE_STYLE('',(#16387));
#16387 = SURFACE_STYLE_FILL_AREA(#16388);
#16388 = FILL_AREA_STYLE('',(#16389));
#16389 = FILL_AREA_STYLE_COLOUR('',#15752);
#16390 = STYLED_ITEM('color',(#16391),#4768);
#16391 = PRESENTATION_STYLE_ASSIGNMENT((#16392));
#16392 = SURFACE_STYLE_USAGE(.BOTH.,#16393);
#16393 = SURFACE_SIDE_STYLE('',(#16394));
#16394 = SURFACE_STYLE_FILL_AREA(#16395);
#16395 = FILL_AREA_STYLE('',(#16396));
#16396 = FILL_AREA_STYLE_COLOUR('',#15752);
#16397 = STYLED_ITEM('color',(#16398),#4785);
#16398 = PRESENTATION_STYLE_ASSIGNMENT((#16399));
#16399 = SURFACE_STYLE_USAGE(.BOTH.,#16400);
#16400 = SURFACE_SIDE_STYLE('',(#16401));
#16401 = SURFACE_STYLE_FILL_AREA(#16402);
#16402 = FILL_AREA_STYLE('',(#16403));
#16403 = FILL_AREA_STYLE_COLOUR('',#15752);
#16404 = STYLED_ITEM('color',(#16405),#4802);
#16405 = PRESENTATION_STYLE_ASSIGNMENT((#16406));
#16406 = SURFACE_STYLE_USAGE(.BOTH.,#16407);
#16407 = SURFACE_SIDE_STYLE('',(#16408));
#16408 = SURFACE_STYLE_FILL_AREA(#16409);
#16409 = FILL_AREA_STYLE('',(#16410));
#16410 = FILL_AREA_STYLE_COLOUR('',#15752);
#16411 = STYLED_ITEM('color',(#16412),#4819);
#16412 = PRESENTATION_STYLE_ASSIGNMENT((#16413));
#16413 = SURFACE_STYLE_USAGE(.BOTH.,#16414);
#16414 = SURFACE_SIDE_STYLE('',(#16415));
#16415 = SURFACE_STYLE_FILL_AREA(#16416);
#16416 = FILL_AREA_STYLE('',(#16417));
#16417 = FILL_AREA_STYLE_COLOUR('',#15752);
#16418 = STYLED_ITEM('color',(#16419),#4836);
#16419 = PRESENTATION_STYLE_ASSIGNMENT((#16420));
#16420 = SURFACE_STYLE_USAGE(.BOTH.,#16421);
#16421 = SURFACE_SIDE_STYLE('',(#16422));
#16422 = SURFACE_STYLE_FILL_AREA(#16423);
#16423 = FILL_AREA_STYLE('',(#16424));
#16424 = FILL_AREA_STYLE_COLOUR('',#15752);
#16425 = STYLED_ITEM('color',(#16426),#4853);
#16426 = PRESENTATION_STYLE_ASSIGNMENT((#16427));
#16427 = SURFACE_STYLE_USAGE(.BOTH.,#16428);
#16428 = SURFACE_SIDE_STYLE('',(#16429));
#16429 = SURFACE_STYLE_FILL_AREA(#16430);
#16430 = FILL_AREA_STYLE('',(#16431));
#16431 = FILL_AREA_STYLE_COLOUR('',#15752);
#16432 = STYLED_ITEM('color',(#16433),#4865);
#16433 = PRESENTATION_STYLE_ASSIGNMENT((#16434));
#16434 = SURFACE_STYLE_USAGE(.BOTH.,#16435);
#16435 = SURFACE_SIDE_STYLE('',(#16436));
#16436 = SURFACE_STYLE_FILL_AREA(#16437);
#16437 = FILL_AREA_STYLE('',(#16438));
#16438 = FILL_AREA_STYLE_COLOUR('',#15752);
#16439 = STYLED_ITEM('color',(#16440),#4882);
#16440 = PRESENTATION_STYLE_ASSIGNMENT((#16441));
#16441 = SURFACE_STYLE_USAGE(.BOTH.,#16442);
#16442 = SURFACE_SIDE_STYLE('',(#16443));
#16443 = SURFACE_STYLE_FILL_AREA(#16444);
#16444 = FILL_AREA_STYLE('',(#16445));
#16445 = FILL_AREA_STYLE_COLOUR('',#15752);
#16446 = STYLED_ITEM('color',(#16447),#4899);
#16447 = PRESENTATION_STYLE_ASSIGNMENT((#16448));
#16448 = SURFACE_STYLE_USAGE(.BOTH.,#16449);
#16449 = SURFACE_SIDE_STYLE('',(#16450));
#16450 = SURFACE_STYLE_FILL_AREA(#16451);
#16451 = FILL_AREA_STYLE('',(#16452));
#16452 = FILL_AREA_STYLE_COLOUR('',#15752);
#16453 = STYLED_ITEM('color',(#16454),#4916);
#16454 = PRESENTATION_STYLE_ASSIGNMENT((#16455));
#16455 = SURFACE_STYLE_USAGE(.BOTH.,#16456);
#16456 = SURFACE_SIDE_STYLE('',(#16457));
#16457 = SURFACE_STYLE_FILL_AREA(#16458);
#16458 = FILL_AREA_STYLE('',(#16459));
#16459 = FILL_AREA_STYLE_COLOUR('',#15752);
#16460 = STYLED_ITEM('color',(#16461),#4933);
#16461 = PRESENTATION_STYLE_ASSIGNMENT((#16462));
#16462 = SURFACE_STYLE_USAGE(.BOTH.,#16463);
#16463 = SURFACE_SIDE_STYLE('',(#16464));
#16464 = SURFACE_STYLE_FILL_AREA(#16465);
#16465 = FILL_AREA_STYLE('',(#16466));
#16466 = FILL_AREA_STYLE_COLOUR('',#15752);
#16467 = STYLED_ITEM('color',(#16468),#4950);
#16468 = PRESENTATION_STYLE_ASSIGNMENT((#16469));
#16469 = SURFACE_STYLE_USAGE(.BOTH.,#16470);
#16470 = SURFACE_SIDE_STYLE('',(#16471));
#16471 = SURFACE_STYLE_FILL_AREA(#16472);
#16472 = FILL_AREA_STYLE('',(#16473));
#16473 = FILL_AREA_STYLE_COLOUR('',#15752);
#16474 = STYLED_ITEM('color',(#16475),#4967);
#16475 = PRESENTATION_STYLE_ASSIGNMENT((#16476));
#16476 = SURFACE_STYLE_USAGE(.BOTH.,#16477);
#16477 = SURFACE_SIDE_STYLE('',(#16478));
#16478 = SURFACE_STYLE_FILL_AREA(#16479);
#16479 = FILL_AREA_STYLE('',(#16480));
#16480 = FILL_AREA_STYLE_COLOUR('',#15752);
#16481 = STYLED_ITEM('color',(#16482),#4984);
#16482 = PRESENTATION_STYLE_ASSIGNMENT((#16483));
#16483 = SURFACE_STYLE_USAGE(.BOTH.,#16484);
#16484 = SURFACE_SIDE_STYLE('',(#16485));
#16485 = SURFACE_STYLE_FILL_AREA(#16486);
#16486 = FILL_AREA_STYLE('',(#16487));
#16487 = FILL_AREA_STYLE_COLOUR('',#15752);
#16488 = STYLED_ITEM('color',(#16489),#5001);
#16489 = PRESENTATION_STYLE_ASSIGNMENT((#16490));
#16490 = SURFACE_STYLE_USAGE(.BOTH.,#16491);
#16491 = SURFACE_SIDE_STYLE('',(#16492));
#16492 = SURFACE_STYLE_FILL_AREA(#16493);
#16493 = FILL_AREA_STYLE('',(#16494));
#16494 = FILL_AREA_STYLE_COLOUR('',#15752);
#16495 = STYLED_ITEM('color',(#16496),#5013);
#16496 = PRESENTATION_STYLE_ASSIGNMENT((#16497));
#16497 = SURFACE_STYLE_USAGE(.BOTH.,#16498);
#16498 = SURFACE_SIDE_STYLE('',(#16499));
#16499 = SURFACE_STYLE_FILL_AREA(#16500);
#16500 = FILL_AREA_STYLE('',(#16501));
#16501 = FILL_AREA_STYLE_COLOUR('',#15752);
#16502 = STYLED_ITEM('color',(#16503),#5030);
#16503 = PRESENTATION_STYLE_ASSIGNMENT((#16504));
#16504 = SURFACE_STYLE_USAGE(.BOTH.,#16505);
#16505 = SURFACE_SIDE_STYLE('',(#16506));
#16506 = SURFACE_STYLE_FILL_AREA(#16507);
#16507 = FILL_AREA_STYLE('',(#16508));
#16508 = FILL_AREA_STYLE_COLOUR('',#15752);
#16509 = STYLED_ITEM('color',(#16510),#5047);
#16510 = PRESENTATION_STYLE_ASSIGNMENT((#16511));
#16511 = SURFACE_STYLE_USAGE(.BOTH.,#16512);
#16512 = SURFACE_SIDE_STYLE('',(#16513));
#16513 = SURFACE_STYLE_FILL_AREA(#16514);
#16514 = FILL_AREA_STYLE('',(#16515));
#16515 = FILL_AREA_STYLE_COLOUR('',#15752);
#16516 = STYLED_ITEM('color',(#16517),#5064);
#16517 = PRESENTATION_STYLE_ASSIGNMENT((#16518));
#16518 = SURFACE_STYLE_USAGE(.BOTH.,#16519);
#16519 = SURFACE_SIDE_STYLE('',(#16520));
#16520 = SURFACE_STYLE_FILL_AREA(#16521);
#16521 = FILL_AREA_STYLE('',(#16522));
#16522 = FILL_AREA_STYLE_COLOUR('',#15752);
#16523 = STYLED_ITEM('color',(#16524),#5081);
#16524 = PRESENTATION_STYLE_ASSIGNMENT((#16525));
#16525 = SURFACE_STYLE_USAGE(.BOTH.,#16526);
#16526 = SURFACE_SIDE_STYLE('',(#16527));
#16527 = SURFACE_STYLE_FILL_AREA(#16528);
#16528 = FILL_AREA_STYLE('',(#16529));
#16529 = FILL_AREA_STYLE_COLOUR('',#15752);
#16530 = STYLED_ITEM('color',(#16531),#5098);
#16531 = PRESENTATION_STYLE_ASSIGNMENT((#16532));
#16532 = SURFACE_STYLE_USAGE(.BOTH.,#16533);
#16533 = SURFACE_SIDE_STYLE('',(#16534));
#16534 = SURFACE_STYLE_FILL_AREA(#16535);
#16535 = FILL_AREA_STYLE('',(#16536));
#16536 = FILL_AREA_STYLE_COLOUR('',#15752);
#16537 = STYLED_ITEM('color',(#16538),#5115);
#16538 = PRESENTATION_STYLE_ASSIGNMENT((#16539));
#16539 = SURFACE_STYLE_USAGE(.BOTH.,#16540);
#16540 = SURFACE_SIDE_STYLE('',(#16541));
#16541 = SURFACE_STYLE_FILL_AREA(#16542);
#16542 = FILL_AREA_STYLE('',(#16543));
#16543 = FILL_AREA_STYLE_COLOUR('',#15752);
#16544 = STYLED_ITEM('color',(#16545),#5132);
#16545 = PRESENTATION_STYLE_ASSIGNMENT((#16546));
#16546 = SURFACE_STYLE_USAGE(.BOTH.,#16547);
#16547 = SURFACE_SIDE_STYLE('',(#16548));
#16548 = SURFACE_STYLE_FILL_AREA(#16549);
#16549 = FILL_AREA_STYLE('',(#16550));
#16550 = FILL_AREA_STYLE_COLOUR('',#15752);
#16551 = STYLED_ITEM('color',(#16552),#5149);
#16552 = PRESENTATION_STYLE_ASSIGNMENT((#16553));
#16553 = SURFACE_STYLE_USAGE(.BOTH.,#16554);
#16554 = SURFACE_SIDE_STYLE('',(#16555));
#16555 = SURFACE_STYLE_FILL_AREA(#16556);
#16556 = FILL_AREA_STYLE('',(#16557));
#16557 = FILL_AREA_STYLE_COLOUR('',#15752);
#16558 = STYLED_ITEM('color',(#16559),#5161);
#16559 = PRESENTATION_STYLE_ASSIGNMENT((#16560));
#16560 = SURFACE_STYLE_USAGE(.BOTH.,#16561);
#16561 = SURFACE_SIDE_STYLE('',(#16562));
#16562 = SURFACE_STYLE_FILL_AREA(#16563);
#16563 = FILL_AREA_STYLE('',(#16564));
#16564 = FILL_AREA_STYLE_COLOUR('',#15752);
#16565 = STYLED_ITEM('color',(#16566),#5178);
#16566 = PRESENTATION_STYLE_ASSIGNMENT((#16567));
#16567 = SURFACE_STYLE_USAGE(.BOTH.,#16568);
#16568 = SURFACE_SIDE_STYLE('',(#16569));
#16569 = SURFACE_STYLE_FILL_AREA(#16570);
#16570 = FILL_AREA_STYLE('',(#16571));
#16571 = FILL_AREA_STYLE_COLOUR('',#15752);
#16572 = STYLED_ITEM('color',(#16573),#5195);
#16573 = PRESENTATION_STYLE_ASSIGNMENT((#16574));
#16574 = SURFACE_STYLE_USAGE(.BOTH.,#16575);
#16575 = SURFACE_SIDE_STYLE('',(#16576));
#16576 = SURFACE_STYLE_FILL_AREA(#16577);
#16577 = FILL_AREA_STYLE('',(#16578));
#16578 = FILL_AREA_STYLE_COLOUR('',#15752);
#16579 = STYLED_ITEM('color',(#16580),#5212);
#16580 = PRESENTATION_STYLE_ASSIGNMENT((#16581));
#16581 = SURFACE_STYLE_USAGE(.BOTH.,#16582);
#16582 = SURFACE_SIDE_STYLE('',(#16583));
#16583 = SURFACE_STYLE_FILL_AREA(#16584);
#16584 = FILL_AREA_STYLE('',(#16585));
#16585 = FILL_AREA_STYLE_COLOUR('',#15752);
#16586 = STYLED_ITEM('color',(#16587),#5229);
#16587 = PRESENTATION_STYLE_ASSIGNMENT((#16588));
#16588 = SURFACE_STYLE_USAGE(.BOTH.,#16589);
#16589 = SURFACE_SIDE_STYLE('',(#16590));
#16590 = SURFACE_STYLE_FILL_AREA(#16591);
#16591 = FILL_AREA_STYLE('',(#16592));
#16592 = FILL_AREA_STYLE_COLOUR('',#15752);
#16593 = STYLED_ITEM('color',(#16594),#5246);
#16594 = PRESENTATION_STYLE_ASSIGNMENT((#16595));
#16595 = SURFACE_STYLE_USAGE(.BOTH.,#16596);
#16596 = SURFACE_SIDE_STYLE('',(#16597));
#16597 = SURFACE_STYLE_FILL_AREA(#16598);
#16598 = FILL_AREA_STYLE('',(#16599));
#16599 = FILL_AREA_STYLE_COLOUR('',#15752);
#16600 = STYLED_ITEM('color',(#16601),#5263);
#16601 = PRESENTATION_STYLE_ASSIGNMENT((#16602));
#16602 = SURFACE_STYLE_USAGE(.BOTH.,#16603);
#16603 = SURFACE_SIDE_STYLE('',(#16604));
#16604 = SURFACE_STYLE_FILL_AREA(#16605);
#16605 = FILL_AREA_STYLE('',(#16606));
#16606 = FILL_AREA_STYLE_COLOUR('',#15752);
#16607 = STYLED_ITEM('color',(#16608),#5280);
#16608 = PRESENTATION_STYLE_ASSIGNMENT((#16609));
#16609 = SURFACE_STYLE_USAGE(.BOTH.,#16610);
#16610 = SURFACE_SIDE_STYLE('',(#16611));
#16611 = SURFACE_STYLE_FILL_AREA(#16612);
#16612 = FILL_AREA_STYLE('',(#16613));
#16613 = FILL_AREA_STYLE_COLOUR('',#15752);
#16614 = STYLED_ITEM('color',(#16615),#5297);
#16615 = PRESENTATION_STYLE_ASSIGNMENT((#16616));
#16616 = SURFACE_STYLE_USAGE(.BOTH.,#16617);
#16617 = SURFACE_SIDE_STYLE('',(#16618));
#16618 = SURFACE_STYLE_FILL_AREA(#16619);
#16619 = FILL_AREA_STYLE('',(#16620));
#16620 = FILL_AREA_STYLE_COLOUR('',#15752);
#16621 = STYLED_ITEM('color',(#16622),#5309);
#16622 = PRESENTATION_STYLE_ASSIGNMENT((#16623));
#16623 = SURFACE_STYLE_USAGE(.BOTH.,#16624);
#16624 = SURFACE_SIDE_STYLE('',(#16625));
#16625 = SURFACE_STYLE_FILL_AREA(#16626);
#16626 = FILL_AREA_STYLE('',(#16627));
#16627 = FILL_AREA_STYLE_COLOUR('',#15752);
#16628 = STYLED_ITEM('color',(#16629),#5326);
#16629 = PRESENTATION_STYLE_ASSIGNMENT((#16630));
#16630 = SURFACE_STYLE_USAGE(.BOTH.,#16631);
#16631 = SURFACE_SIDE_STYLE('',(#16632));
#16632 = SURFACE_STYLE_FILL_AREA(#16633);
#16633 = FILL_AREA_STYLE('',(#16634));
#16634 = FILL_AREA_STYLE_COLOUR('',#15752);
#16635 = STYLED_ITEM('color',(#16636),#5343);
#16636 = PRESENTATION_STYLE_ASSIGNMENT((#16637));
#16637 = SURFACE_STYLE_USAGE(.BOTH.,#16638);
#16638 = SURFACE_SIDE_STYLE('',(#16639));
#16639 = SURFACE_STYLE_FILL_AREA(#16640);
#16640 = FILL_AREA_STYLE('',(#16641));
#16641 = FILL_AREA_STYLE_COLOUR('',#15752);
#16642 = STYLED_ITEM('color',(#16643),#5360);
#16643 = PRESENTATION_STYLE_ASSIGNMENT((#16644));
#16644 = SURFACE_STYLE_USAGE(.BOTH.,#16645);
#16645 = SURFACE_SIDE_STYLE('',(#16646));
#16646 = SURFACE_STYLE_FILL_AREA(#16647);
#16647 = FILL_AREA_STYLE('',(#16648));
#16648 = FILL_AREA_STYLE_COLOUR('',#15752);
#16649 = STYLED_ITEM('color',(#16650),#5377);
#16650 = PRESENTATION_STYLE_ASSIGNMENT((#16651));
#16651 = SURFACE_STYLE_USAGE(.BOTH.,#16652);
#16652 = SURFACE_SIDE_STYLE('',(#16653));
#16653 = SURFACE_STYLE_FILL_AREA(#16654);
#16654 = FILL_AREA_STYLE('',(#16655));
#16655 = FILL_AREA_STYLE_COLOUR('',#15752);
#16656 = STYLED_ITEM('color',(#16657),#5394);
#16657 = PRESENTATION_STYLE_ASSIGNMENT((#16658));
#16658 = SURFACE_STYLE_USAGE(.BOTH.,#16659);
#16659 = SURFACE_SIDE_STYLE('',(#16660));
#16660 = SURFACE_STYLE_FILL_AREA(#16661);
#16661 = FILL_AREA_STYLE('',(#16662));
#16662 = FILL_AREA_STYLE_COLOUR('',#15752);
#16663 = STYLED_ITEM('color',(#16664),#5411);
#16664 = PRESENTATION_STYLE_ASSIGNMENT((#16665));
#16665 = SURFACE_STYLE_USAGE(.BOTH.,#16666);
#16666 = SURFACE_SIDE_STYLE('',(#16667));
#16667 = SURFACE_STYLE_FILL_AREA(#16668);
#16668 = FILL_AREA_STYLE('',(#16669));
#16669 = FILL_AREA_STYLE_COLOUR('',#15752);
#16670 = STYLED_ITEM('color',(#16671),#5428);
#16671 = PRESENTATION_STYLE_ASSIGNMENT((#16672));
#16672 = SURFACE_STYLE_USAGE(.BOTH.,#16673);
#16673 = SURFACE_SIDE_STYLE('',(#16674));
#16674 = SURFACE_STYLE_FILL_AREA(#16675);
#16675 = FILL_AREA_STYLE('',(#16676));
#16676 = FILL_AREA_STYLE_COLOUR('',#15752);
#16677 = STYLED_ITEM('color',(#16678),#5445);
#16678 = PRESENTATION_STYLE_ASSIGNMENT((#16679));
#16679 = SURFACE_STYLE_USAGE(.BOTH.,#16680);
#16680 = SURFACE_SIDE_STYLE('',(#16681));
#16681 = SURFACE_STYLE_FILL_AREA(#16682);
#16682 = FILL_AREA_STYLE('',(#16683));
#16683 = FILL_AREA_STYLE_COLOUR('',#15752);
#16684 = STYLED_ITEM('color',(#16685),#5457);
#16685 = PRESENTATION_STYLE_ASSIGNMENT((#16686));
#16686 = SURFACE_STYLE_USAGE(.BOTH.,#16687);
#16687 = SURFACE_SIDE_STYLE('',(#16688));
#16688 = SURFACE_STYLE_FILL_AREA(#16689);
#16689 = FILL_AREA_STYLE('',(#16690));
#16690 = FILL_AREA_STYLE_COLOUR('',#15674);
#16691 = STYLED_ITEM('color',(#16692),#5507);
#16692 = PRESENTATION_STYLE_ASSIGNMENT((#16693));
#16693 = SURFACE_STYLE_USAGE(.BOTH.,#16694);
#16694 = SURFACE_SIDE_STYLE('',(#16695));
#16695 = SURFACE_STYLE_FILL_AREA(#16696);
#16696 = FILL_AREA_STYLE('',(#16697));
#16697 = FILL_AREA_STYLE_COLOUR('',#15752);
#16698 = STYLED_ITEM('color',(#16699),#5538);
#16699 = PRESENTATION_STYLE_ASSIGNMENT((#16700));
#16700 = SURFACE_STYLE_USAGE(.BOTH.,#16701);
#16701 = SURFACE_SIDE_STYLE('',(#16702));
#16702 = SURFACE_STYLE_FILL_AREA(#16703);
#16703 = FILL_AREA_STYLE('',(#16704));
#16704 = FILL_AREA_STYLE_COLOUR('',#15752);
#16705 = STYLED_ITEM('color',(#16706),#5562);
#16706 = PRESENTATION_STYLE_ASSIGNMENT((#16707));
#16707 = SURFACE_STYLE_USAGE(.BOTH.,#16708);
#16708 = SURFACE_SIDE_STYLE('',(#16709));
#16709 = SURFACE_STYLE_FILL_AREA(#16710);
#16710 = FILL_AREA_STYLE('',(#16711));
#16711 = FILL_AREA_STYLE_COLOUR('',#15752);
#16712 = STYLED_ITEM('color',(#16713),#5586);
#16713 = PRESENTATION_STYLE_ASSIGNMENT((#16714));
#16714 = SURFACE_STYLE_USAGE(.BOTH.,#16715);
#16715 = SURFACE_SIDE_STYLE('',(#16716));
#16716 = SURFACE_STYLE_FILL_AREA(#16717);
#16717 = FILL_AREA_STYLE('',(#16718));
#16718 = FILL_AREA_STYLE_COLOUR('',#15752);
#16719 = STYLED_ITEM('color',(#16720),#5603);
#16720 = PRESENTATION_STYLE_ASSIGNMENT((#16721));
#16721 = SURFACE_STYLE_USAGE(.BOTH.,#16722);
#16722 = SURFACE_SIDE_STYLE('',(#16723));
#16723 = SURFACE_STYLE_FILL_AREA(#16724);
#16724 = FILL_AREA_STYLE('',(#16725));
#16725 = FILL_AREA_STYLE_COLOUR('',#15752);
#16726 = MECHANICAL_DESIGN_GEOMETRIC_PRESENTATION_REPRESENTATION('',(
    #16727,#16734,#16741,#16748,#16755,#16762,#16769,#16776,#16783,
    #16790,#16797,#16805,#16812,#16819,#16826,#16833,#16840,#16847,
    #16854,#16861,#16868,#16875,#16882,#16889,#16896,#16903,#16910,
    #16917),#946);
#16727 = STYLED_ITEM('color',(#16728),#94);
#16728 = PRESENTATION_STYLE_ASSIGNMENT((#16729));
#16729 = SURFACE_STYLE_USAGE(.BOTH.,#16730);
#16730 = SURFACE_SIDE_STYLE('',(#16731));
#16731 = SURFACE_STYLE_FILL_AREA(#16732);
#16732 = FILL_AREA_STYLE('',(#16733));
#16733 = FILL_AREA_STYLE_COLOUR('',#15752);
#16734 = STYLED_ITEM('color',(#16735),#170);
#16735 = PRESENTATION_STYLE_ASSIGNMENT((#16736));
#16736 = SURFACE_STYLE_USAGE(.BOTH.,#16737);
#16737 = SURFACE_SIDE_STYLE('',(#16738));
#16738 = SURFACE_STYLE_FILL_AREA(#16739);
#16739 = FILL_AREA_STYLE('',(#16740));
#16740 = FILL_AREA_STYLE_COLOUR('',#15752);
#16741 = STYLED_ITEM('color',(#16742),#201);
#16742 = PRESENTATION_STYLE_ASSIGNMENT((#16743));
#16743 = SURFACE_STYLE_USAGE(.BOTH.,#16744);
#16744 = SURFACE_SIDE_STYLE('',(#16745));
#16745 = SURFACE_STYLE_FILL_AREA(#16746);
#16746 = FILL_AREA_STYLE('',(#16747));
#16747 = FILL_AREA_STYLE_COLOUR('',#15752);
#16748 = STYLED_ITEM('color',(#16749),#226);
#16749 = PRESENTATION_STYLE_ASSIGNMENT((#16750));
#16750 = SURFACE_STYLE_USAGE(.BOTH.,#16751);
#16751 = SURFACE_SIDE_STYLE('',(#16752));
#16752 = SURFACE_STYLE_FILL_AREA(#16753);
#16753 = FILL_AREA_STYLE('',(#16754));
#16754 = FILL_AREA_STYLE_COLOUR('',#15752);
#16755 = STYLED_ITEM('color',(#16756),#251);
#16756 = PRESENTATION_STYLE_ASSIGNMENT((#16757));
#16757 = SURFACE_STYLE_USAGE(.BOTH.,#16758);
#16758 = SURFACE_SIDE_STYLE('',(#16759));
#16759 = SURFACE_STYLE_FILL_AREA(#16760);
#16760 = FILL_AREA_STYLE('',(#16761));
#16761 = FILL_AREA_STYLE_COLOUR('',#15752);
#16762 = STYLED_ITEM('color',(#16763),#275);
#16763 = PRESENTATION_STYLE_ASSIGNMENT((#16764));
#16764 = SURFACE_STYLE_USAGE(.BOTH.,#16765);
#16765 = SURFACE_SIDE_STYLE('',(#16766));
#16766 = SURFACE_STYLE_FILL_AREA(#16767);
#16767 = FILL_AREA_STYLE('',(#16768));
#16768 = FILL_AREA_STYLE_COLOUR('',#15752);
#16769 = STYLED_ITEM('color',(#16770),#299);
#16770 = PRESENTATION_STYLE_ASSIGNMENT((#16771));
#16771 = SURFACE_STYLE_USAGE(.BOTH.,#16772);
#16772 = SURFACE_SIDE_STYLE('',(#16773));
#16773 = SURFACE_STYLE_FILL_AREA(#16774);
#16774 = FILL_AREA_STYLE('',(#16775));
#16775 = FILL_AREA_STYLE_COLOUR('',#15752);
#16776 = STYLED_ITEM('color',(#16777),#324);
#16777 = PRESENTATION_STYLE_ASSIGNMENT((#16778));
#16778 = SURFACE_STYLE_USAGE(.BOTH.,#16779);
#16779 = SURFACE_SIDE_STYLE('',(#16780));
#16780 = SURFACE_STYLE_FILL_AREA(#16781);
#16781 = FILL_AREA_STYLE('',(#16782));
#16782 = FILL_AREA_STYLE_COLOUR('',#15752);
#16783 = STYLED_ITEM('color',(#16784),#349);
#16784 = PRESENTATION_STYLE_ASSIGNMENT((#16785));
#16785 = SURFACE_STYLE_USAGE(.BOTH.,#16786);
#16786 = SURFACE_SIDE_STYLE('',(#16787));
#16787 = SURFACE_STYLE_FILL_AREA(#16788);
#16788 = FILL_AREA_STYLE('',(#16789));
#16789 = FILL_AREA_STYLE_COLOUR('',#15752);
#16790 = STYLED_ITEM('color',(#16791),#366);
#16791 = PRESENTATION_STYLE_ASSIGNMENT((#16792));
#16792 = SURFACE_STYLE_USAGE(.BOTH.,#16793);
#16793 = SURFACE_SIDE_STYLE('',(#16794));
#16794 = SURFACE_STYLE_FILL_AREA(#16795);
#16795 = FILL_AREA_STYLE('',(#16796));
#16796 = FILL_AREA_STYLE_COLOUR('',#15752);
#16797 = STYLED_ITEM('color',(#16798),#452);
#16798 = PRESENTATION_STYLE_ASSIGNMENT((#16799));
#16799 = SURFACE_STYLE_USAGE(.BOTH.,#16800);
#16800 = SURFACE_SIDE_STYLE('',(#16801));
#16801 = SURFACE_STYLE_FILL_AREA(#16802);
#16802 = FILL_AREA_STYLE('',(#16803));
#16803 = FILL_AREA_STYLE_COLOUR('',#16804);
#16804 = COLOUR_RGB('',0.379000005575,0.270000008848,0.214999999939);
#16805 = STYLED_ITEM('color',(#16806),#484);
#16806 = PRESENTATION_STYLE_ASSIGNMENT((#16807));
#16807 = SURFACE_STYLE_USAGE(.BOTH.,#16808);
#16808 = SURFACE_SIDE_STYLE('',(#16809));
#16809 = SURFACE_STYLE_FILL_AREA(#16810);
#16810 = FILL_AREA_STYLE('',(#16811));
#16811 = FILL_AREA_STYLE_COLOUR('',#16804);
#16812 = STYLED_ITEM('color',(#16813),#508);
#16813 = PRESENTATION_STYLE_ASSIGNMENT((#16814));
#16814 = SURFACE_STYLE_USAGE(.BOTH.,#16815);
#16815 = SURFACE_SIDE_STYLE('',(#16816));
#16816 = SURFACE_STYLE_FILL_AREA(#16817);
#16817 = FILL_AREA_STYLE('',(#16818));
#16818 = FILL_AREA_STYLE_COLOUR('',#16804);
#16819 = STYLED_ITEM('color',(#16820),#533);
#16820 = PRESENTATION_STYLE_ASSIGNMENT((#16821));
#16821 = SURFACE_STYLE_USAGE(.BOTH.,#16822);
#16822 = SURFACE_SIDE_STYLE('',(#16823));
#16823 = SURFACE_STYLE_FILL_AREA(#16824);
#16824 = FILL_AREA_STYLE('',(#16825));
#16825 = FILL_AREA_STYLE_COLOUR('',#16804);
#16826 = STYLED_ITEM('color',(#16827),#557);
#16827 = PRESENTATION_STYLE_ASSIGNMENT((#16828));
#16828 = SURFACE_STYLE_USAGE(.BOTH.,#16829);
#16829 = SURFACE_SIDE_STYLE('',(#16830));
#16830 = SURFACE_STYLE_FILL_AREA(#16831);
#16831 = FILL_AREA_STYLE('',(#16832));
#16832 = FILL_AREA_STYLE_COLOUR('',#16804);
#16833 = STYLED_ITEM('color',(#16834),#582);
#16834 = PRESENTATION_STYLE_ASSIGNMENT((#16835));
#16835 = SURFACE_STYLE_USAGE(.BOTH.,#16836);
#16836 = SURFACE_SIDE_STYLE('',(#16837));
#16837 = SURFACE_STYLE_FILL_AREA(#16838);
#16838 = FILL_AREA_STYLE('',(#16839));
#16839 = FILL_AREA_STYLE_COLOUR('',#16804);
#16840 = STYLED_ITEM('color',(#16841),#606);
#16841 = PRESENTATION_STYLE_ASSIGNMENT((#16842));
#16842 = SURFACE_STYLE_USAGE(.BOTH.,#16843);
#16843 = SURFACE_SIDE_STYLE('',(#16844));
#16844 = SURFACE_STYLE_FILL_AREA(#16845);
#16845 = FILL_AREA_STYLE('',(#16846));
#16846 = FILL_AREA_STYLE_COLOUR('',#16804);
#16847 = STYLED_ITEM('color',(#16848),#631);
#16848 = PRESENTATION_STYLE_ASSIGNMENT((#16849));
#16849 = SURFACE_STYLE_USAGE(.BOTH.,#16850);
#16850 = SURFACE_SIDE_STYLE('',(#16851));
#16851 = SURFACE_STYLE_FILL_AREA(#16852);
#16852 = FILL_AREA_STYLE('',(#16853));
#16853 = FILL_AREA_STYLE_COLOUR('',#16804);
#16854 = STYLED_ITEM('color',(#16855),#648);
#16855 = PRESENTATION_STYLE_ASSIGNMENT((#16856));
#16856 = SURFACE_STYLE_USAGE(.BOTH.,#16857);
#16857 = SURFACE_SIDE_STYLE('',(#16858));
#16858 = SURFACE_STYLE_FILL_AREA(#16859);
#16859 = FILL_AREA_STYLE('',(#16860));
#16860 = FILL_AREA_STYLE_COLOUR('',#15752);
#16861 = STYLED_ITEM('color',(#16862),#734);
#16862 = PRESENTATION_STYLE_ASSIGNMENT((#16863));
#16863 = SURFACE_STYLE_USAGE(.BOTH.,#16864);
#16864 = SURFACE_SIDE_STYLE('',(#16865));
#16865 = SURFACE_STYLE_FILL_AREA(#16866);
#16866 = FILL_AREA_STYLE('',(#16867));
#16867 = FILL_AREA_STYLE_COLOUR('',#15752);
#16868 = STYLED_ITEM('color',(#16869),#765);
#16869 = PRESENTATION_STYLE_ASSIGNMENT((#16870));
#16870 = SURFACE_STYLE_USAGE(.BOTH.,#16871);
#16871 = SURFACE_SIDE_STYLE('',(#16872));
#16872 = SURFACE_STYLE_FILL_AREA(#16873);
#16873 = FILL_AREA_STYLE('',(#16874));
#16874 = FILL_AREA_STYLE_COLOUR('',#15752);
#16875 = STYLED_ITEM('color',(#16876),#790);
#16876 = PRESENTATION_STYLE_ASSIGNMENT((#16877));
#16877 = SURFACE_STYLE_USAGE(.BOTH.,#16878);
#16878 = SURFACE_SIDE_STYLE('',(#16879));
#16879 = SURFACE_STYLE_FILL_AREA(#16880);
#16880 = FILL_AREA_STYLE('',(#16881));
#16881 = FILL_AREA_STYLE_COLOUR('',#15752);
#16882 = STYLED_ITEM('color',(#16883),#815);
#16883 = PRESENTATION_STYLE_ASSIGNMENT((#16884));
#16884 = SURFACE_STYLE_USAGE(.BOTH.,#16885);
#16885 = SURFACE_SIDE_STYLE('',(#16886));
#16886 = SURFACE_STYLE_FILL_AREA(#16887);
#16887 = FILL_AREA_STYLE('',(#16888));
#16888 = FILL_AREA_STYLE_COLOUR('',#15752);
#16889 = STYLED_ITEM('color',(#16890),#839);
#16890 = PRESENTATION_STYLE_ASSIGNMENT((#16891));
#16891 = SURFACE_STYLE_USAGE(.BOTH.,#16892);
#16892 = SURFACE_SIDE_STYLE('',(#16893));
#16893 = SURFACE_STYLE_FILL_AREA(#16894);
#16894 = FILL_AREA_STYLE('',(#16895));
#16895 = FILL_AREA_STYLE_COLOUR('',#15752);
#16896 = STYLED_ITEM('color',(#16897),#863);
#16897 = PRESENTATION_STYLE_ASSIGNMENT((#16898));
#16898 = SURFACE_STYLE_USAGE(.BOTH.,#16899);
#16899 = SURFACE_SIDE_STYLE('',(#16900));
#16900 = SURFACE_STYLE_FILL_AREA(#16901);
#16901 = FILL_AREA_STYLE('',(#16902));
#16902 = FILL_AREA_STYLE_COLOUR('',#15752);
#16903 = STYLED_ITEM('color',(#16904),#888);
#16904 = PRESENTATION_STYLE_ASSIGNMENT((#16905));
#16905 = SURFACE_STYLE_USAGE(.BOTH.,#16906);
#16906 = SURFACE_SIDE_STYLE('',(#16907));
#16907 = SURFACE_STYLE_FILL_AREA(#16908);
#16908 = FILL_AREA_STYLE('',(#16909));
#16909 = FILL_AREA_STYLE_COLOUR('',#15752);
#16910 = STYLED_ITEM('color',(#16911),#913);
#16911 = PRESENTATION_STYLE_ASSIGNMENT((#16912));
#16912 = SURFACE_STYLE_USAGE(.BOTH.,#16913);
#16913 = SURFACE_SIDE_STYLE('',(#16914));
#16914 = SURFACE_STYLE_FILL_AREA(#16915);
#16915 = FILL_AREA_STYLE('',(#16916));
#16916 = FILL_AREA_STYLE_COLOUR('',#15752);
#16917 = STYLED_ITEM('color',(#16918),#930);
#16918 = PRESENTATION_STYLE_ASSIGNMENT((#16919));
#16919 = SURFACE_STYLE_USAGE(.BOTH.,#16920);
#16920 = SURFACE_SIDE_STYLE('',(#16921));
#16921 = SURFACE_STYLE_FILL_AREA(#16922);
#16922 = FILL_AREA_STYLE('',(#16923));
#16923 = FILL_AREA_STYLE_COLOUR('',#15752);
ENDSEC;
END-ISO-10303-21;
